sample_id,cgr_num,cgr_id_full,did_i_seq_badly,did_i_fail,plate_num,well_num,user,submitted_conc_ngul,submitted_vol_ngul,water_added_prior,bead_cleanup_needed,elution_volume_ul,fold_dilution,qubit_kit,measured_conc_ngul_cgr,actual_conc_ngul,vol_remaining_ul,total_quant_ng,sample_number,tub_label,plate_name,well,organism,quant_method,lstm_conc_ngul,purification_method,suspension_buffer,X260_280,X260_230,sample_vol_ul,Pop,sample.number,collection.year,sine.PCR.result,average.picogreen.value,failed.after.repeat,estimated.total.DNA,plate,conc_ng_ul,input_conc,notes,District,Treatment,Sample,bam_file,total_reads,mapped_reads,mapped_bases,sequenced_bases,mean_insert_size,median_insert_size,mean_mapping_quality,general_error_rate,mean_coverage,percentage_aligned,testornot
bun_1,1,26169_1,NA,NA,plate 1,A1,Tristan,4.8642,42,35,Yes,20,None,DNA HS,5.38,NA,18,96.84,1,bun_1,plate 1,A1,Anopheles gambiae,picogreen,4.8642,Qiagen DNEasy,Qiagen elution buffer,1,1,42,Bunbuna,1,2014,gambiae,4.86,NA,462,NA,NA,NA,NA,Bunkpurugu Nakpanduri,PM,1_220322_L001.srt.dp,results/1_220322_L001/1_220322_L001.srt.dp.bam,24746526,23670430,1563924711,1559124696,38274.8255,59,40.4807,0.0237,5.1126,95.65152700625535,Not_test
bun_2,2,26169_2,NA,NA,plate 1,B1,Tristan,2.8756,70,7,Yes,20,None,DNA HS,5.58,NA,18,100.44,2,bun_2,plate 1,B1,Anopheles gambiae,picogreen,2.8756,Qiagen DNEasy,Qiagen elution buffer,1,1,70,Bunbuna,2,2014,gambiae,2.88,NA,273,NA,NA,NA,NA,Bunkpurugu Nakpanduri,PM,2_220322_L001.srt.dp,results/2_220322_L001/2_220322_L001.srt.dp.bam,23472735,22452999,1481816820,1477461075,39907.0177,59,40.3004,0.023,4.8442,95.65565751072468,Not_test
bun_3,3,26169_3,NA,NA,plate 1,C1,Tristan,4.369,46,31,Yes,20,None,DNA HS,4.44,NA,18,79.92,3,bun_3,plate 1,C1,Anopheles gambiae,picogreen,4.369,Qiagen DNEasy,Qiagen elution buffer,1,1,46,Bunbuna,3,2014,gambiae,4.37,NA,415,NA,NA,NA,NA,Bunkpurugu Nakpanduri,PM,3_220322_L001.srt.dp,results/3_220322_L001/3_220322_L001.srt.dp.bam,21514345,20666379,1393586596,1389494990,37213.2278,61,40.4784,0.0229,4.5557,96.05860183054608,Not_test
bun_4,4,26169_4,NA,NA,plate 1,D1,Tristan,2.5432,69,8,Yes,20,None,DNA HS,3.56,NA,18,64.08,4,bun_4,plate 1,D1,Anopheles gambiae,picogreen,2.5432,Qiagen DNEasy,Qiagen elution buffer,1,1,79,Bunbuna,4,2014,gambiae,2.54,NA,242,NA,NA,NA,NA,Bunkpurugu Nakpanduri,PM,4_220322_L001.srt.dp,results/4_220322_L001/4_220322_L001.srt.dp.bam,23997735,23010365,1477208501,1473170730,34232.5731,58,40.0027,0.0217,4.8291,95.8855700340053,Not_test
bun_5,5,26169_5,NA,NA,plate 1,E1,Tristan,3.4256,59,18,Yes,20,None,DNA HS,4.96,NA,18,89.28,5,bun_5,plate 1,E1,Anopheles gambiae,picogreen,3.4256,Qiagen DNEasy,Qiagen elution buffer,1,1,59,Bunbuna,5,2014,gambiae,3.43,NA,325,NA,NA,NA,NA,Bunkpurugu Nakpanduri,PM,5_220322_L001.srt.dp,results/5_220322_L001/5_220322_L001.srt.dp.bam,49250272,47576289,3284341032,3275024576,50436.828,61,40.3253,0.0224,10.7368,96.6010685179566,Not_test
bun_6,6,26169_6,NA,NA,plate 1,F1,Tristan,3.4396,59,18,Yes,20,None,DNA HS,5.38,NA,18,96.84,6,bun_6,plate 1,F1,Anopheles gambiae,picogreen,3.4396,Qiagen DNEasy,Qiagen elution buffer,1,1,59,Bunbuna,6,2014,gambiae,3.44,NA,327,NA,NA,NA,NA,Bunkpurugu Nakpanduri,PM,6_220322_L001.srt.dp,results/6_220322_L001/6_220322_L001.srt.dp.bam,54153721,52287499,3521256481,3511802191,34668.8988,60,40.306,0.0218,11.5113,96.55384345611265,Not_test
bun_7,7,26169_7,NA,NA,plate 1,G1,Tristan,8.5896,24,53,Yes,20,None,DNA HS,2.08,NA,18,37.44,7,bun_7,plate 1,G1,Anopheles gambiae,picogreen,8.5896,Qiagen DNEasy,Qiagen elution buffer,1,1,24,Bunbuna,7,2014,gambiae,8.59,NA,816,NA,NA,NA,NA,Bunkpurugu Nakpanduri,PM,7_220322_L001.srt.dp,results/7_220322_L001/7_220322_L001.srt.dp.bam,50356957,48560143,3638373486,3626438786,37942.1741,66,41.0564,0.024,11.8941,96.43184555413067,Not_test
bun_8,8,26169_8,NA,NA,plate 1,H1,Tristan,3.9772,45,32,Yes,20,None,DNA HS,1.02,NA,18,18.36,8,bun_8,plate 1,H1,Anopheles gambiae,picogreen,3.9772,Qiagen DNEasy,Qiagen elution buffer,1,1,51,Bunbuna,8,2014,gambiae,3.98,NA,378,NA,NA,NA,NA,Bunkpurugu Nakpanduri,PM,8_220322_L001.srt.dp,results/8_220322_L001/8_220322_L001.srt.dp.bam,31006422,29767221,2114129659,2107206384,38534.4452,63,40.8046,0.0241,6.9112,96.00340535905755,Not_test
bun_9,9,26169_9,NA,NA,plate 1,A2,Tristan,2.9396,69,8,Yes,20,None,DNA HS,3.16,NA,18,56.88,9,bun_9,plate 1,A2,Anopheles gambiae,picogreen,2.9396,Qiagen DNEasy,Qiagen elution buffer,1,1,69,Bunbuna,9,2014,gambiae,2.94,NA,279,NA,NA,NA,NA,Bunkpurugu Nakpanduri,PM,9_220322_L001.srt.dp,results/9_220322_L001/9_220322_L001.srt.dp.bam,20976721,18826152,1182864353,1179619084,27759.3552,57,39.9909,0.022,3.8669,89.74783046406539,Not_test
bun_10,10,26169_10,NA,NA,plate 1,B2,Tristan,3.3848,60,17,Yes,20,None,DNA HS,4.72,NA,18,84.96,10,bun_10,plate 1,B2,Anopheles gambiae,picogreen,3.3848,Qiagen DNEasy,Qiagen elution buffer,1,1,60,Bunbuna,10,2014,gambiae,3.38,NA,322,NA,NA,NA,NA,Bunkpurugu Nakpanduri,PM,10_220322_L001.srt.dp,results/10_220322_L001/10_220322_L001.srt.dp.bam,19288968,18558366,1270797975,1266929739,45513.1418,63,40.4719,0.0233,4.1543,96.21233235495025,Not_test
bun_11,11,26169_11,NA,NA,plate 1,C2,Tristan,2.2816,70,7,Yes,20,None,DNA HS,4.22,NA,18,75.96,11,bun_11,plate 1,C2,Anopheles gambiae,picogreen,2.2816,Qiagen DNEasy,Qiagen elution buffer,1,1,88,Bunbuna,11,2014,gambiae,2.28,NA,217,NA,NA,NA,NA,Bunkpurugu Nakpanduri,PM,11_220322_L001.srt.dp,results/11_220322_L001/11_220322_L001.srt.dp.bam,45976139,42668826,2699484806,2692558562,37666.5856,58,39.9826,0.0219,8.8248,92.80645771494645,Not_test
bun_12,12,26169_12,NA,NA,plate 1,D2,Tristan,5.486,37,40,Yes,20,None,DNA HS,4.32,NA,18,77.76,12,bun_12,plate 1,D2,Anopheles gambiae,picogreen,5.486,Qiagen DNEasy,Qiagen elution buffer,1,1,37,Bunbuna,12,2014,gambiae,5.49,NA,521,NA,NA,NA,NA,Bunkpurugu Nakpanduri,PM,12_220322_L001.srt.dp,results/12_220322_L001/12_220322_L001.srt.dp.bam,35238496,33820111,2137072480,2131311172,32628.4246,58,39.931,0.0214,6.9863,95.97489915574148,Not_test
bun_13,13,26169_13,NA,NA,plate 1,E2,Tristan,2.6468,76,1,Yes,20,None,DNA HS,5.4,NA,18,97.2,13,bun_13,plate 1,E2,Anopheles gambiae,picogreen,2.6468,Qiagen DNEasy,Qiagen elution buffer,1,1,76,Bunbuna,13,2014,gambiae,2.65,NA,251,NA,NA,NA,NA,Bunkpurugu Nakpanduri,PM,13_220322_L001.srt.dp,results/13_220322_L001/13_220322_L001.srt.dp.bam,52686755,50041650,3281273033,3272502161,46674.4099,60,40.1854,0.0219,10.7267,94.97956364934602,Not_test
bun_16,16,26169_16,NA,NA,plate 1,H2,Tristan,14.7718,14,63,Yes,20,None,DNA HS,4.22,NA,18,75.96,16,bun_16,plate 1,H2,Anopheles gambiae,picogreen,14.7718,Qiagen DNEasy,Qiagen elution buffer,1,1,14,Bunbuna,16,2018,gambiae,14.77,NA,1403,NA,NA,NA,NA,Bunkpurugu Nakpanduri,PM,16_220322_L001.srt.dp,results/16_220322_L001/16_220322_L001.srt.dp.bam,25888673,24928585,1860411004,1854420753,33086.9302,68,41.0679,0.0232,6.0818,96.29147465379937,Not_test
bun_17,17,26169_17,NA,NA,plate 1,A3,Tristan,0.4202,72,5,Yes,20,None,DNA HS,0.624,NA,18,11.232,17,bun_17,plate 1,A3,Anopheles gambiae,picogreen,0.4202,Qiagen DNEasy,Qiagen elution buffer,1,1,90,Bunbuna,17,2018,gambiae,0.42,NA,40,NA,NA,NA,NA,Bunkpurugu Nakpanduri,PM,17_220322_L001.srt.dp,results/17_220322_L001/17_220322_L001.srt.dp.bam,22751450,17756892,1242111747,1236811788,36724.5419,63,39.834,0.0318,4.0606,78.04729808429792,Not_test
bun_19,19,26169_19,NA,NA,plate 1,C3,Tristan,14.42,14,63,Yes,20,None,DNA HS,4.9,NA,18,88.2,19,bun_19,plate 1,C3,Anopheles gambiae,picogreen,14.42,Qiagen DNEasy,Qiagen elution buffer,1,1,14,Bunbuna,19,2018,gambiae,14.42,NA,1370,NA,NA,NA,NA,Bunkpurugu Nakpanduri,PM,19_220322_L001.srt.dp,results/19_220322_L001/19_220322_L001.srt.dp.bam,32926755,31684921,2293721136,2286916044,35784.8182,66,40.7886,0.0223,7.4983,96.22849564131054,Not_test
bun_21,21,26169_21,NA,NA,plate 1,E3,Tristan,5.2232,39,38,Yes,20,None,DNA HS,5.32,NA,18,95.76,21,bun_21,plate 1,E3,Anopheles gambiae,picogreen,5.2232,Qiagen DNEasy,Qiagen elution buffer,1,1,39,Bunbuna,21,2018,gambiae,5.22,NA,496,NA,NA,NA,NA,Bunkpurugu Nakpanduri,PM,21_220322_L001.srt.dp,results/21_220322_L001/21_220322_L001.srt.dp.bam,27449112,25781238,1712673539,1707607671,31452.0399,60,40.2001,0.0218,5.5989,93.9237597194401,Not_test
bun_22,22,26169_22,NA,NA,plate 1,F3,Tristan,3.0384,66,11,Yes,20,None,DNA HS,1.41,NA,18,25.38,22,bun_22,plate 1,F3,Anopheles gambiae,picogreen,3.0384,Qiagen DNEasy,Qiagen elution buffer,1,1,66,Bunbuna,22,2018,gambiae,3.04,NA,289,NA,NA,NA,NA,Bunkpurugu Nakpanduri,PM,22_220322_L001.srt.dp,results/22_220322_L001/22_220322_L001.srt.dp.bam,62592793,54806717,3572911801,3563361159,30072.1985,59,39.837,0.021,11.6801,87.56074680994026,Not_test
bun_23,23,26169_23,NA,NA,plate 1,G3,Tristan,9.8772,21,56,Yes,20,None,DNA HS,2.38,NA,18,42.84,23,bun_23,plate 1,G3,Anopheles gambiae,picogreen,9.8772,Qiagen DNEasy,Qiagen elution buffer,1,1,21,Bunbuna,23,2018,gambiae,9.88,NA,938,NA,NA,NA,NA,Bunkpurugu Nakpanduri,PM,23_220322_L001.srt.dp,results/23_220322_L001/23_220322_L001.srt.dp.bam,24598551,23686653,1770457385,1764627347,38585.082,68,40.8622,0.0236,5.7878,96.29287920251888,Not_test
bun_24,24,26169_24,NA,NA,plate 1,H3,Tristan,0.7976,73,4,Yes,20,None,DNA HS,0.786,NA,18,14.148,24,bun_24,plate 1,H3,Anopheles gambiae,picogreen,0.7976,Qiagen DNEasy,Qiagen elution buffer,1,1,90,Bunbuna,24,2018,gambiae,0.8,NA,76,NA,NA,NA,NA,Bunkpurugu Nakpanduri,PM,24_220322_L001.srt.dp,results/24_220322_L001/24_220322_L001.srt.dp.bam,35127139,22709278,1604621932,1599729189,37874.806,62,40.1758,0.0228,5.2456,64.64881184886706,Not_test
bun_25,25,26169_25,NA,NA,plate 1,A4,Tristan,3.688,55,22,Yes,20,None,DNA HS,3.42,NA,18,61.56,25,bun_25,plate 1,A4,Anopheles gambiae,picogreen,3.688,Qiagen DNEasy,Qiagen elution buffer,1,1,55,Bunbuna,25,2018,gambiae,3.69,NA,350,NA,NA,NA,NA,Bunkpurugu Nakpanduri,PM,25_220322_L001.srt.dp,results/25_220322_L001/25_220322_L001.srt.dp.bam,24680962,23323176,1668643400,1663218368,38941.9323,66,40.9015,0.0234,5.4549,94.49865041727304,Not_test
bun_26,26,26169_26,NA,NA,plate 1,B4,Tristan,2.6116,77,0,Yes,20,None,DNA HS,3.44,NA,18,61.92,26,bun_26,plate 1,B4,Anopheles gambiae,picogreen,2.6116,Qiagen DNEasy,Qiagen elution buffer,1,1,77,Bunbuna,26,2018,gambiae,2.61,NA,248,NA,NA,NA,NA,Bunkpurugu Nakpanduri,PM,26_220322_L001.srt.dp,results/26_220322_L001/26_220322_L001.srt.dp.bam,32883139,31630167,2227529918,2221072143,39685.7945,65,40.6251,0.0224,7.282,96.1896216781494,Not_test
bun_27,27,26169_27,NA,NA,plate 1,C4,Tristan,21.6436,10,67,Yes,20,None,DNA HS,2.1,NA,18,37.8,27,bun_27,plate 1,C4,Anopheles gambiae,picogreen,21.6436,Qiagen DNEasy,Qiagen elution buffer,1,1,10,Bunbuna,27,2018,gambiae,21.64,NA,2056,NA,NA,NA,NA,Bunkpurugu Nakpanduri,PM,27_220322_L001.srt.dp,results/27_220322_L001/27_220322_L001.srt.dp.bam,23148407,21473093,1548691048,1543674364,24773.4087,65,41.0819,0.0226,5.0628,92.76272445011011,Not_test
bun_29,29,26169_29,NA,NA,plate 1,E4,Tristan,7.5056,27,50,Yes,20,None,DNA HS,2.76,NA,18,49.68,29,bun_29,plate 1,E4,Anopheles gambiae,picogreen,7.5056,Qiagen DNEasy,Qiagen elution buffer,1,1,27,Bunbuna,29,2018,gambiae,7.51,NA,713,NA,NA,NA,NA,Bunkpurugu Nakpanduri,PM,29_220322_L001.srt.dp,results/29_220322_L001/29_220322_L001.srt.dp.bam,30576279,29332062,1928156602,1923026771,27525.3629,60,40.0223,0.021,6.3033,95.9307769267804,Not_test
bun_30,30,26169_30,NA,NA,plate 1,F4,Tristan,3.7216,54,23,Yes,20,None,DNA HS,3.02,NA,18,54.36,30,bun_30,plate 1,F4,Anopheles gambiae,picogreen,3.7216,Qiagen DNEasy,Qiagen elution buffer,1,1,54,Bunbuna,30,2018,gambiae,3.72,NA,354,NA,NA,NA,NA,Bunkpurugu Nakpanduri,PM,30_220322_L001.srt.dp,results/30_220322_L001/30_220322_L001.srt.dp.bam,30025289,27929107,1821752532,1816902165,30004.2953,59,39.9867,0.0211,5.9554,93.01861174425332,Not_test
bun_31,31,26169_31,NA,NA,plate 1,G4,Tristan,16.0228,13,64,Yes,20,None,DNA HS,5.48,NA,18,98.64,31,bun_31,plate 1,G4,Anopheles gambiae,picogreen,16.0228,Qiagen DNEasy,Qiagen elution buffer,1,1,13,Bunbuna,31,2020,gambiae,16.02,NA,1522,NA,NA,NA,NA,Bunkpurugu Nakpanduri,CLD,31_220322_L001.srt.dp,results/31_220322_L001/31_220322_L001.srt.dp.bam,31764783,30828091,2536474135,2527373278,40323.5029,75,41.6661,0.0243,8.2919,97.05116197393825,Not_test
bun_33,33,26169_33,NA,NA,plate 1,A5,Tristan,23.3252,10,67,Yes,20,None,DNA HS,4.28,NA,18,77.04,33,bun_33,plate 1,A5,Anopheles gambiae,picogreen,23.3252,Qiagen DNEasy,Qiagen elution buffer,1,1,10,Bunbuna,33,2020,gambiae,23.33,NA,2216,NA,NA,NA,NA,Bunkpurugu Nakpanduri,CLD,33_220322_L001.srt.dp,results/33_220322_L001/33_220322_L001.srt.dp.bam,27048305,26200334,2068887614,2061906723,32625.7873,72,41.4931,0.0241,6.7634,96.8649754577967,Not_test
bun_34,34,26169_34,NA,NA,plate 1,B5,Tristan,14.6098,14,63,Yes,20,None,DNA HS,5.9,NA,18,106.2,34,bun_34,plate 1,B5,Anopheles gambiae,picogreen,14.6098,Qiagen DNEasy,Qiagen elution buffer,1,1,14,Bunbuna,34,2020,gambiae,14.61,NA,1388,NA,NA,NA,NA,Bunkpurugu Nakpanduri,CLD,34_220322_L001.srt.dp,results/34_220322_L001/34_220322_L001.srt.dp.bam,15351927,14925567,1217272422,1212803405,40311.6474,76,41.5799,0.0247,3.9794,97.22275907122278,Not_test
bun_35,35,26169_35,NA,NA,plate 1,C5,Tristan,22.1052,10,67,Yes,20,None,DNA HS,6.06,NA,18,109.08,35,bun_35,plate 1,C5,Anopheles gambiae,picogreen,22.1052,Qiagen DNEasy,Qiagen elution buffer,1,1,10,Bunbuna,35,2020,gambiae,22.11,NA,2100,NA,NA,NA,NA,Bunkpurugu Nakpanduri,CLD,35_220322_L001.srt.dp,results/35_220322_L001/35_220322_L001.srt.dp.bam,49242250,46718125,3735633401,3718408842,45891.4308,70,41.0973,0.032,12.2121,94.874066477466,Not_test
bun_36,36,26169_36,NA,NA,plate 1,D5,Tristan,22.2774,10,67,Yes,20,None,DNA HS,4.92,NA,18,88.56,36,bun_36,plate 1,D5,Anopheles gambiae,picogreen,22.2774,Qiagen DNEasy,Qiagen elution buffer,1,1,10,Bunbuna,36,2020,gambiae,22.28,NA,2116,NA,NA,NA,NA,Bunkpurugu Nakpanduri,CLD,36_220322_L001.srt.dp,results/36_220322_L001/36_220322_L001.srt.dp.bam,17426768,16915020,1361522348,1356727225,33836.4842,74,41.6693,0.0237,4.4509,97.0634371215592,Not_test
bun_37,37,26169_37,NA,NA,plate 1,E5,Tristan,24.0164,10,67,Yes,20,None,DNA HS,2.56,NA,18,46.08,37,bun_37,plate 1,E5,Anopheles gambiae,picogreen,24.0164,Qiagen DNEasy,Qiagen elution buffer,1,1,10,Bunbuna,37,2020,gambiae,24.02,NA,2282,NA,NA,NA,NA,Bunkpurugu Nakpanduri,CLD,37_220322_L001.srt.dp,results/37_220322_L001/37_220322_L001.srt.dp.bam,17816322,17130217,1213116789,1209311453,26392.2513,63,40.8169,0.0222,3.9658,96.1490087572508,Not_test
bun_39,39,26169_39,NA,NA,plate 1,G5,Tristan,31.8568,10,67,Yes,20,None,DNA HS,3.78,NA,18,68.04,39,bun_39,plate 1,G5,Anopheles gambiae,picogreen,31.8568,Qiagen DNEasy,Qiagen elution buffer,1,1,10,Bunbuna,39,2020,gambiae,31.86,NA,3026,NA,NA,NA,NA,Bunkpurugu Nakpanduri,CLD,39_220322_L001.srt.dp,results/39_220322_L001/39_220322_L001.srt.dp.bam,23119972,22452118,1877867560,1871304121,40072.5781,77,41.9593,0.0244,6.1389,97.11135463312844,Not_test
bun_41,41,26169_41,NA,NA,plate 1,A6,Tristan,11.3428,18,59,Yes,20,None,DNA HS,3.88,NA,18,69.84,41,bun_41,plate 1,A6,Anopheles gambiae,picogreen,11.3428,Qiagen DNEasy,Qiagen elution buffer,1,1,18,Bunbuna,41,2020,gambiae,11.34,NA,1078,NA,NA,NA,NA,Bunkpurugu Nakpanduri,CLD,41_220322_L001.srt.dp,results/41_220322_L001/41_220322_L001.srt.dp.bam,10474055,10192688,886058158,882682783,45458.6202,82,42.2573,0.0256,2.8966,97.31367650828643,Not_test
bun_42,42,26169_42,NA,NA,plate 1,B6,Tristan,12.7612,16,61,Yes,20,None,DNA HS,3.18,NA,18,57.24,42,bun_42,plate 1,B6,Anopheles gambiae,picogreen,12.7612,Qiagen DNEasy,Qiagen elution buffer,1,1,16,Bunbuna,42,2020,gambiae,12.76,NA,1212,NA,NA,NA,NA,Bunkpurugu Nakpanduri,CLD,42_220322_L001.srt.dp,results/42_220322_L001/42_220322_L001.srt.dp.bam,17348906,16827080,1362084241,1357285016,37570.7249,74,41.5879,0.0244,4.4528,96.99216769057368,Not_test
bun_43,43,26169_43,NA,NA,plate 1,C6,Tristan,20.1692,10,67,Yes,20,None,DNA HS,2.42,NA,18,43.56,43,bun_43,plate 1,C6,Anopheles gambiae,picogreen,20.1692,Qiagen DNEasy,Qiagen elution buffer,1,1,10,Bunbuna,43,2020,gambiae,20.17,NA,1916,NA,NA,NA,NA,Bunkpurugu Nakpanduri,CLD,43_220322_L001.srt.dp,results/43_220322_L001/43_220322_L001.srt.dp.bam,15873726,15023911,1097532252,1094115717,26679.5272,66,40.9778,0.0225,3.5879,94.6464050091327,Not_test
bun_44,44,26169_44,NA,NA,plate 1,D6,Tristan,29.0624,10,67,Yes,20,None,DNA HS,4.74,NA,18,85.32,44,bun_44,plate 1,D6,Anopheles gambiae,picogreen,29.0624,Qiagen DNEasy,Qiagen elution buffer,1,1,10,Bunbuna,44,2020,gambiae,29.06,NA,2761,NA,NA,NA,NA,Bunkpurugu Nakpanduri,CLD,44_220322_L001.srt.dp,results/44_220322_L001/44_220322_L001.srt.dp.bam,21259035,20361042,1499185342,1494593840,26968.5076,65,40.9887,0.022,4.901,95.77594655637003,Not_test
bun_45,45,26169_45,NA,NA,plate 1,E6,Tristan,23.0748,10,67,Yes,20,None,DNA HS,2.56,NA,18,46.08,45,bun_45,plate 1,E6,Anopheles gambiae,picogreen,23.0748,Qiagen DNEasy,Qiagen elution buffer,1,1,10,Bunbuna,45,2020,gambiae,23.07,NA,2192,NA,NA,NA,NA,Bunkpurugu Nakpanduri,CLD,45_220322_L001.srt.dp,results/45_220322_L001/45_220322_L001.srt.dp.bam,23295812,22664786,1918083905,1911025358,40818.5374,79,41.9458,0.0247,6.2704,97.29124702757733,Not_test
gbu_16,52,26169_52,NA,NA,plate 1,D7,Tristan,2.3456,67,10,Yes,20,None,DNA HS,3.46,NA,18,62.28,52,gbu_16,plate 1,D7,Anopheles gambiae,picogreen,2.3456,Qiagen DNEasy,Qiagen elution buffer,1,1,86,Gbullung,16,2014,gambiae,2.35,NA,223,NA,NA,NA,NA,Kumbungu,NSp,52_220322_L001.srt.dp,results/52_220322_L001/52_220322_L001.srt.dp.bam,16097287,14942866,1010528070,1007415411,38618.7909,63,40.3758,0.0239,3.3035,92.82847476099543,Not_test
gbu_18,53,26169_53,NA,NA,plate 1,E7,Tristan,1.6406,75,2,Yes,20,None,DNA HS,3.18,NA,18,57.24,53,gbu_18,plate 1,E7,Anopheles gambiae,picogreen,1.6406,Qiagen DNEasy,Qiagen elution buffer,1,1,90,Gbullung,18,2014,gambiae,1.64,NA,156,NA,NA,NA,NA,Kumbungu,NSp,53_220322_L001.srt.dp,results/53_220322_L001/53_220322_L001.srt.dp.bam,26737405,25702160,1770919066,1765607119,48817.2399,64,40.566,0.0235,5.7893,96.1281021849353,Not_test
gbu_23,57,26169_57,NA,NA,plate 1,A8,Tristan,0.8294,72,5,Yes,20,None,DNA HS,1.23,NA,18,22.14,57,gbu_23,plate 1,A8,Anopheles gambiae,picogreen,0.8294,Qiagen DNEasy,Qiagen elution buffer,1,1,90,Gbullung,23,2014,gambiae,0.83,NA,79,NA,NA,NA,NA,Kumbungu,NSp,57_220322_L001.srt.dp,results/57_220322_L001/57_220322_L001.srt.dp.bam,19594082,18329134,1192109023,1188626160,29298.5411,59,39.9207,0.0228,3.8971,93.54423442751745,Not_test
gbu_24,58,26169_58,NA,NA,plate 1,B8,Tristan,0.4175,72,5,Yes,20,None,DNA HS,0.528,NA,18,9.504,58,gbu_24,plate 1,B8,Anopheles gambiae,picogreen,0.4175,Qiagen DNEasy,Qiagen elution buffer,1,1,90,Gbullung,24,2014,gambiae,0.42,NA,40,NA,NA,NA,NA,Kumbungu,NSp,58_220322_L001.srt.dp,results/58_220322_L001/58_220322_L001.srt.dp.bam,23662641,21165002,1403504352,1399707075,32552.3345,61,40.1304,0.0217,4.5882,89.44480035005391,Not_test
gbu_25,59,26169_59,NA,NA,plate 1,C8,Tristan,1.8737,72,5,Yes,20,None,DNA HS,3.62,NA,18,65.16,59,gbu_25,plate 1,C8,Anopheles gambiae,picogreen,1.8737,Qiagen DNEasy,Qiagen elution buffer,1,1,90,Gbullung,25,2014,gambiae,1.87,NA,178,NA,NA,NA,NA,Kumbungu,NSp,59_220322_L001.srt.dp,results/59_220322_L001/59_220322_L001.srt.dp.bam,62354579,59966149,4193616118,4181521192,39319.9122,63,40.5191,0.0229,13.7092,96.16959966965698,Not_test
gbu_26,60,26169_60,NA,NA,plate 1,D8,Tristan,1.0883,72,5,Yes,20,None,DNA HS,1.69,NA,18,30.42,60,gbu_26,plate 1,D8,Anopheles gambiae,picogreen,1.0883,Qiagen DNEasy,Qiagen elution buffer,1,1,90,Gbullung,26,2014,gambiae,1.09,NA,103,NA,NA,NA,NA,Kumbungu,NSp,60_220322_L001.srt.dp,results/60_220322_L001/60_220322_L001.srt.dp.bam,20055653,18328969,1245337835,1241834562,33045.2966,63,40.2934,0.0233,4.0711,91.3905371218778,Not_test
gbu_32,63,26169_63,NA,NA,plate 1,G8,Tristan,5.858,35,42,Yes,20,None,DNA HS,6.46,NA,18,116.28,63,gbu_32,plate 1,G8,Anopheles gambiae,picogreen,5.858,Qiagen DNEasy,Qiagen elution buffer,1,1,35,Gbullung,32,2016,gambiae,5.86,NA,557,NA,NA,NA,NA,Kumbungu,PM,63_220322_L001.srt.dp,results/63_220322_L001/63_220322_L001.srt.dp.bam,47863098,46360375,3496392068,3485403116,53790.7009,70,40.957,0.0236,11.43,96.86037247317338,Not_test
gbu_33,64,26169_64,NA,NA,plate 1,H8,Tristan,5.8868,34,43,Yes,20,None,DNA HS,4.72,NA,18,84.96,64,gbu_33,plate 1,H8,Anopheles gambiae,picogreen,5.8868,Qiagen DNEasy,Qiagen elution buffer,1,1,34,Gbullung,33,2016,gambiae,5.89,NA,559,NA,NA,NA,NA,Kumbungu,PM,64_220322_L001.srt.dp,results/64_220322_L001/64_220322_L001.srt.dp.bam,32443432,31339642,2305047376,2297873036,51520.1638,68,40.7659,0.0234,7.5354,96.59780136700704,Not_test
gbu_36,67,26169_67,NA,NA,plate 1,C9,Tristan,5.2914,38,39,Yes,20,None,DNA HS,4.5,NA,18,81,67,gbu_36,plate 1,C9,Anopheles gambiae,picogreen,5.2914,Qiagen DNEasy,Qiagen elution buffer,1,1,38,Gbullung,36,2016,gambiae,5.29,NA,503,NA,NA,NA,NA,Kumbungu,PM,67_220322_L001.srt.dp,results/67_220322_L001/67_220322_L001.srt.dp.bam,20107835,19489234,1477434555,1472547786,41091.9929,70,41.2118,0.0243,4.8298,96.92358227526732,Not_test
gbu_37,68,26169_68,NA,NA,plate 1,D9,Tristan,0.3378,71,6,Yes,20,None,DNA HS,0.512,NA,18,9.216,68,gbu_37,plate 1,D9,Anopheles gambiae,picogreen,0.3378,Qiagen DNEasy,Qiagen elution buffer,1,1,90,Gbullung,37,2016,gambiae,0.34,NA,32,NA,NA,NA,NA,Kumbungu,PM,68_220322_L001.srt.dp,results/68_220322_L001/68_220322_L001.srt.dp.bam,25033578,22963288,1710059301,1704965947,50734.2379,68,40.7242,0.0233,5.5903,91.72994767268186,Not_test
gbu_40,71,26169_71,NA,NA,plate 1,G9,Tristan,3.3455,60,17,Yes,20,None,DNA HS,5.6,NA,18,100.8,71,gbu_40,plate 1,G9,Anopheles gambiae,picogreen,3.3455,Qiagen DNEasy,Qiagen elution buffer,1,1,60,Gbullung,40,2016,gambiae,3.35,NA,318,NA,NA,NA,NA,Kumbungu,PM,71_220322_L001.srt.dp,results/71_220322_L001/71_220322_L001.srt.dp.bam,19308535,18589648,1319899521,1315675387,55527.0064,66,40.6367,0.0239,4.3149,96.27684337522241,Not_test
gbu_41,72,26169_72,NA,NA,plate 1,H9,Tristan,1.0559,73,4,Yes,20,None,DNA HS,1.9,NA,18,34.2,72,gbu_41,plate 1,H9,Anopheles gambiae,picogreen,1.0559,Qiagen DNEasy,Qiagen elution buffer,1,1,90,Gbullung,41,2016,gambiae,1.06,NA,100,NA,NA,NA,NA,Kumbungu,PM,72_220322_L001.srt.dp,results/72_220322_L001/72_220322_L001.srt.dp.bam,15677690,14917359,989141090,986242597,33384.1936,61,40.3404,0.0232,3.2336,95.15023578090906,Not_test
gbu_42,73,26169_73,NA,NA,plate 1,A10,Tristan,7.2349,28,49,Yes,20,None,DNA HS,5.02,NA,18,90.36,73,gbu_42,plate 1,A10,Anopheles gambiae,picogreen,7.2349,Qiagen DNEasy,Qiagen elution buffer,1,1,28,Gbullung,42,2016,gambiae,7.23,NA,687,NA,NA,NA,NA,Kumbungu,PM,73_220322_L001.srt.dp,results/73_220322_L001/73_220322_L001.srt.dp.bam,27688770,26715986,1958477728,1951913108,41236.3571,67,41.2075,0.0247,6.4024,96.48672006737749,Not_test
gbu_44,74,26169_74,NA,NA,plate 1,B10,Tristan,4.9381,41,36,Yes,20,None,DNA HS,5.82,NA,18,104.76,74,gbu_44,plate 1,B10,Anopheles gambiae,picogreen,4.9381,Qiagen DNEasy,Qiagen elution buffer,1,1,41,Gbullung,44,2016,gambiae,4.94,NA,469,NA,NA,NA,NA,Kumbungu,PM,74_220322_L001.srt.dp,results/74_220322_L001/74_220322_L001.srt.dp.bam,11984681,11616938,867402781,864656187,62908.2259,69,40.8539,0.0235,2.8356,96.93155787792766,Not_test
gbu_45,75,26169_75,NA,NA,plate 1,C10,Tristan,2.9816,68,9,Yes,20,None,DNA HS,6.22,NA,18,111.96,75,gbu_45,plate 1,C10,Anopheles gambiae,picogreen,2.9816,Qiagen DNEasy,Qiagen elution buffer,1,1,68,Gbullung,45,2016,gambiae,2.98,NA,283,NA,NA,NA,NA,Kumbungu,PM,75_220322_L001.srt.dp,results/75_220322_L001/75_220322_L001.srt.dp.bam,24741135,23787492,1724542479,1719377975,81286.7829,65,40.5523,0.0237,5.6377,96.14551636373999,Not_test
gbu_48,78,26169_78,NA,NA,plate 1,F10,Tristan,20.28,10,67,Yes,20,None,DNA HS,6.36,NA,18,114.48,78,gbu_48,plate 1,F10,Anopheles gambiae,picogreen,20.28,Qiagen DNEasy,Qiagen elution buffer,1,1,10,Gbullung,48,2018,gambiae,20.28,NA,1927,NA,NA,NA,NA,Kumbungu,PM,78_220322_L001.srt.dp,results/78_220322_L001/78_220322_L001.srt.dp.bam,22478116,21686679,1825103026,1818743456,45499.3816,76,41.9213,0.0246,5.9664,96.4790776949456,Not_test
gbu_50,80,26169_80,NA,NA,plate 1,H10,Tristan,4.9268,41,36,Yes,20,None,DNA HS,6,NA,18,108,80,gbu_50,plate 1,H10,Anopheles gambiae,picogreen,4.9268,Qiagen DNEasy,Qiagen elution buffer,1,1,41,Gbullung,50,2018,gambiae,4.93,NA,468,NA,NA,NA,NA,Kumbungu,PM,80_220322_L001.srt.dp,results/80_220322_L001/80_220322_L001.srt.dp.bam,18438229,17780680,1319872751,1315669361,42372.6895,66,41.218,0.0237,4.3148,96.43377354734015,Not_test
gbu_51,81,26169_81,NA,NA,plate 1,A11,Tristan,9.3224,22,55,Yes,20,None,DNA HS,5.06,NA,18,91.08,81,gbu_51,plate 1,A11,Anopheles gambiae,picogreen,9.3224,Qiagen DNEasy,Qiagen elution buffer,1,1,22,Gbullung,51,2018,gambiae,9.32,NA,886,NA,NA,NA,NA,Kumbungu,PM,81_220322_L001.srt.dp,results/81_220322_L001/81_220322_L001.srt.dp.bam,17711578,17196666,1474109542,1468804435,57460.1232,80,42.0161,0.0258,4.819,97.09279432922352,Not_test
gbu_53,83,26169_83,NA,NA,plate 1,C11,Tristan,13.4923,15,62,Yes,20,None,DNA HS,4.74,NA,18,85.32,83,gbu_53,plate 1,C11,Anopheles gambiae,picogreen,13.4923,Qiagen DNEasy,Qiagen elution buffer,1,1,15,Gbullung,53,2018,gambiae,13.49,NA,1282,NA,NA,NA,NA,Kumbungu,PM,83_220322_L001.srt.dp,results/83_220322_L001/83_220322_L001.srt.dp.bam,14582728,14011058,1180037399,1175933668,45792.7151,78,41.8785,0.0248,3.8576,96.07981442155405,Not_test
gbu_54,84,26169_84,NA,NA,plate 1,D11,Tristan,7.9352,26,51,Yes,20,None,DNA HS,4.88,NA,18,87.84,84,gbu_54,plate 1,D11,Anopheles gambiae,picogreen,7.9352,Qiagen DNEasy,Qiagen elution buffer,1,1,26,Gbullung,54,2018,gambiae,7.94,NA,754,NA,NA,NA,NA,Kumbungu,PM,84_220322_L001.srt.dp,results/84_220322_L001/84_220322_L001.srt.dp.bam,17067165,16481408,1251244437,1247347442,43066.1368,67,41.1859,0.0233,4.0904,96.56793029187918,Not_test
gbu_59,89,26169_89,NA,NA,plate 2,A1,Tristan,7.1533,28,47,Yes,20,None,DNA HS,5.68,NA,18,102.24,89,gbu_59,plate 2,A1,Anopheles gambiae,picogreen,7.1533,Qiagen DNEasy,Qiagen elution buffer,1,1,28,Gbullung,59,2018,gambiae,7.15,NA,680,NA,NA,NA,NA,Kumbungu,PM,89_220322_L001.srt.dp,results/89_220322_L001/89_220322_L001.srt.dp.bam,16389347,15658064,1232550034,1228117170,47073.0033,73,41.956,0.0251,4.0293,95.53805895988413,Not_test
gbu_61,90,26169_90,NA,NA,plate 2,B1,Tristan,26.3644,10,65,Yes,20,None,DNA HS,6.02,NA,18,108.36,90,gbu_61,plate 2,B1,Anopheles gambiae,picogreen,26.3644,Qiagen DNEasy,Qiagen elution buffer,1,1,10,Gbullung,61,2020,gambiae,26.36,NA,2505,NA,NA,NA,NA,Kumbungu,CLD+DM,90_220322_L001.srt.dp,results/90_220322_L001/90_220322_L001.srt.dp.bam,21057219,20488902,1905766255,1898200791,55072.7621,93,42.5221,0.026,6.2301,97.30108235090303,Not_test
gbu_62,91,26169_91,NA,NA,plate 2,C1,Tristan,13.4242,15,60,Yes,20,None,DNA HS,4.28,NA,18,77.04,91,gbu_62,plate 2,C1,Anopheles gambiae,picogreen,13.4242,Qiagen DNEasy,Qiagen elution buffer,1,1,15,Gbullung,62,2020,gambiae,13.42,NA,1275,NA,NA,NA,NA,Kumbungu,CLD+DM,91_220322_L001.srt.dp,results/91_220322_L001/91_220322_L001.srt.dp.bam,7427316,7257264,695077099,692228884,64355.0734,98,42.2883,0.0267,2.2723,97.71045152784666,Not_test
gbu_63,92,26169_92,NA,NA,plate 2,D1,Tristan,20.1236,10,65,Yes,20,None,DNA HS,5.16,NA,18,92.88,92,gbu_63,plate 2,D1,Anopheles gambiae,picogreen,20.1236,Qiagen DNEasy,Qiagen elution buffer,1,1,10,Gbullung,63,2020,gambiae,20.12,NA,1912,NA,NA,NA,NA,Kumbungu,CLD+DM,92_220322_L001.srt.dp,results/92_220322_L001/92_220322_L001.srt.dp.bam,20017130,19492297,1754687389,1747720356,53157.0673,88,42.2147,0.0262,5.7362,97.3780806739028,Not_test
gbu_64,93,26169_93,NA,NA,plate 2,E1,Tristan,14.6412,14,61,Yes,20,None,DNA HS,5.22,NA,18,93.96,93,gbu_64,plate 2,E1,Anopheles gambiae,picogreen,14.6412,Qiagen DNEasy,Qiagen elution buffer,1,1,14,Gbullung,64,2020,gambiae,14.64,NA,1391,NA,NA,NA,NA,Kumbungu,CLD+DM,93_220322_L001.srt.dp,results/93_220322_L001/93_220322_L001.srt.dp.bam,19699559,19129659,1795317993,1788162079,54985.421,94,42.4311,0.026,5.869,97.10704183784013,Not_test
gbu_67,96,26169_96,NA,NA,plate 2,H1,Tristan,16.4008,13,62,Yes,20,None,DNA HS,4.76,NA,18,85.68,96,gbu_67,plate 2,H1,Anopheles gambiae,picogreen,16.4008,Qiagen DNEasy,Qiagen elution buffer,1,1,13,Gbullung,67,2020,gambiae,16.4,NA,1558,NA,NA,NA,NA,Kumbungu,CLD+DM,96_220322_L001.srt.dp,results/96_220322_L001/96_220322_L001.srt.dp.bam,25937898,25302656,2267237232,2258861099,51700.7856,87,42.1496,0.0247,7.4118,97.55091179709319,Not_test
gbu_68,97,26169_97,NA,NA,plate 2,A2,Tristan,20.0935,10,65,Yes,20,None,DNA HS,4.2,NA,18,75.6,97,gbu_68,plate 2,A2,Anopheles gambiae,picogreen,20.0935,Qiagen DNEasy,Qiagen elution buffer,1,1,10,Gbullung,68,2020,gambiae,20.09,NA,1909,NA,NA,NA,NA,Kumbungu,CLD+DM,97_220322_L001.srt.dp,results/97_220322_L001/97_220322_L001.srt.dp.bam,24872592,24228557,2136456818,2128386874,52483.1994,85,41.9589,0.0254,6.9842,97.41066391472188,Not_test
gbu_69,98,26169_98,NA,NA,plate 2,B2,Tristan,18.6905,11,64,Yes,20,None,DNA HS,3.58,NA,18,64.44,98,gbu_69,plate 2,B2,Anopheles gambiae,picogreen,18.6905,Qiagen DNEasy,Qiagen elution buffer,1,1,11,Gbullung,69,2020,gambiae,18.69,NA,1776,NA,NA,NA,NA,Kumbungu,CLD+DM,98_220322_L001.srt.dp,results/98_220322_L001/98_220322_L001.srt.dp.bam,18229508,17800041,1624770242,1618246596,46288.8673,89,42.2852,0.0261,5.3115,97.6441108558717,Not_test
gbu_70,99,26169_99,NA,NA,plate 2,C2,Tristan,12.097,17,58,Yes,20,None,DNA HS,4.08,NA,18,73.44,99,gbu_70,plate 2,C2,Anopheles gambiae,picogreen,12.097,Qiagen DNEasy,Qiagen elution buffer,1,1,17,Gbullung,70,2020,gambiae,12.1,NA,1149,NA,NA,NA,NA,Kumbungu,CLD+DM,99_220322_L001.srt.dp,results/99_220322_L001/99_220322_L001.srt.dp.bam,16464880,16092726,1552651553,1546231091,56441.373,99,42.407,0.0268,5.0757,97.73971021957038,Not_test
gbu_71,100,26169_100,NA,NA,plate 2,D2,Tristan,15.9571,13,62,Yes,20,None,DNA HS,4.88,NA,18,87.84,100,gbu_71,plate 2,D2,Anopheles gambiae,picogreen,15.9571,Qiagen DNEasy,Qiagen elution buffer,1,1,13,Gbullung,71,2020,gambiae,15.96,NA,1516,NA,NA,NA,NA,Kumbungu,CLD+DM,100_220322_L001.srt.dp,results/100_220322_L001/100_220322_L001.srt.dp.bam,19594561,19020757,1652169247,1646048898,44660.2455,82,42.0069,0.0249,5.4011,97.07161594485328,Not_test
gbu_72,101,26169_101,NA,NA,plate 2,E2,Tristan,21.5545,10,65,Yes,20,None,DNA HS,2.66,NA,18,47.88,101,gbu_72,plate 2,E2,Anopheles gambiae,picogreen,21.5545,Qiagen DNEasy,Qiagen elution buffer,1,1,10,Gbullung,72,2020,gambiae,21.55,NA,2048,NA,NA,NA,NA,Kumbungu,CLD+DM,101_220322_L001.srt.dp,results/101_220322_L001/101_220322_L001.srt.dp.bam,21776640,21269087,1948335306,1941102994,49779.4918,88,42.198,0.0251,6.3693,97.6692777214483,Not_test
gbu_73,102,26169_102,NA,NA,plate 2,F2,Tristan,10.7398,19,56,Yes,20,None,DNA HS,4.42,NA,18,79.56,102,gbu_73,plate 2,F2,Anopheles gambiae,picogreen,10.7398,Qiagen DNEasy,Qiagen elution buffer,1,1,19,Gbullung,73,2020,gambiae,10.74,NA,1020,NA,NA,NA,NA,Kumbungu,CLD+DM,102_220322_L001.srt.dp,results/102_220322_L001/102_220322_L001.srt.dp.bam,19033859,18557916,1640339446,1634432919,48578.4508,85,42.0188,0.0247,5.3624,97.49949287740337,Not_test
gbu_74,103,26169_103,NA,NA,plate 2,G2,Tristan,24.6418,10,65,Yes,20,None,DNA HS,4.24,NA,18,76.32,103,gbu_74,plate 2,G2,Anopheles gambiae,picogreen,24.6418,Qiagen DNEasy,Qiagen elution buffer,1,1,10,Gbullung,74,2020,gambiae,24.64,NA,2341,NA,NA,NA,NA,Kumbungu,CLD+DM,103_220322_L001.srt.dp,results/103_220322_L001/103_220322_L001.srt.dp.bam,20067112,19567904,1792852450,1785612533,49068.1059,90,42.4022,0.026,5.861,97.51230770028094,Not_test
gbu_75,104,26169_104,NA,NA,plate 2,H2,Tristan,25.071,10,65,Yes,20,None,DNA HS,6.7,NA,18,120.6,104,gbu_75,plate 2,H2,Anopheles gambiae,picogreen,25.071,Qiagen DNEasy,Qiagen elution buffer,1,1,10,Gbullung,75,2020,gambiae,25.07,NA,2382,NA,NA,NA,NA,Kumbungu,CLD+DM,104_220322_L001.srt.dp,results/104_220322_L001/104_220322_L001.srt.dp.bam,21972441,21378554,1899775432,1892287509,45513.3628,86,42.182,0.0256,6.2105,97.29712779749869,Not_test
bin_1,105,26169_105,NA,NA,plate 2,A3,Tristan,1.7388,70,5,Yes,20,None,DNA HS,4.36,NA,18,78.48,105,bin_1,plate 2,A3,Anopheles gambiae,picogreen,1.7388,Qiagen DNEasy,Qiagen elution buffer,1,1,90,Binduli,1,2008,gambiae,1.74,NA,165,NA,NA,NA,NA,Karaga,ACy,105_220322_L001.srt.dp,results/105_220322_L001/105_220322_L001.srt.dp.bam,32974459,31883518,2184953722,2178853202,50627.0667,65,40.4221,0.0229,7.1428,96.69155754761587,Not_test
bin_2,106,26169_106,NA,NA,plate 2,B3,Tristan,5.892,34,41,Yes,20,None,DNA HS,4.22,NA,18,75.96,106,bin_2,plate 2,B3,Anopheles gambiae,picogreen,5.892,Qiagen DNEasy,Qiagen elution buffer,1,1,34,Binduli,2,2008,gambiae,5.89,NA,560,NA,NA,NA,NA,Karaga,ACy,106_220322_L001.srt.dp,results/106_220322_L001/106_220322_L001.srt.dp.bam,28269743,27330664,1866302398,1860923359,40542.4077,64,40.3497,0.0228,6.1011,96.6781480822093,Not_test
bin_3,107,26169_107,NA,NA,plate 2,C3,Tristan,4.4548,45,30,Yes,20,None,DNA HS,5.34,NA,18,96.12,107,bin_3,plate 2,C3,Anopheles gambiae,picogreen,4.4548,Qiagen DNEasy,Qiagen elution buffer,1,1,45,Binduli,3,2008,gambiae,4.45,NA,423,NA,NA,NA,NA,Karaga,ACy,107_220322_L001.srt.dp,results/107_220322_L001/107_220322_L001.srt.dp.bam,32582249,31549480,2507875195,2499425473,77620.9782,76,41.0677,0.0255,8.1984,96.83027098589787,Not_test
bin_4,108,26169_108,NA,NA,plate 2,D3,Tristan,1.7674,70,5,Yes,20,None,DNA HS,3.96,NA,18,71.28,108,bin_4,plate 2,D3,Anopheles gambiae,picogreen,1.7674,Qiagen DNEasy,Qiagen elution buffer,1,1,90,Binduli,4,2008,gambiae,1.77,NA,168,NA,NA,NA,NA,Karaga,ACy,108_220322_L001.srt.dp,results/108_220322_L001/108_220322_L001.srt.dp.bam,25741066,24856715,1771078511,1765321387,49989.2736,66,40.7397,0.0247,5.7898,96.56443521025896,Not_test
bin_5,109,26169_109,NA,NA,plate 2,E3,Tristan,1.5774,75,0,Yes,20,None,DNA HS,3.04,NA,18,54.72,109,bin_5,plate 2,E3,Anopheles gambiae,picogreen,1.5774,Qiagen DNEasy,Qiagen elution buffer,1,1,90,Binduli,5,2008,gambiae,1.58,NA,150,NA,NA,NA,NA,Karaga,ACy,109_220322_L001.srt.dp,results/109_220322_L001/109_220322_L001.srt.dp.bam,26152320,25343504,1880115495,1873960689,43592.2977,68,40.9566,0.0244,6.1462,96.90728776643908,Not_test
bin_6,110,26169_110,NA,NA,plate 2,F3,Tristan,3.4726,58,17,Yes,20,None,DNA HS,5.1,NA,18,91.8,110,bin_6,plate 2,F3,Anopheles gambiae,picogreen,3.4726,Qiagen DNEasy,Qiagen elution buffer,1,1,58,Binduli,6,2008,gambiae,3.47,NA,330,NA,NA,NA,NA,Karaga,ACy,110_220322_L001.srt.dp,results/110_220322_L001/110_220322_L001.srt.dp.bam,28509434,27686775,2100406568,2093527986,48752.6865,71,41.0891,0.0243,6.8664,97.11443236649315,Not_test
bin_7,111,26169_111,NA,NA,plate 2,G3,Tristan,2.7191,74,1,Yes,20,None,DNA HS,6.06,NA,18,109.08,111,bin_7,plate 2,G3,Anopheles gambiae,picogreen,2.7191,Qiagen DNEasy,Qiagen elution buffer,1,1,74,Binduli,7,2008,gambiae,2.72,NA,258,NA,NA,NA,NA,Karaga,ACy,111_220322_L001.srt.dp,results/111_220322_L001/111_220322_L001.srt.dp.bam,27819719,26915798,1877831692,1872288187,49128.1043,65,40.4337,0.0234,6.1388,96.75079032969384,Not_test
bin_8,112,26169_112,NA,NA,plate 2,H3,Tristan,4.7553,43,32,Yes,20,None,DNA HS,7.46,NA,18,134.28,112,bin_8,plate 2,H3,Anopheles gambiae,picogreen,4.7553,Qiagen DNEasy,Qiagen elution buffer,1,1,43,Binduli,8,2008,gambiae,4.76,NA,452,NA,NA,NA,NA,Karaga,ACy,112_220322_L001.srt.dp,results/112_220322_L001/112_220322_L001.srt.dp.bam,19536782,18868570,1342136007,1337789549,49278.3761,66,40.7225,0.0243,4.3875,96.57972331369619,Not_test
bin_9,113,26169_113,NA,NA,plate 2,A4,Tristan,8.2645,25,50,Yes,20,None,DNA HS,6.36,NA,18,114.48,113,bin_9,plate 2,A4,Anopheles gambiae,picogreen,8.2645,Qiagen DNEasy,Qiagen elution buffer,1,1,25,Binduli,9,2008,gambiae,8.26,NA,785,NA,NA,NA,NA,Karaga,ACy,113_220322_L001.srt.dp,results/113_220322_L001/113_220322_L001.srt.dp.bam,30628554,29704057,2211168600,2203654162,49014.9607,70,41.3334,0.0251,7.2285,96.98158456974495,Not_test
bin_10,114,26169_114,NA,NA,plate 2,B4,Tristan,5.8418,35,40,Yes,20,None,DNA HS,4.32,NA,18,77.76,114,bin_10,plate 2,B4,Anopheles gambiae,picogreen,5.8418,Qiagen DNEasy,Qiagen elution buffer,1,1,35,Binduli,10,2008,gambiae,5.84,NA,555,NA,NA,NA,NA,Karaga,ACy,114_220322_L001.srt.dp,results/114_220322_L001/114_220322_L001.srt.dp.bam,23733017,23318751,1946908882,1940179025,44043.7819,80,41.7233,0.025,6.3646,98.25447392550218,Not_test
bin_11,115,26169_115,NA,NA,plate 2,C4,Tristan,2.2975,65,10,Yes,20,None,DNA HS,3.28,NA,18,59.04,115,bin_11,plate 2,C4,Anopheles gambiae,picogreen,2.2975,Qiagen DNEasy,Qiagen elution buffer,1,1,88,Binduli,11,2008,gambiae,2.3,NA,218,NA,NA,NA,NA,Karaga,ACy,115_220322_L001.srt.dp,results/115_220322_L001/115_220322_L001.srt.dp.bam,25247810,24493198,1797629545,1792152776,45318.8501,68,40.7341,0.0238,5.8766,97.01117839527468,Not_test
bin_13,116,26169_116,NA,NA,plate 2,D4,Tristan,4.9704,41,34,Yes,20,None,DNA HS,6.5,NA,18,117,116,bin_13,plate 2,D4,Anopheles gambiae,picogreen,4.9704,Qiagen DNEasy,Qiagen elution buffer,1,1,41,Binduli,13,2008,gambiae,4.97,NA,472,NA,NA,NA,NA,Karaga,ACy,116_220322_L001.srt.dp,results/116_220322_L001/116_220322_L001.srt.dp.bam,22328129,21688859,1639856812,1634299198,56609.5844,71,40.9366,0.0248,5.3608,97.13692983411194,Not_test
bin_14,117,26169_117,NA,NA,plate 2,E4,Tristan,1.7387,70,5,Yes,20,None,DNA HS,3.52,NA,18,63.36,117,bin_14,plate 2,E4,Anopheles gambiae,picogreen,1.7387,Qiagen DNEasy,Qiagen elution buffer,1,1,90,Binduli,14,2008,gambiae,1.74,NA,165,NA,NA,NA,NA,Karaga,ACy,117_220322_L001.srt.dp,results/117_220322_L001/117_220322_L001.srt.dp.bam,23661267,22965675,1734036075,1728306980,53127.9673,71,40.9237,0.0252,5.6687,97.06020814523583,Not_test
bin_15,118,26169_118,NA,NA,plate 2,F4,Tristan,1.1554,70,5,Yes,20,None,DNA HS,2.16,NA,18,38.88,118,bin_15,plate 2,F4,Anopheles gambiae,picogreen,1.1554,Qiagen DNEasy,Qiagen elution buffer,1,1,90,Binduli,15,2008,gambiae,1.16,NA,110,NA,NA,NA,NA,Karaga,ACy,118_220322_L001.srt.dp,results/118_220322_L001/118_220322_L001.srt.dp.bam,22119524,19986731,1403471875,1399071901,38495.1699,66,40.7337,0.0247,4.5881,90.35787117299631,Not_test
bin_32,125,26169_125,NA,NA,plate 2,E5,Tristan,1.1258,70,5,Yes,20,None,DNA HS,1.21,NA,18,21.78,125,bin_32,plate 2,E5,Anopheles gambiae,picogreen,1.1258,Qiagen DNEasy,Qiagen elution buffer,1,1,90,Binduli,32,2018,gambiae,1.13,NA,107,NA,NA,NA,NA,Karaga,PM,125_220322_L001.srt.dp,results/125_220322_L001/125_220322_L001.srt.dp.bam,21194525,19322386,1579184139,1573593263,44346.0402,77,41.6407,0.0253,5.1625,91.16687446404201,Not_test
bin_40,128,26169_128,NA,NA,plate 2,H5,Tristan,0.7512,70,5,Yes,20,None,DNA HS,1.67,NA,18,30.06,128,bin_40,plate 2,H5,Anopheles gambiae,picogreen,0.7512,Qiagen DNEasy,Qiagen elution buffer,1,1,90,Binduli,40,2018,gambiae,0.75,NA,71,NA,NA,NA,NA,Karaga,PM,128_220322_L001.srt.dp,results/128_220322_L001/128_220322_L001.srt.dp.bam,23938739,22061576,1766756317,1761213539,57018.5627,73,41.2449,0.0229,5.7757,92.15847167221297,Not_test
bin_47,131,26169_131,NA,NA,plate 2,C6,Tristan,6.863,30,45,Yes,20,None,DNA HS,5.66,NA,18,101.88,131,bin_47,plate 2,C6,Anopheles gambiae,picogreen,6.863,Qiagen DNEasy,Qiagen elution buffer,1,1,30,Binduli,47,2020,gambiae,6.86,NA,652,NA,NA,NA,NA,Karaga,CLD,131_220322_L001.srt.dp,results/131_220322_L001/131_220322_L001.srt.dp.bam,31586366,30536077,2655699691,2646913847,46527.1021,81,41.818,0.0242,8.6817,96.67486598489994,Not_test
bin_48,132,26169_132,NA,NA,plate 2,D6,Tristan,10.2534,20,55,Yes,20,None,DNA HS,6.08,NA,18,109.44,132,bin_48,plate 2,D6,Anopheles gambiae,picogreen,10.2534,Qiagen DNEasy,Qiagen elution buffer,1,1,20,Binduli,48,2020,gambiae,10.25,NA,974,NA,NA,NA,NA,Karaga,CLD,132_220322_L001.srt.dp,results/132_220322_L001/132_220322_L001.srt.dp.bam,19563817,18434018,1592692508,1586984763,43897.5792,83,41.8899,0.0248,5.2066,94.22505843312683,Not_test
bin_52,136,26169_136,NA,NA,plate 2,H6,Tristan,5.6576,36,39,Yes,20,None,DNA HS,8.18,NA,18,147.24,136,bin_52,plate 2,H6,Anopheles gambiae,picogreen,5.6576,Qiagen DNEasy,Qiagen elution buffer,1,1,36,Binduli,52,2020,gambiae,5.66,NA,537,NA,NA,NA,NA,Karaga,CLD,136_220322_L001.srt.dp,results/136_220322_L001/136_220322_L001.srt.dp.bam,24563094,21218230,1407658295,1403651101,28195.557,59,40.8115,0.0214,4.6017,86.38256239218073,Not_test
bin_56,140,26169_140,NA,NA,plate 2,D7,Tristan,9.8999,21,54,Yes,20,None,DNA HS,4.62,NA,18,83.16,140,bin_56,plate 2,D7,Anopheles gambiae,picogreen,9.8999,Qiagen DNEasy,Qiagen elution buffer,1,1,21,Binduli,56,2020,gambiae,9.9,NA,940,NA,NA,NA,NA,Karaga,CLD,140_220322_L001.srt.dp,results/140_220322_L001/140_220322_L001.srt.dp.bam,18648708,17369324,1553386392,1547406104,48987.1589,87,42.4113,0.0258,5.0781,93.13955690656961,Not_test
bin_57,141,26169_141,NA,NA,plate 2,E7,Tristan,3.4518,58,17,Yes,20,None,DNA HS,3.94,NA,18,70.92,141,bin_57,plate 2,E7,Anopheles gambiae,picogreen,3.4518,Qiagen DNEasy,Qiagen elution buffer,1,1,58,Binduli,57,2020,gambiae,3.45,NA,328,NA,NA,NA,NA,Karaga,CLD,141_220322_L001.srt.dp,results/141_220322_L001/141_220322_L001.srt.dp.bam,19769520,18791564,1681550140,1675220731,55186.44,88,41.9162,0.0257,5.4971,95.05321322925391,Not_test
bin_58,142,26169_142,NA,NA,plate 2,F7,Tristan,11.0891,19,56,Yes,20,None,DNA HS,4.04,NA,18,72.72,142,bin_58,plate 2,F7,Anopheles gambiae,picogreen,11.0891,Qiagen DNEasy,Qiagen elution buffer,1,1,19,Binduli,58,2020,gambiae,11.09,NA,1053,NA,NA,NA,NA,Karaga,CLD,142_220322_L001.srt.dp,results/142_220322_L001/142_220322_L001.srt.dp.bam,14373404,13542216,1413022669,1407119252,70509.3592,114,42.9676,0.0275,4.6193,94.2171805648822,Not_test
tar_1,145,26169_145,NA,NA,plate 2,A8,Tristan,3.4044,59,16,Yes,20,None,DNA HS,6.4,NA,18,115.2,145,tar_1,plate 2,A8,Anopheles gambiae,picogreen,3.4044,Qiagen DNEasy,Qiagen elution buffer,1,1,59,Tarikpaa,1,2008,gambiae,3.4,NA,323,NA,NA,NA,NA,Savelugu,ACy,145_220322_L001.srt.dp,results/145_220322_L001/145_220322_L001.srt.dp.bam,29843699,28908993,2116716479,2109969113,54578.6739,69,41.6385,0.0246,6.9197,96.86799548541218,Not_test
tar_2,146,26169_146,NA,NA,plate 2,B8,Tristan,5.6042,36,39,Yes,20,None,DNA HS,6.06,NA,18,109.08,146,tar_2,plate 2,B8,Anopheles gambiae,picogreen,5.6042,Qiagen DNEasy,Qiagen elution buffer,1,1,36,Tarikpaa,2,2008,gambiae,5.6,NA,532,NA,NA,NA,NA,Savelugu,ACy,146_220322_L001.srt.dp,results/146_220322_L001/146_220322_L001.srt.dp.bam,25687110,24830780,1790408120,1784558967,59889.0883,67,40.8262,0.0251,5.853,96.66630461737424,Not_test
tar_3,147,26169_147,NA,NA,plate 2,C8,Tristan,6.036,34,41,Yes,20,None,DNA HS,5.86,NA,18,105.48,147,tar_3,plate 2,C8,Anopheles gambiae,picogreen,6.036,Qiagen DNEasy,Qiagen elution buffer,1,1,34,Tarikpaa,3,2008,gambiae,6.04,NA,573,NA,NA,NA,NA,Savelugu,ACy,147_220322_L001.srt.dp,results/147_220322_L001/147_220322_L001.srt.dp.bam,24667723,24056812,2040309548,2033282902,74973.6158,80,41.5033,0.0257,6.6699,97.52343984079926,Not_test
tar_5,149,26169_149,NA,NA,plate 2,E8,Tristan,3.9582,51,24,Yes,20,None,DNA HS,4.82,NA,18,86.76,149,tar_5,plate 2,E8,Anopheles gambiae,picogreen,3.9582,Qiagen DNEasy,Qiagen elution buffer,1,1,51,Tarikpaa,5,2008,gambiae,3.96,NA,376,NA,NA,NA,NA,Savelugu,ACy,149_220322_L001.srt.dp,results/149_220322_L001/149_220322_L001.srt.dp.bam,24550385,22521087,1886654920,1879701791,59484.6451,81,41.7582,0.0257,6.1676,91.73414999398176,Not_test
tar_7,151,26169_151,NA,NA,plate 2,G8,Tristan,1.4514,65,10,Yes,20,None,DNA HS,1.78,NA,18,32.04,151,tar_7,plate 2,G8,Anopheles gambiae,picogreen,1.4514,Qiagen DNEasy,Qiagen elution buffer,1,1,90,Tarikpaa,7,2008,gambiae,1.45,NA,138,NA,NA,NA,NA,Savelugu,ACy,151_220322_L001.srt.dp,results/151_220322_L001/151_220322_L001.srt.dp.bam,25215277,24517327,1996029891,1989093694,50925.4629,77,41.488,0.0257,6.5252,97.23203516661745,Not_test
tar_10,153,26169_153,NA,NA,plate 2,A9,Tristan,1.8526,65,10,Yes,20,None,DNA HS,2.18,NA,18,39.24,153,tar_10,plate 2,A9,Anopheles gambiae,picogreen,1.8526,Qiagen DNEasy,Qiagen elution buffer,1,1,90,Tarikpaa,10,2008,gambiae,1.85,NA,176,NA,NA,NA,NA,Savelugu,ACy,153_220322_L001.srt.dp,results/153_220322_L001/153_220322_L001.srt.dp.bam,29923855,28998239,2157342250,2150350277,48009.7084,69,40.8974,0.0247,7.0525,96.90676218020707,Not_test
tar_16,156,26169_156,NA,NA,plate 2,D9,Tristan,6.7932,30,45,Yes,20,None,DNA HS,8.56,NA,18,154.08,156,tar_16,plate 2,D9,Anopheles gambiae,picogreen,6.7932,Qiagen DNEasy,Qiagen elution buffer,1,1,30,Tarikpaa,16,2016,gambiae,6.79,NA,645,NA,NA,NA,NA,Savelugu,NSp,156_220322_L001.srt.dp,results/156_220322_L001/156_220322_L001.srt.dp.bam,22208306,21385384,1669126749,1663133499,53333.3556,74,41.4475,0.0253,5.4565,96.29453052384996,Not_test
tar_17,157,26169_157,NA,NA,plate 2,E9,Tristan,3.833,53,22,Yes,20,None,DNA HS,5.34,NA,18,96.12,157,tar_17,plate 2,E9,Anopheles gambiae,picogreen,3.833,Qiagen DNEasy,Qiagen elution buffer,1,1,53,Tarikpaa,17,2016,gambiae,3.83,NA,364,NA,NA,NA,NA,Savelugu,NSp,157_220322_L001.srt.dp,results/157_220322_L001/157_220322_L001.srt.dp.bam,25179123,23940605,1888473021,1882050652,78755.6166,76,41.0344,0.025,6.1736,95.08117101616288,Not_test
tar_18,158,26169_158,NA,NA,plate 2,F9,Tristan,3.1412,70,5,Yes,20,None,DNA HS,5.96,NA,18,107.28,158,tar_18,plate 2,F9,Anopheles gambiae,picogreen,3.1412,Qiagen DNEasy,Qiagen elution buffer,1,1,64,Tarikpaa,18,2016,gambiae,3.14,NA,298,NA,NA,NA,NA,Savelugu,NSp,158_220322_L001.srt.dp,results/158_220322_L001/158_220322_L001.srt.dp.bam,22633942,21913003,1782834375,1776301509,73895.8974,78,41.2329,0.0258,5.8282,96.81478816195606,Not_test
tar_20,159,26169_159,NA,NA,plate 2,G9,Tristan,1.0112,70,5,Yes,20,None,DNA HS,1.19,NA,18,21.42,159,tar_20,plate 2,G9,Anopheles gambiae,picogreen,1.0112,Qiagen DNEasy,Qiagen elution buffer,1,1,90,Tarikpaa,20,2016,gambiae,1.01,NA,96,NA,NA,NA,NA,Savelugu,NSp,159_220322_L001.srt.dp,results/159_220322_L001/159_220322_L001.srt.dp.bam,26751895,24411171,1956161549,1949277832,39323.3996,75,41.519,0.025,6.3948,91.25024974866265,Not_test
tar_23,161,26169_161,NA,NA,plate 2,A10,Tristan,8.0756,25,50,Yes,20,None,DNA HS,5.48,NA,18,98.64,161,tar_23,plate 2,A10,Anopheles gambiae,picogreen,8.0756,Qiagen DNEasy,Qiagen elution buffer,1,1,25,Tarikpaa,23,2016,gambiae,8.08,NA,767,NA,NA,NA,NA,Savelugu,NSp,161_220322_L001.srt.dp,results/161_220322_L001/161_220322_L001.srt.dp.bam,26507675,25517694,1927086679,1920314596,53369.0947,70,41.2117,0.0252,6.2998,96.26530429394505,Not_test
tar_26,162,26169_162,NA,NA,plate 2,B10,Tristan,1.7284,70,5,Yes,20,None,DNA HS,3.44,NA,18,61.92,162,tar_26,plate 2,B10,Anopheles gambiae,picogreen,1.7284,Qiagen DNEasy,Qiagen elution buffer,1,1,90,Tarikpaa,26,2016,gambiae,1.73,NA,164,NA,NA,NA,NA,Savelugu,NSp,162_220322_L001.srt.dp,results/162_220322_L001/162_220322_L001.srt.dp.bam,35256295,33509369,2232619966,2225954957,41923.9006,61,40.1498,0.0235,7.2986,95.04506642005349,Not_test
tar_33,167,26169_167,NA,NA,plate 2,G10,Tristan,6.4918,31,44,Yes,20,None,DNA HS,4.14,NA,18,74.52,167,tar_33,plate 2,G10,Anopheles gambiae,picogreen,6.4918,Qiagen DNEasy,Qiagen elution buffer,1,1,31,Tarikpaa,33,2018,gambiae,6.49,NA,617,NA,NA,NA,NA,Savelugu,NSp,167_220322_L001.srt.dp,results/167_220322_L001/167_220322_L001.srt.dp.bam,28602957,24371194,1842045421,1836068412,37663.8698,69,41.2657,0.0236,6.0218,85.20515553689081,Not_test
tar_35,169,26169_169,NA,NA,plate 2,A11,Tristan,11.6154,18,57,Yes,20,None,DNA HS,3.26,NA,18,58.68,169,tar_35,plate 2,A11,Anopheles gambiae,picogreen,11.6154,Qiagen DNEasy,Qiagen elution buffer,1,1,18,Tarikpaa,35,2018,gambiae,11.62,NA,1103,NA,NA,NA,NA,Savelugu,NSp,169_220322_L001.srt.dp,results/169_220322_L001/169_220322_L001.srt.dp.bam,26397883,19175935,1427271801,1422405617,31600.9316,67,41.631100000000004,0.0245,4.6659,72.6419425375891,Not_test
tar_37,171,26169_171,NA,NA,plate 2,C11,Tristan,7.0572,29,46,Yes,20,None,DNA HS,4.04,NA,18,72.72,171,tar_37,plate 2,C11,Anopheles gambiae,picogreen,7.0572,Qiagen DNEasy,Qiagen elution buffer,1,1,29,Tarikpaa,37,2018,gambiae,7.06,NA,670,NA,NA,NA,NA,Savelugu,NSp,171_220322_L001.srt.dp,results/171_220322_L001/171_220322_L001.srt.dp.bam,26762966,25677518,2124846407,2117329415,43443.838,77,41.8768,0.0253,6.9463,95.94421634732115,Not_test
tar_42,176,26169_176,NA,NA,plate 2,H11,Tristan,2.012,67,8,Yes,20,None,DNA HS,3.46,NA,18,62.28,176,tar_42,plate 2,H11,Anopheles gambiae,picogreen,2.012,Qiagen DNEasy,Qiagen elution buffer,1,1,90,Tarikpaa,42,2018,gambiae,2.01,NA,191,NA,NA,NA,NA,Savelugu,NSp,176_220322_L001.srt.dp,results/176_220322_L001/176_220322_L001.srt.dp.bam,28664339,23411547,1714649954,1709277723,38795.3145,65,41.0729,0.0241,5.6053,81.67481901466488,Not_test
tar_43,177,26169_177,NA,NA,plate 3,A1,Tristan,8.6636,24,49,Yes,20,None,DNA HS,5.14,NA,18,92.52,177,tar_43,plate 3,A1,Anopheles gambiae,picogreen,8.6636,Qiagen DNEasy,Qiagen elution buffer,1,1,24,Tarikpaa,43,2018,gambiae,8.66,NA,823,NA,NA,NA,NA,Savelugu,NSp,177_220322_L001.srt.dp,results/177_220322_L001/177_220322_L001.srt.dp.bam,20134319,18874543,1351772824,1347332967,37925.2246,63,41.0623,0.0241,4.419,93.74314075385415,Not_test
tar_44,178,26169_178,NA,NA,plate 3,B1,Tristan,6.5356,31,42,Yes,20,None,DNA HS,5.52,NA,18,99.36,178,tar_44,plate 3,B1,Anopheles gambiae,picogreen,6.5356,Qiagen DNEasy,Qiagen elution buffer,1,1,31,Tarikpaa,44,2018,gambiae,6.54,NA,621,NA,NA,NA,NA,Savelugu,NSp,178_220322_L001.srt.dp,results/178_220322_L001/178_220322_L001.srt.dp.bam,20806175,10988305,725845903,723677348,29601.1638,59,40.6042,0.0229,2.3728,52.81271064960282,Not_test
nan_1,180,26169_180,NA,NA,plate 3,D1,Tristan,1.5632,70,3,Yes,20,None,DNA HS,2.82,NA,18,50.76,180,nan_1,plate 3,D1,Anopheles gambiae,picogreen,1.5632,Qiagen DNEasy,Qiagen elution buffer,1,1,90,Nanton,1,2008,gambiae,1.56,NA,149,NA,NA,NA,NA,Nanton,ACy,180_220322_L001.srt.dp,results/180_220322_L001/180_220322_L001.srt.dp.bam,34383187,33043617,2150066256,2144024554,32007.753,60,40.3415,0.0226,7.0287,96.1039969913202,Not_test
nan_3,182,26169_182,NA,NA,plate 3,F1,Tristan,0.562,72,1,Yes,20,None,DNA HS,0.44,NA,18,7.92,182,nan_3,plate 3,F1,Anopheles gambiae,picogreen,0.562,Qiagen DNEasy,Qiagen elution buffer,1,1,90,Nanton,3,2008,gambiae,0.56,NA,53,NA,NA,NA,NA,Nanton,ACy,182_220322_L001.srt.dp,results/182_220322_L001/182_220322_L001.srt.dp.bam,44524451,42758447,2966460263,2958475728,24363.2771,62,40.5992,0.0224,9.6976,96.03363104915094,Not_test
nan_4,183,26169_183,NA,NA,plate 3,G1,Tristan,5.9836,34,39,Yes,20,None,DNA HS,3.18,NA,18,57.24,183,nan_4,plate 3,G1,Anopheles gambiae,picogreen,5.9836,Qiagen DNEasy,Qiagen elution buffer,1,1,34,Nanton,4,2008,gambiae,5.98,NA,568,NA,NA,NA,NA,Nanton,ACy,183_220322_L001.srt.dp,results/183_220322_L001/183_220322_L001.srt.dp.bam,25020728,23881383,1637388484,1632302331,30249.2446,61,40.6228,0.0239,5.3527,95.44639548457583,Not_test
nan_5,184,26169_184,NA,NA,plate 3,H1,Tristan,0.348,70,3,Yes,20,None,DNA HS,0.67,NA,18,12.06,184,nan_5,plate 3,H1,Anopheles gambiae,picogreen,0.348,Qiagen DNEasy,Qiagen elution buffer,1,1,90,Nanton,5,2008,gambiae,0.35,NA,33,NA,NA,NA,NA,Nanton,ACy,184_220322_L001.srt.dp,results/184_220322_L001/184_220322_L001.srt.dp.bam,25303051,24306427,1815232785,1809323764,41422.26,66,40.9647,0.0248,5.9341,96.06124968882212,Not_test
nan_6,185,26169_185,NA,NA,plate 3,A2,Tristan,0.2292,68,5,Yes,20,None,DNA HS,0.204,NA,18,3.672,185,nan_6,plate 3,A2,Anopheles gambiae,picogreen,0.2292,Qiagen DNEasy,Qiagen elution buffer,1,1,90,Nanton,6,2008,gambiae,0.23,NA,22,NA,NA,NA,NA,Nanton,ACy,185_220322_L001.srt.dp,results/185_220322_L001/185_220322_L001.srt.dp.bam,24281190,23198498,1673894835,1668644077,53186.4864,63,40.5356,0.0249,5.4721,95.54102578992216,Not_test
nan_7,186,26169_186,NA,NA,plate 3,B2,Tristan,1.5184,68,5,Yes,20,None,DNA HS,2.66,NA,18,47.88,186,nan_7,plate 3,B2,Anopheles gambiae,picogreen,1.5184,Qiagen DNEasy,Qiagen elution buffer,1,1,90,Nanton,7,2008,gambiae,1.52,NA,144,NA,NA,NA,NA,Nanton,ACy,186_220322_L001.srt.dp,results/186_220322_L001/186_220322_L001.srt.dp.bam,24180415,23271684,1602040843,1597048758,41985.8163,63,40.2616,0.0239,5.2372,96.24187177928914,Not_test
nan_8,187,26169_187,NA,NA,plate 3,C2,Tristan,0.3396,62,11,Yes,20,None,DNA HS,0.588,NA,18,10.584,187,nan_8,plate 3,C2,Anopheles gambiae,picogreen,0.3396,Qiagen DNEasy,Qiagen elution buffer,1,1,90,Nanton,8,2008,gambiae,0.34,NA,32,NA,NA,NA,NA,Nanton,ACy,187_220322_L001.srt.dp,results/187_220322_L001/187_220322_L001.srt.dp.bam,26290547,24470642,1676939478,1671958872,37051.5216,61,40.0425,0.0243,5.482,93.07772105312225,Not_test
nan_9,188,26169_188,NA,NA,plate 3,D2,Tristan,0.3716,70,3,Yes,20,None,DNA HS,0.206,NA,18,3.708,188,nan_9,plate 3,D2,Anopheles gambiae,picogreen,0.3716,Qiagen DNEasy,Qiagen elution buffer,1,1,90,Nanton,9,2008,gambiae,0.37,NA,35,NA,NA,NA,NA,Nanton,ACy,188_220322_L001.srt.dp,results/188_220322_L001/188_220322_L001.srt.dp.bam,17241410,16465596,1112108881,1108924792,54938.0888,60,39.8849,0.0234,3.6356,95.50028680948948,Not_test
nan_10,189,26169_189,NA,NA,plate 3,E2,Tristan,0.326,70,3,Yes,20,None,DNA HS,0.246,NA,18,4.428,189,nan_10,plate 3,E2,Anopheles gambiae,picogreen,0.326,Qiagen DNEasy,Qiagen elution buffer,1,1,90,Nanton,10,2008,gambiae,0.33,NA,31,NA,NA,NA,NA,Nanton,ACy,189_220322_L001.srt.dp,results/189_220322_L001/189_220322_L001.srt.dp.bam,17273216,16622447,1323505434,1319398807,76429.5364,73,40.9887,0.0252,4.3266,96.23249660051724,Not_test
nan_11,190,26169_190,NA,NA,plate 3,F2,Tristan,5.018,40,33,Yes,20,None,DNA HS,3.04,NA,18,54.72,190,nan_11,plate 3,F2,Anopheles gambiae,picogreen,5.018,Qiagen DNEasy,Qiagen elution buffer,1,1,40,Nanton,11,2008,gambiae,5.02,NA,477,NA,NA,NA,NA,Nanton,ACy,190_220322_L001.srt.dp,results/190_220322_L001/190_220322_L001.srt.dp.bam,24741070,23527619,1608568654,1603910225,34135.2892,63,40.4866,0.0232,5.2585,95.09539805675341,Not_test
nan_12,191,26169_191,NA,NA,plate 3,G2,Tristan,0.5012,70,3,Yes,20,None,DNA HS,0.492,NA,18,8.856,191,nan_12,plate 3,G2,Anopheles gambiae,picogreen,0.5012,Qiagen DNEasy,Qiagen elution buffer,1,1,90,Nanton,12,2008,gambiae,0.5,NA,48,NA,NA,NA,NA,Nanton,ACy,191_220322_L001.srt.dp,results/191_220322_L001/191_220322_L001.srt.dp.bam,15551862,14877762,1161837338,1158089833,46322.6742,70,41.1556,0.025,3.7981,95.66547079700167,Not_test
nan_14,193,26169_193,NA,NA,plate 3,A3,Tristan,0.2532,65,8,Yes,20,None,DNA HS,0.182,NA,18,3.276,193,nan_14,plate 3,A3,Anopheles gambiae,picogreen,0.2532,Qiagen DNEasy,Qiagen elution buffer,1,1,90,Nanton,14,2008,gambiae,0.25,NA,24,NA,NA,NA,NA,Nanton,ACy,193_220322_L001.srt.dp,results/193_220322_L001/193_220322_L001.srt.dp.bam,21387429,15634175,989394233,986419407,48078.3236,56,39.3688,0.0239,3.2344,73.09983355175603,Not_test
nan_15,194,26169_194,NA,NA,plate 3,B3,Tristan,0.2524,65,8,Yes,20,None,DNA HS,0.428,NA,18,7.704,194,nan_15,plate 3,B3,Anopheles gambiae,picogreen,0.2524,Qiagen DNEasy,Qiagen elution buffer,1,1,90,Nanton,15,2008,gambiae,0.25,NA,24,NA,NA,NA,NA,Nanton,ACy,194_220322_L001.srt.dp,results/194_220322_L001/194_220322_L001.srt.dp.bam,22431393,21677833,1641973086,1637098844,55053.6478,69,40.7547,0.0231,5.3677,96.64060096490664,Not_test
nan_16,195,26169_195,NA,NA,plate 3,C3,Tristan,6.0556,34,39,Yes,20,None,DNA HS,3.5,NA,18,63,195,nan_16,plate 3,C3,Anopheles gambiae,picogreen,6.0556,Qiagen DNEasy,Qiagen elution buffer,1,1,34,Nanton,16,2014,gambiae,6.06,NA,575,NA,NA,NA,NA,Nanton,PM,195_220322_L001.srt.dp,results/195_220322_L001/195_220322_L001.srt.dp.bam,31322089,26479911,1538148283,1533967407,25166.9765,52,38.4431,0.0222,5.0283,84.54069267219054,Not_test
nan_17,196,26169_196,NA,NA,plate 3,D3,Tristan,2.7796,72,1,Yes,20,None,DNA HS,6.04,NA,18,108.72,196,nan_17,plate 3,D3,Anopheles gambiae,picogreen,2.7796,Qiagen DNEasy,Qiagen elution buffer,1,1,72,Nanton,17,2014,gambiae,2.78,NA,264,NA,NA,NA,NA,Nanton,PM,196_220322_L001.srt.dp,results/196_220322_L001/196_220322_L001.srt.dp.bam,26516817,25024803,1644616119,1639837858,45216.2439,60,40.1935,0.0232,5.3764,94.37332919709029,Not_test
nan_18,197,26169_197,NA,NA,plate 3,E3,Tristan,3.57,57,16,Yes,20,None,DNA HS,3.28,NA,18,59.04,197,nan_18,plate 3,E3,Anopheles gambiae,picogreen,3.57,Qiagen DNEasy,Qiagen elution buffer,1,1,57,Nanton,18,2014,gambiae,3.57,NA,339,NA,NA,NA,NA,Nanton,PM,197_220322_L001.srt.dp,results/197_220322_L001/197_220322_L001.srt.dp.bam,19575884,17881743,1218498409,1214598750,33272.2716,62,40.7323,0.0243,3.9834,91.34577524059705,Not_test
nan_19,198,26169_198,NA,NA,plate 3,F3,Tristan,3.9488,51,22,Yes,20,None,DNA HS,4.76,NA,18,85.68,198,nan_19,plate 3,F3,Anopheles gambiae,picogreen,3.9488,Qiagen DNEasy,Qiagen elution buffer,1,1,51,Nanton,19,2014,gambiae,3.95,NA,375,NA,NA,NA,NA,Nanton,PM,198_220322_L001.srt.dp,results/198_220322_L001/198_220322_L001.srt.dp.bam,26346865,24266171,1589143886,1584573747,34665.5572,60,40.4373,0.0227,5.195,92.10268849823309,Not_test
nan_20,199,26169_199,NA,NA,plate 3,G3,Tristan,1.8532,70,3,Yes,20,None,DNA HS,2.3,NA,18,41.4,199,nan_20,plate 3,G3,Anopheles gambiae,picogreen,1.8532,Qiagen DNEasy,Qiagen elution buffer,1,1,90,Nanton,20,2014,gambiae,1.85,NA,176,NA,NA,NA,NA,Nanton,PM,199_220322_L001.srt.dp,results/199_220322_L001/199_220322_L001.srt.dp.bam,22246399,21215185,1437517053,1432925179,31805.8158,62,40.3465,0.0239,4.6994,95.36458012822659,Not_test
nan_21,200,26169_200,NA,NA,plate 3,H3,Tristan,4.1212,49,24,Yes,20,None,DNA HS,4.8,NA,18,86.4,200,nan_21,plate 3,H3,Anopheles gambiae,picogreen,4.1212,Qiagen DNEasy,Qiagen elution buffer,1,1,49,Nanton,21,2014,gambiae,4.12,NA,392,NA,NA,NA,NA,Nanton,PM,200_220322_L001.srt.dp,results/200_220322_L001/200_220322_L001.srt.dp.bam,24163029,22593378,1353540270,1349897679,28312.9117,55,39.6528,0.0229,4.4248,93.50391459613776,Not_test
nan_23,202,26169_202,NA,NA,plate 3,B4,Tristan,2.0368,65,8,Yes,20,None,DNA HS,3.04,NA,18,54.72,202,nan_23,plate 3,B4,Anopheles gambiae,picogreen,2.0368,Qiagen DNEasy,Qiagen elution buffer,1,1,90,Nanton,23,2014,gambiae,2.04,NA,193,NA,NA,NA,NA,Nanton,PM,202_220322_L001.srt.dp,results/202_220322_L001/202_220322_L001.srt.dp.bam,25205515,20401217,1291631480,1287818241,33246.1796,58,39.6559,0.0229,4.2224,80.93949677282927,Not_test
nan_24,203,26169_203,NA,NA,plate 3,C4,Tristan,4.2764,47,26,Yes,20,None,DNA HS,4.7,NA,18,84.6,203,nan_24,plate 3,C4,Anopheles gambiae,picogreen,4.2764,Qiagen DNEasy,Qiagen elution buffer,1,1,47,Nanton,24,2014,gambiae,4.28,NA,406,NA,NA,NA,NA,Nanton,PM,203_220322_L001.srt.dp,results/203_220322_L001/203_220322_L001.srt.dp.bam,26160201,25001670,1592439191,1587812127,33249.7471,58,39.9937,0.0228,5.2058,95.57139870599617,Not_test
nan_25,204,26169_204,NA,NA,plate 3,D4,Tristan,6.8932,30,43,Yes,20,None,DNA HS,5.86,NA,18,105.48,204,nan_25,plate 3,D4,Anopheles gambiae,picogreen,6.8932,Qiagen DNEasy,Qiagen elution buffer,1,1,30,Nanton,25,2014,gambiae,6.89,NA,655,NA,NA,NA,NA,Nanton,PM,204_220322_L001.srt.dp,results/204_220322_L001/204_220322_L001.srt.dp.bam,25298908,24096034,1609215040,1604418431,38294.1658,61,40.4394,0.0232,5.2606,95.24535209187685,Not_test
nan_26,205,26169_205,NA,NA,plate 3,E4,Tristan,4.956,41,32,Yes,20,None,DNA HS,3.7,NA,18,66.6,205,nan_26,plate 3,E4,Anopheles gambiae,picogreen,4.956,Qiagen DNEasy,Qiagen elution buffer,1,1,41,Nanton,26,2014,gambiae,4.96,NA,471,NA,NA,NA,NA,Nanton,PM,205_220322_L001.srt.dp,results/205_220322_L001/205_220322_L001.srt.dp.bam,27524365,25945127,1754872923,1749487006,33359.052,63,40.5905,0.0236,5.7368,94.26239987734503,Not_test
nan_33,207,26169_207,NA,NA,plate 3,G4,Tristan,18.0548,12,61,Yes,20,None,DNA HS,4.02,NA,18,72.36,207,nan_33,plate 3,G4,Anopheles gambiae,picogreen,18.0548,Qiagen DNEasy,Qiagen elution buffer,1,1,12,Nanton,33,2016,gambiae,18.05,NA,1715,NA,NA,NA,NA,Nanton,NSp,207_220322_L001.srt.dp,results/207_220322_L001/207_220322_L001.srt.dp.bam,15390054,13153464,970915984,967494129,31202.0201,68,41.2979,0.0249,3.174,85.46730245390953,Not_test
nan_46,213,26169_213,NA,NA,plate 3,E5,Tristan,10.8664,19,54,Yes,20,None,DNA HS,3.98,NA,18,71.64,213,nan_46,plate 3,E5,Anopheles gambiae,picogreen,10.8664,Qiagen DNEasy,Qiagen elution buffer,1,1,19,Nanton,46,2018,gambiae,10.87,NA,1032,NA,NA,NA,NA,Nanton,NSp,213_220322_L001.srt.dp,results/213_220322_L001/213_220322_L001.srt.dp.bam,16447311,15701210,1097277267,1093573491,33000.7638,63,40.8517,0.0246,3.5871,95.46369008283482,Not_test
nan_47,214,26169_214,NA,NA,plate 3,F5,Tristan,3.6008,56,17,Yes,20,None,DNA HS,7.12,NA,18,128.16,214,nan_47,plate 3,F5,Anopheles gambiae,picogreen,3.6008,Qiagen DNEasy,Qiagen elution buffer,1,1,56,Nanton,47,2018,gambiae,3.6,NA,342,NA,NA,NA,NA,Nanton,NSp,214_220322_L001.srt.dp,results/214_220322_L001/214_220322_L001.srt.dp.bam,22753470,21901454,1544228798,1539684426,39742.8379,65,40.5648,0.0227,5.0482,96.2554458726515,Not_test
nan_48,215,26169_215,NA,NA,plate 3,G5,Tristan,7.16,28,45,Yes,20,None,DNA HS,5.46,NA,18,98.28,215,nan_48,plate 3,G5,Anopheles gambiae,picogreen,7.16,Qiagen DNEasy,Qiagen elution buffer,1,1,28,Nanton,48,2018,gambiae,7.16,NA,680,NA,NA,NA,NA,Nanton,NSp,215_220322_L001.srt.dp,results/215_220322_L001/215_220322_L001.srt.dp.bam,26957832,25708722,1758504438,1753061781,33593.9063,62,40.7037,0.0235,5.7487,95.36643006010276,Not_test
nan_49,216,26169_216,NA,NA,plate 3,H5,Tristan,10.5824,19,54,Yes,20,None,DNA HS,4.36,NA,18,78.48,216,nan_49,plate 3,H5,Anopheles gambiae,picogreen,10.5824,Qiagen DNEasy,Qiagen elution buffer,1,1,19,Nanton,49,2018,gambiae,10.58,NA,1005,NA,NA,NA,NA,Nanton,NSp,216_220322_L001.srt.dp,results/216_220322_L001/216_220322_L001.srt.dp.bam,23876769,22854153,1573222385,1568403356,27249.0047,62,40.9015,0.0234,5.143,95.7171089605968,Not_test
nan_50,217,26169_217,NA,NA,plate 3,A6,Tristan,8.8856,23,50,Yes,20,None,DNA HS,1.89,NA,18,34.02,217,nan_50,plate 3,A6,Anopheles gambiae,picogreen,8.8856,Qiagen DNEasy,Qiagen elution buffer,1,1,23,Nanton,50,2018,gambiae,8.89,NA,844,NA,NA,NA,NA,Nanton,NSp,217_220322_L001.srt.dp,results/217_220322_L001/217_220322_L001.srt.dp.bam,27439000,25819261,1742292548,1736911121,24176.3313,60,40.7153,0.0232,5.6957,94.09694595284085,Not_test
nan_51,218,26169_218,NA,NA,plate 3,B6,Tristan,14.4248,14,59,Yes,20,None,DNA HS,3.06,NA,18,55.08,218,nan_51,plate 3,B6,Anopheles gambiae,picogreen,14.4248,Qiagen DNEasy,Qiagen elution buffer,1,1,14,Nanton,51,2018,gambiae,14.42,NA,1370,NA,NA,NA,NA,Nanton,NSp,218_220322_L001.srt.dp,results/218_220322_L001/218_220322_L001.srt.dp.bam,25015109,21682238,1295274761,1291562086,23272.6209,52,39.1544,0.0222,4.2344,86.67656814927331,Not_test
nan_52,219,26169_219,NA,NA,plate 3,C6,Tristan,18.4304,11,62,Yes,20,None,DNA HS,1.41,NA,18,25.38,219,nan_52,plate 3,C6,Anopheles gambiae,picogreen,18.4304,Qiagen DNEasy,Qiagen elution buffer,1,1,11,Nanton,52,2018,gambiae,18.43,NA,1751,NA,NA,NA,NA,Nanton,NSp,219_220322_L001.srt.dp,results/219_220322_L001/219_220322_L001.srt.dp.bam,21355504,20798030,1730669922,1724421920,34769.9193,76,41.7986,0.0254,5.6577,97.3895535314924,Not_test
nan_53,220,26169_220,NA,NA,plate 3,D6,Tristan,2.0904,66,7,Yes,20,None,DNA HS,3.98,NA,18,71.64,220,nan_53,plate 3,D6,Anopheles gambiae,picogreen,2.0904,Qiagen DNEasy,Qiagen elution buffer,1,1,90,Nanton,53,2018,gambiae,2.09,NA,199,NA,NA,NA,NA,Nanton,NSp,220_220322_L001.srt.dp,results/220_220322_L001/220_220322_L001.srt.dp.bam,24962179,23790928,1607723095,1603067582,33199.1313,62,40.4455,0.0221,5.2558,95.30789759980489,Not_test
nan_54,221,26169_221,NA,NA,plate 3,E6,Tristan,23.4636,10,63,Yes,20,None,DNA HS,2.98,NA,18,53.64,221,nan_54,plate 3,E6,Anopheles gambiae,picogreen,23.4636,Qiagen DNEasy,Qiagen elution buffer,1,1,10,Nanton,54,2018,gambiae,23.46,NA,2229,NA,NA,NA,NA,Nanton,NSp,221_220322_L001.srt.dp,results/221_220322_L001/221_220322_L001.srt.dp.bam,18142736,17377483,1347139973,1342559910,32015.8969,71,41.4378,0.024,4.4039,95.78204191473657,Not_test
nan_55,222,26169_222,NA,NA,plate 3,F6,Tristan,5.0772,40,33,Yes,20,None,DNA HS,4.94,NA,18,88.92,222,nan_55,plate 3,F6,Anopheles gambiae,picogreen,5.0772,Qiagen DNEasy,Qiagen elution buffer,1,1,40,Nanton,55,2018,gambiae,5.08,NA,482,NA,NA,NA,NA,Nanton,NSp,222_220322_L001.srt.dp,results/222_220322_L001/222_220322_L001.srt.dp.bam,22336500,21312154,1397724975,1393670189,30208.3928,59,40.1893,0.0221,4.5693,95.41402636939539,Not_test
nan_56,223,26169_223,NA,NA,plate 3,G6,Tristan,5.272,38,35,Yes,20,None,DNA HS,4.2,NA,18,75.6,223,nan_56,plate 3,G6,Anopheles gambiae,picogreen,5.272,Qiagen DNEasy,Qiagen elution buffer,1,1,38,Nanton,56,2018,gambiae,5.27,NA,501,NA,NA,NA,NA,Nanton,NSp,223_220322_L001.srt.dp,results/223_220322_L001/223_220322_L001.srt.dp.bam,19975847,19199848,1393779380,1389375652,36384.6055,66,40.7328,0.0232,4.5564,96.11531365853973,Not_test
nan_57,224,26169_224,NA,NA,plate 3,H6,Tristan,12.0392,17,56,Yes,20,None,DNA HS,4.2,NA,18,75.6,224,nan_57,plate 3,H6,Anopheles gambiae,picogreen,12.0392,Qiagen DNEasy,Qiagen elution buffer,1,1,17,Nanton,57,2018,gambiae,12.04,NA,1144,NA,NA,NA,NA,Nanton,NSp,224_220322_L001.srt.dp,results/224_220322_L001/224_220322_L001.srt.dp.bam,22445244,21520789,1440333412,1436141766,25997.4268,60,40.5187,0.0223,4.7086,95.88128781313316,Not_test
nan_58,225,26169_225,NA,NA,plate 3,A7,Tristan,9.3744,22,51,Yes,20,None,DNA HS,1.56,NA,18,28.08,225,nan_58,plate 3,A7,Anopheles gambiae,picogreen,9.3744,Qiagen DNEasy,Qiagen elution buffer,1,1,22,Nanton,58,2018,gambiae,9.37,NA,891,NA,NA,NA,NA,Nanton,NSp,225_220322_L001.srt.dp,results/225_220322_L001/225_220322_L001.srt.dp.bam,20931081,20037097,1338957272,1334608529,27686.8886,59,40.6144,0.0242,4.3772,95.72891624660953,Not_test
nan_59,226,26169_226,NA,NA,plate 3,B7,Tristan,12.9968,16,57,Yes,20,None,DNA HS,3.34,NA,18,60.12,226,nan_59,plate 3,B7,Anopheles gambiae,picogreen,12.9968,Qiagen DNEasy,Qiagen elution buffer,1,1,16,Nanton,59,2018,gambiae,13,NA,1235,NA,NA,NA,NA,Nanton,NSp,226_220322_L001.srt.dp,results/226_220322_L001/226_220322_L001.srt.dp.bam,28440764,27216922,1882762812,1876766002,29822.2761,62,40.6581,0.0233,6.1549,95.69687368454659,Not_test
nan_60,227,26169_227,NA,NA,plate 3,C7,Tristan,21.574,10,63,Yes,20,None,DNA HS,2.82,NA,18,50.76,227,nan_60,plate 3,C7,Anopheles gambiae,picogreen,21.574,Qiagen DNEasy,Qiagen elution buffer,1,1,10,Nanton,60,2018,gambiae,21.57,NA,2050,NA,NA,NA,NA,Nanton,NSp,227_220322_L001.srt.dp,results/227_220322_L001/227_220322_L001.srt.dp.bam,24246941,23179208,1633094973,1627494963,28849.463,63,40.9909,0.0241,5.3387,95.59642183317064,Not_test
nan_68,235,26169_235,NA,NA,plate 3,C8,Tristan,8.488,24,49,Yes,20,None,DNA HS,6.96,NA,18,125.28,235,nan_68,plate 3,C8,Anopheles gambiae,picogreen,8.488,Qiagen DNEasy,Qiagen elution buffer,1,1,24,Nanton,68,2020,gambiae,8.49,NA,806,NA,NA,NA,NA,Nanton,NSp,235_220322_L001.srt.dp,results/235_220322_L001/235_220322_L001.srt.dp.bam,18280544,17226525,1403786572,1398781063,40452.8617,74,41.7641,0.0246,4.5891,94.23420331473724,Not_test
dim_16,248,26169_248,NA,NA,plate 3,H9,Tristan,11.96005,17,56,Yes,20,None,DNA HS,4.48,NA,18,80.64,248,dim_16,plate 3,H9,Anopheles gambiae,picogreen,11.96005,Qiagen DNEasy,Qiagen elution buffer,1,1,17,Dimabi,16,2014,gambiae,11.96,NA,1136,NA,NA,NA,NA,Tolon,NSp,248_220322_L001.srt.dp,results/248_220322_L001/248_220322_L001.srt.dp.bam,21188422,20359221,1482136008,1477218174,33761.6352,64,41.2691,0.0238,4.8452,96.08653726077382,Not_test
dim_19,251,26169_251,NA,NA,plate 3,C10,Tristan,7.11785,29,44,Yes,20,None,DNA HS,4,NA,18,72,251,dim_19,plate 3,C10,Anopheles gambiae,picogreen,7.11785,Qiagen DNEasy,Qiagen elution buffer,1,1,29,Dimabi,19,2014,gambiae,7.12,NA,676,NA,NA,NA,NA,Tolon,NSp,251_220322_L001.srt.dp,results/251_220322_L001/251_220322_L001.srt.dp.bam,17159779,16480604,1260218126,1255793725,41464.6272,69,41.296,0.0247,4.1197,96.04205275604075,Not_test
dim_25,256,26169_256,NA,NA,plate 3,H10,Tristan,4.8289,42,31,Yes,20,None,DNA HS,3.42,NA,18,61.56,256,dim_25,plate 3,H10,Anopheles gambiae,picogreen,4.8289,Qiagen DNEasy,Qiagen elution buffer,1,1,42,Dimabi,25,2014,gambiae,4.83,NA,459,NA,NA,NA,NA,Tolon,NSp,256_220322_L001.srt.dp,results/256_220322_L001/256_220322_L001.srt.dp.bam,13647011,13232124,1246681378,1241532673,63900.7501,95,42.2443,0.0273,4.0755,96.95986908781711,Not_test
dim_26,257,26169_257,NA,NA,plate 3,A11,Tristan,20.8734,10,63,Yes,20,None,DNA HS,1.74,NA,18,31.32,257,dim_26,plate 3,A11,Anopheles gambiae,picogreen,20.8734,Qiagen DNEasy,Qiagen elution buffer,1,1,10,Dimabi,26,2014,gambiae,20.87,NA,1983,NA,NA,NA,NA,Tolon,NSp,257_220322_L001.srt.dp,results/257_220322_L001/257_220322_L001.srt.dp.bam,21744008,20843190,1436797198,1432067895,26184.8794,60,40.8624,0.0236,4.697,95.85716671921755,Not_test
dim_29,260,26169_260,NA,NA,plate 3,D11,Tristan,64.726,10,63,Yes,20,None,DNA HS,5.06,NA,18,91.08,260,dim_29,plate 3,D11,Anopheles gambiae,picogreen,64.726,Qiagen DNEasy,Qiagen elution buffer,1,1,10,Dimabi,29,2014,gambiae,64.73,NA,6149,NA,NA,NA,NA,Tolon,NSp,260_220322_L001.srt.dp,results/260_220322_L001/260_220322_L001.srt.dp.bam,32947478,25312412,1715310671,1709769403,26856.2587,59,41.1133,0.0231,5.6075,76.8265540688729,Not_test
dim_31,261,26169_261,NA,NA,plate 3,E11,Tristan,0.35,70,3,Yes,20,None,DNA HS,0.436,NA,18,7.848,261,dim_31,plate 3,E11,Anopheles gambiae,picogreen,0.35,Qiagen DNEasy,Qiagen elution buffer,1,1,90,Dimabi,31,2016,gambiae,0.35,NA,33,NA,NA,NA,NA,Tolon,NSp,261_220322_L001.srt.dp,results/261_220322_L001/261_220322_L001.srt.dp.bam,14207440,7354935,502632843,501081505,32266.8369,57,40.6987,0.0242,1.6431,51.76819328464523,Not_test
dim_33,262,26169_262,NA,NA,plate 3,F11,Tristan,1.547025,31,42,Yes,20,None,DNA HS,0.382,NA,18,6.876,262,dim_33,plate 3,F11,Anopheles gambiae,picogreen,1.547025,Qiagen DNEasy,Qiagen elution buffer,1,1,90,Dimabi,33,2016,gambiae,1.55,NA,147,NA,NA,NA,NA,Tolon,NSp,262_220322_L001.srt.dp,results/262_220322_L001/262_220322_L001.srt.dp.bam,20973004,11104905,677278786,675468938,26032.5191,53,39.6811,0.0217,2.2141,52.94856664309986,Not_test
dim_47,273,26169_273,NA,NA,plate 4,A2,Tristan,10.51085,20,56,Yes,20,None,DNA HS,4.4,NA,18,79.2,273,dim_47,plate 4,A2,Anopheles gambiae,picogreen,10.51085,Qiagen DNEasy,Qiagen elution buffer,1,1,20,Dimabi,47,2018,gambiae,10.51,NA,999,NA,NA,NA,NA,Tolon,NSp,273_220322_L001.srt.dp,results/273_220322_L001/273_220322_L001.srt.dp.bam,20486016,19567778,1411406705,1406863412,36331.6713,64,40.9047,0.024,4.614,95.51773268164978,Not_test
dim_48,274,26169_274,NA,NA,plate 4,B2,Tristan,5.4723,37,39,Yes,20,None,DNA HS,6.06,NA,18,109.08,274,dim_48,plate 4,B2,Anopheles gambiae,picogreen,5.4723,Qiagen DNEasy,Qiagen elution buffer,1,1,37,Dimabi,48,2018,gambiae,5.47,NA,520,NA,NA,NA,NA,Tolon,NSp,274_220322_L001.srt.dp,results/274_220322_L001/274_220322_L001.srt.dp.bam,15823388,15151755,1085321970,1081750224,45096.7485,64,40.8769,0.0238,3.548,95.75544124937086,Not_test
dim_69,291,26169_291,NA,NA,plate 4,C4,Tristan,24.1495,10,66,Yes,20,None,DNA HS,2.4,NA,18,43.2,291,dim_69,plate 4,C4,Anopheles gambiae,picogreen,24.1495,Qiagen DNEasy,Qiagen elution buffer,1,1,10,Dimabi,69,2020,gambiae,24.15,NA,2294,NA,NA,NA,NA,Tolon,NSp,291_220322_L001.srt.dp,results/291_220322_L001/291_220322_L001.srt.dp.bam,13607586,13206707,1144653795,1140429349,44535.8943,81,41.9557,0.025,3.742,97.05400355360605,Not_test
dim_72,294,26169_294,NA,NA,plate 4,F4,Tristan,16.10645,13,63,Yes,20,None,DNA HS,2.2,NA,18,39.6,294,dim_72,plate 4,F4,Anopheles gambiae,picogreen,16.10645,Qiagen DNEasy,Qiagen elution buffer,1,1,13,Dimabi,72,2020,gambiae,16.11,NA,1530,NA,NA,NA,NA,Tolon,NSp,294_220322_L001.srt.dp,results/294_220322_L001/294_220322_L001.srt.dp.bam,14451664,13555604,1111689204,1106170889,51501.1665,75,41.2574,0.0334,3.6342,93.79960674424758,Not_test
dim_73,295,26169_295,NA,NA,plate 4,G4,Tristan,5.0805,40,36,Yes,20,None,DNA HS,2.84,NA,18,51.12,295,dim_73,plate 4,G4,Anopheles gambiae,picogreen,5.0805,Qiagen DNEasy,Qiagen elution buffer,1,1,40,Dimabi,73,2020,gambiae,5.08,NA,483,NA,NA,NA,NA,Tolon,NSp,295_220322_L001.srt.dp,results/295_220322_L001/295_220322_L001.srt.dp.bam,20499096,19660995,1560375807,1554672471,39820.5979,72,41.6192,0.0251,5.101,95.91152214712298,Not_test
wor_16,299,26169_299,NA,NA,plate 4,C5,Tristan,1.2904,57,19,Yes,20,None,DNA HS,1.66,NA,18,29.88,299,wor_16,plate 4,C5,Anopheles gambiae,picogreen,1.2904,Qiagen DNEasy,Qiagen elution buffer,1,1,90,Woribugu,16,2014,gambiae,1.29,NA,123,NA,NA,NA,NA,Tolon,NSp,299_220322_L001.srt.dp,results/299_220322_L001/299_220322_L001.srt.dp.bam,20891938,18726255,1146945984,1143810346,30058.2605,56,39.7974,0.0222,3.7495,89.63388173945376,Not_test
wor_19,301,26169_301,NA,NA,plate 4,E5,Tristan,2.0528,74,2,Yes,20,None,DNA HS,3.04,NA,18,54.72,301,wor_19,plate 4,E5,Anopheles gambiae,picogreen,2.0528,Qiagen DNEasy,Qiagen elution buffer,1,1,90,Woribugu,19,2014,gambiae,2.05,NA,195,NA,NA,NA,NA,Tolon,NSp,301_220322_L001.srt.dp,results/301_220322_L001/301_220322_L001.srt.dp.bam,18399444,17479135,1174143068,1170482984,35365.978,61,40.5149,0.0242,3.8384,94.99816950990476,Not_test
wor_23,304,26169_304,NA,NA,plate 4,H5,Tristan,1.218,67,9,Yes,20,None,DNA HS,1.98,NA,18,35.64,304,wor_23,plate 4,H5,Anopheles gambiae,picogreen,1.218,Qiagen DNEasy,Qiagen elution buffer,1,1,90,Woribugu,23,2014,gambiae,1.22,NA,116,NA,NA,NA,NA,Tolon,NSp,304_220322_L001.srt.dp,results/304_220322_L001/304_220322_L001.srt.dp.bam,19650399,18708809,1219655927,1216098128,42436.1826,59,39.9748,0.0229,3.9871,95.20829068152764,Not_test
wor_24,305,26169_305,NA,NA,plate 4,A6,Tristan,2.4676,69,7,Yes,20,None,DNA HS,4.96,NA,18,89.28,305,wor_24,plate 4,A6,Anopheles gambiae,picogreen,2.4676,Qiagen DNEasy,Qiagen elution buffer,1,1,82,Woribugu,24,2014,gambiae,2.47,NA,234,NA,NA,NA,NA,Tolon,NSp,305_220322_L001.srt.dp,results/305_220322_L001/305_220322_L001.srt.dp.bam,19540849,18804493,1289477008,1285644741,60657.7825,63,40.7808,0.0219,4.2154,96.23170927731952,Not_test
wor_25,306,26169_306,NA,NA,plate 4,B6,Tristan,3.0736,66,10,Yes,20,None,DNA HS,5.52,NA,18,99.36,306,wor_25,plate 4,B6,Anopheles gambiae,picogreen,3.0736,Qiagen DNEasy,Qiagen elution buffer,1,1,66,Woribugu,25,2014,gambiae,3.07,NA,292,NA,NA,NA,NA,Tolon,NSp,306_220322_L001.srt.dp,results/306_220322_L001/306_220322_L001.srt.dp.bam,21438333,20394145,1423287649,1418762947,62070.4225,64,40.574,0.0241,4.6528,95.12934144646414,Not_test
wor_28,308,26169_308,NA,NA,plate 4,D6,Tristan,1.3692,70,6,Yes,20,None,DNA HS,2.54,NA,18,45.72,308,wor_28,plate 4,D6,Anopheles gambiae,picogreen,1.3692,Qiagen DNEasy,Qiagen elution buffer,1,1,90,Woribugu,28,2014,gambiae,1.37,NA,130,NA,NA,NA,NA,Tolon,NSp,308_220322_L001.srt.dp,results/308_220322_L001/308_220322_L001.srt.dp.bam,26629439,25248682,1608348200,1604180839,28945.8337,58,40.2779,0.0213,5.2578,94.81492268763154,Not_test
wor_29,309,26169_309,NA,NA,plate 4,E6,Tristan,3.4732,58,18,Yes,20,None,DNA HS,5.52,NA,18,99.36,309,wor_29,plate 4,E6,Anopheles gambiae,picogreen,3.4732,Qiagen DNEasy,Qiagen elution buffer,1,1,58,Woribugu,29,2014,gambiae,3.47,NA,330,NA,NA,NA,NA,Tolon,NSp,309_220322_L001.srt.dp,results/309_220322_L001/309_220322_L001.srt.dp.bam,21289860,20302666,1371629247,1367369503,46039.394,62,40.3522,0.0241,4.484,95.3630789493214,Not_test
wor_30,310,26169_310,NA,NA,plate 4,F6,Tristan,1.1372,66,10,Yes,20,None,DNA HS,2.06,NA,18,37.08,310,wor_30,plate 4,F6,Anopheles gambiae,picogreen,1.1372,Qiagen DNEasy,Qiagen elution buffer,1,1,90,Woribugu,30,2014,gambiae,1.14,NA,108,NA,NA,NA,NA,Tolon,NSp,310_220322_L001.srt.dp,results/310_220322_L001/310_220322_L001.srt.dp.bam,26297518,24715863,1603902435,1599192958,37994.0897,59,40.0869,0.0232,5.2433,93.98553506076125,Not_test
wor_31,311,26169_311,NA,NA,plate 4,G6,Tristan,1.7382,40,36,Yes,20,None,DNA HS,1.89,NA,18,34.02,311,wor_31,plate 4,G6,Anopheles gambiae,picogreen,1.7382,Qiagen DNEasy,Qiagen elution buffer,1,1,90,Woribugu,31,2016,gambiae,1.74,NA,165,NA,NA,NA,NA,Tolon,NSp,311_220322_L001.srt.dp,results/311_220322_L001/311_220322_L001.srt.dp.bam,17311182,12545964,772880596,770730668,21302.8426,56,39.8925,0.0219,2.5266,72.47317947439984,Not_test
wor_38,313,26169_313,NA,NA,plate 4,A7,Tristan,2.0804,75,1,Yes,20,None,DNA HS,4.32,NA,18,77.76,313,wor_38,plate 4,A7,Anopheles gambiae,picogreen,2.0804,Qiagen DNEasy,Qiagen elution buffer,1,1,90,Woribugu,38,2016,gambiae,2.08,NA,198,NA,NA,NA,NA,Tolon,NSp,313_220322_L001.srt.dp,results/313_220322_L001/313_220322_L001.srt.dp.bam,20914868,19954888,1332187046,1328430551,52538.305,61,40.1276,0.0223,4.355,95.41005948495587,Not_test
wor_40,314,26169_314,NA,NA,plate 4,B7,Tristan,0.3628,75,1,Yes,20,None,DNA HS,0.438,NA,18,7.884,314,wor_40,plate 4,B7,Anopheles gambiae,picogreen,0.3628,Qiagen DNEasy,Qiagen elution buffer,1,1,90,Woribugu,40,2016,gambiae,0.36,NA,34,NA,NA,NA,NA,Tolon,NSp,314_220322_L001.srt.dp,results/314_220322_L001/314_220322_L001.srt.dp.bam,24345343,16722035,1003660799,1000825355,39466.7204,54,38.9962,0.0227,3.281,68.6867915559867,Not_test
wor_44,316,26169_316,NA,NA,plate 4,D7,Tristan,0.4224,75,1,Yes,20,None,DNA HS,0.462,NA,18,8.316,316,wor_44,plate 4,D7,Anopheles gambiae,picogreen,0.4224,Qiagen DNEasy,Qiagen elution buffer,1,1,90,Woribugu,44,2016,gambiae,0.42,NA,40,NA,NA,NA,NA,Tolon,NSp,316_220322_L001.srt.dp,results/316_220322_L001/316_220322_L001.srt.dp.bam,18130862,16511506,1172147196,1168650657,49526.9425,66,40.1748,0.0233,3.8318,91.06851069739541,Not_test
wor_45,317,26169_317,NA,NA,plate 4,E7,Tristan,2.1308,75,1,Yes,20,None,DNA HS,4.02,NA,18,72.36,317,wor_45,plate 4,E7,Anopheles gambiae,picogreen,2.1308,Qiagen DNEasy,Qiagen elution buffer,1,1,94,Woribugu,45,2016,gambiae,2.13,NA,202,NA,NA,NA,NA,Tolon,NSp,317_220322_L001.srt.dp,results/317_220322_L001/317_220322_L001.srt.dp.bam,23157779,22326527,1683548487,1677914724,65140.455,72,40.9513,0.0245,5.5036,96.41048478785466,Not_test
wor_48,319,26169_319,NA,NA,plate 4,G7,Tristan,2.786,72,4,Yes,20,None,DNA HS,5.18,NA,18,93.24,319,wor_48,plate 4,G7,Anopheles gambiae,picogreen,2.786,Qiagen DNEasy,Qiagen elution buffer,1,1,72,Woribugu,48,2018,gambiae,2.79,NA,265,NA,NA,NA,NA,Tolon,NSp,319_220322_L001.srt.dp,results/319_220322_L001/319_220322_L001.srt.dp.bam,19827050,19203835,1666801995,1660697573,72509.0491,84,41.7736,0.0258,5.4489,96.85674369106852,Not_test
wor_49,320,26169_320,NA,NA,plate 4,H7,Tristan,4.1154,49,27,Yes,20,None,DNA HS,7.16,NA,18,128.88,320,wor_49,plate 4,H7,Anopheles gambiae,picogreen,4.1154,Qiagen DNEasy,Qiagen elution buffer,1,1,49,Woribugu,49,2018,gambiae,4.12,NA,391,NA,NA,NA,NA,Tolon,NSp,320_220322_L001.srt.dp,results/320_220322_L001/320_220322_L001.srt.dp.bam,19348549,18644144,1500206149,1494648960,59884.5057,75,41.5088,0.0255,4.9043,96.35939108405493,Not_test
wor_52,322,26169_322,NA,NA,plate 4,B8,Tristan,0.2804,67,9,Yes,20,None,DNA HS,0.31,NA,18,5.58,322,wor_52,plate 4,B8,Anopheles gambiae,picogreen,0.2804,Qiagen DNEasy,Qiagen elution buffer,1,1,90,Woribugu,52,2018,gambiae,0.28,NA,27,NA,NA,NA,NA,Tolon,NSp,322_220322_L001.srt.dp,results/322_220322_L001/322_220322_L001.srt.dp.bam,20817293,13365092,1061112929,1057546048,68592.9535,74,41.1046,0.0245,3.4689,64.20187293323872,Not_test
wor_54,323,26169_323,NA,NA,plate 4,C8,Tristan,0.4692,75,1,Yes,20,None,DNA HS,0.748,NA,18,13.464,323,wor_54,plate 4,C8,Anopheles gambiae,picogreen,0.4692,Qiagen DNEasy,Qiagen elution buffer,1,1,90,Woribugu,54,2018,gambiae,0.47,NA,45,NA,NA,NA,NA,Tolon,NSp,323_220322_L001.srt.dp,results/323_220322_L001/323_220322_L001.srt.dp.bam,17984765,13773415,1048455826,1045069820,54039.0557,70,40.7058,0.024,3.4275,76.58379189274922,Not_test
kul_4,329,26169_329,NA,NA,plate 4,A9,Tristan,1.3744,76,0,Yes,20,None,DNA HS,2.7,NA,18,48.6,329,kul_4,plate 4,A9,Anopheles gambiae,picogreen,1.3744,Qiagen DNEasy,Qiagen elution buffer,1,1,90,Kulaa,4,2014,gambiae,1.37,NA,131,NA,NA,NA,NA,Sagnerigu,NSp,329_220322_L001.srt.dp,results/329_220322_L001/329_220322_L001.srt.dp.bam,22376040,21216247,1463819429,1459185536,33576.4243,63,40.7043,0.0245,4.7853,94.8168085148221,Not_test
kul_5,330,26169_330,NA,NA,plate 4,B9,Tristan,0.301,70,6,Yes,20,None,DNA HS,0.582,NA,18,10.476,330,kul_5,plate 4,B9,Anopheles gambiae,picogreen,0.301,Qiagen DNEasy,Qiagen elution buffer,1,1,90,Kulaa,5,2014,gambiae,0.3,NA,29,NA,NA,NA,NA,Sagnerigu,NSp,330_220322_L001.srt.dp,results/330_220322_L001/330_220322_L001.srt.dp.bam,20486459,19146965,1254289462,1250398337,25641.7979,59,40.2869,0.0237,4.1004,93.46156405067366,Not_test
kul_6,331,26169_331,NA,NA,plate 4,C9,Tristan,0.4414,70,6,Yes,20,None,DNA HS,0.6,NA,18,10.8,331,kul_6,plate 4,C9,Anopheles gambiae,picogreen,0.4414,Qiagen DNEasy,Qiagen elution buffer,1,1,90,Kulaa,6,2014,gambiae,0.44,NA,42,NA,NA,NA,NA,Sagnerigu,NSp,331_220322_L001.srt.dp,results/331_220322_L001/331_220322_L001.srt.dp.bam,24755616,23075952,1571591044,1566630029,34966.5111,61,40.278,0.0244,5.1377,93.21501836189412,Not_test
kul_7,332,26169_332,NA,NA,plate 4,D9,Tristan,0.8192,65,11,Yes,20,None,DNA HS,1.38,NA,18,24.84,332,kul_7,plate 4,D9,Anopheles gambiae,picogreen,0.8192,Qiagen DNEasy,Qiagen elution buffer,1,1,90,Kulaa,7,2014,gambiae,0.82,NA,78,NA,NA,NA,NA,Sagnerigu,NSp,332_220322_L001.srt.dp,results/332_220322_L001/332_220322_L001.srt.dp.bam,25249171,23813054,1569549331,1564715168,34691.0507,60,40.1627,0.0237,5.131,94.31222118143998,Not_test
kul_8,333,26169_333,NA,NA,plate 4,E9,Tristan,0.3068,64,12,Yes,20,None,DNA HS,0.66,NA,18,11.88,333,kul_8,plate 4,E9,Anopheles gambiae,picogreen,0.3068,Qiagen DNEasy,Qiagen elution buffer,1,1,90,Kulaa,8,2014,gambiae,0.31,NA,29,NA,NA,NA,NA,Sagnerigu,NSp,333_220322_L001.srt.dp,results/333_220322_L001/333_220322_L001.srt.dp.bam,16050608,15110259,1129728501,1126130943,46075.5417,68,40.8224,0.0257,3.6932,94.14134966102219,Not_test
kul_9,334,26169_334,NA,NA,plate 4,F9,Tristan,1.0572,70,6,Yes,20,None,DNA HS,1.01,NA,18,18.18,334,kul_9,plate 4,F9,Anopheles gambiae,picogreen,1.0572,Qiagen DNEasy,Qiagen elution buffer,1,1,90,Kulaa,9,2014,gambiae,1.06,NA,100,NA,NA,NA,NA,Sagnerigu,NSp,334_220322_L001.srt.dp,results/334_220322_L001/334_220322_L001.srt.dp.bam,20623354,19075573,1298130507,1294062252,28149.2041,62,40.6477,0.0244,4.2437,92.49500832890712,Not_test
kul_10,335,26169_335,NA,NA,plate 4,G9,Tristan,0.9328,75,1,Yes,20,None,DNA HS,1.39,NA,18,25.02,335,kul_10,plate 4,G9,Anopheles gambiae,picogreen,0.9328,Qiagen DNEasy,Qiagen elution buffer,1,1,90,Kulaa,10,2014,gambiae,0.93,NA,89,NA,NA,NA,NA,Sagnerigu,NSp,335_220322_L001.srt.dp,results/335_220322_L001/335_220322_L001.srt.dp.bam,16516169,15775294,1123069658,1119398823,31232.6907,65,40.9329,0.0257,3.6714,95.51424425361596,Not_test
kul_11,336,26169_336,NA,NA,plate 4,H9,Tristan,0.6212,75,1,Yes,20,None,DNA HS,1.08,NA,18,19.44,336,kul_11,plate 4,H9,Anopheles gambiae,picogreen,0.6212,Qiagen DNEasy,Qiagen elution buffer,1,1,90,Kulaa,11,2014,gambiae,0.62,NA,59,NA,NA,NA,NA,Sagnerigu,NSp,336_220322_L001.srt.dp,results/336_220322_L001/336_220322_L001.srt.dp.bam,20054975,18920993,1209039807,1205729169,23787.6283,57,40.3121,0.0215,3.9524,94.34563244282279,Not_test
kul_15,338,26169_338,NA,NA,plate 4,B10,Tristan,2.21,64,12,Yes,20,None,DNA HS,4.06,NA,18,73.08,338,kul_15,plate 4,B10,Anopheles gambiae,picogreen,2.21,Qiagen DNEasy,Qiagen elution buffer,1,1,91,Kulaa,15,2014,gambiae,2.21,NA,210,NA,NA,NA,NA,Sagnerigu,NSp,338_220322_L001.srt.dp,results/338_220322_L001/338_220322_L001.srt.dp.bam,18911433,18127566,1250125905,1246311227,54649.9342,63,40.4562,0.0236,4.0868,95.85506291352961,Not_test
kul_17,339,26169_339,NA,NA,plate 4,C10,Tristan,11.883,17,59,Yes,20,None,DNA HS,4.9,NA,18,88.2,339,kul_17,plate 4,C10,Anopheles gambiae,picogreen,11.883,Qiagen DNEasy,Qiagen elution buffer,1,1,17,Kulaa,17,2016,gambiae,11.88,NA,1129,NA,NA,NA,NA,Sagnerigu,NSp,339_220322_L001.srt.dp,results/339_220322_L001/339_220322_L001.srt.dp.bam,18220559,15324222,1075959384,1072291114,46509.7773,64,40.9263,0.0243,3.5174,84.10401678675171,Not_test
kul_28,342,26169_342,NA,NA,plate 4,F10,Tristan,8.2296,25,51,Yes,20,None,DNA HS,6.38,NA,18,114.84,342,kul_28,plate 4,F10,Anopheles gambiae,picogreen,8.2296,Qiagen DNEasy,Qiagen elution buffer,1,1,25,Kulaa,28,2016,gambiae,8.23,NA,782,NA,NA,NA,NA,Sagnerigu,NSp,342_220322_L001.srt.dp,results/342_220322_L001/342_220322_L001.srt.dp.bam,16565900,14196985,1037531740,1033811670,53568.1492,67,41.0251,0.0249,3.3918,85.70005251752093,Not_test
kul_30,343,26169_343,NA,NA,plate 4,G10,Tristan,10.0008,20,56,Yes,20,None,DNA HS,5.26,NA,18,94.68,343,kul_30,plate 4,G10,Anopheles gambiae,picogreen,10.0008,Qiagen DNEasy,Qiagen elution buffer,1,1,20,Kulaa,30,2016,gambiae,10,NA,950,NA,NA,NA,NA,Sagnerigu,NSp,343_220322_L001.srt.dp,results/343_220322_L001/343_220322_L001.srt.dp.bam,21326802,16800146,1145967892,1142145005,43716.0943,63,40.5143,0.0235,3.7463,78.77480177290529,Not_test
kul_36,346,26169_346,NA,NA,plate 4,B11,Tristan,4.3908,46,30,Yes,20,None,DNA HS,6.22,NA,18,111.96,346,kul_36,plate 4,B11,Anopheles gambiae,picogreen,4.3908,Qiagen DNEasy,Qiagen elution buffer,1,1,46,Kulaa,36,2018,gambiae,4.39,NA,417,NA,NA,NA,NA,Sagnerigu,NSp,346_220322_L001.srt.dp,results/346_220322_L001/346_220322_L001.srt.dp.bam,21012176,18117132,1286485582,1282461941,53512.4703,63,41.2006,0.0234,4.2056,86.22206476854181,Not_test
kul_46,352,26169_352,NA,NA,plate 4,H11,Tristan,18.6078,11,65,Yes,20,None,DNA HS,5.28,NA,18,95.04,352,kul_46,plate 4,H11,Anopheles gambiae,picogreen,18.6078,Qiagen DNEasy,Qiagen elution buffer,1,1,11,Kulaa,46,2020,gambiae,18.61,NA,1768,NA,NA,NA,NA,Sagnerigu,NSp,352_220322_L001.srt.dp,results/352_220322_L001/352_220322_L001.srt.dp.bam,14650338,14220159,1285198389,1279965026,50490.6865,88,42.3903,0.0263,4.2014,97.06369231890758,Not_test
kul_47,353,26169_353,NA,NA,plate 5,A1,Tristan,24.1934,10,65,Yes,20,None,DNA HS,5.7,NA,18,102.6,353,kul_47,plate 5,A1,Anopheles gambiae,picogreen,24.1934,Qiagen DNEasy,Qiagen elution buffer,1,1,10,Kulaa,47,2020,gambiae,24.19,NA,2298,NA,NA,NA,NA,Sagnerigu,NSp,353_220322_L001.srt.dp,results/353_220322_L001/353_220322_L001.srt.dp.bam,20540378,20010981,1851631876,1844267535,52890.5242,92,42.1804,0.0259,6.0531,97.42265210503915,Not_test
kul_48,354,26169_354,NA,NA,plate 5,B1,Tristan,20.5892,10,65,Yes,20,None,DNA HS,3.54,NA,18,63.72,354,kul_48,plate 5,B1,Anopheles gambiae,picogreen,20.5892,Qiagen DNEasy,Qiagen elution buffer,1,1,10,Kulaa,48,2020,gambiae,20.59,NA,1956,NA,NA,NA,NA,Sagnerigu,NSp,354_220322_L001.srt.dp,results/354_220322_L001/354_220322_L001.srt.dp.bam,23434043,22788526,2064771678,2057153199,50097.6928,87,43.3329,0.0252,6.7499,97.24538783171133,Not_test
kul_49,355,26169_355,NA,NA,plate 5,C1,Tristan,12.846,16,59,Yes,20,None,DNA HS,3.72,NA,18,66.96,355,kul_49,plate 5,C1,Anopheles gambiae,picogreen,12.846,Qiagen DNEasy,Qiagen elution buffer,1,1,16,Kulaa,49,2020,gambiae,12.85,NA,1220,NA,NA,NA,NA,Sagnerigu,NSp,355_220322_L001.srt.dp,results/355_220322_L001/355_220322_L001.srt.dp.bam,19029889,18549273,1682821126,1676289906,50462.9675,87,42.2227,0.0257,5.5013,97.47441511613651,Not_test
kul_50,356,26169_356,NA,NA,plate 5,D1,Tristan,10.3084,20,55,Yes,20,None,DNA HS,4.78,NA,18,86.04,356,kul_50,plate 5,D1,Anopheles gambiae,picogreen,10.3084,Qiagen DNEasy,Qiagen elution buffer,1,1,20,Kulaa,50,2020,gambiae,10.31,NA,979,NA,NA,NA,NA,Sagnerigu,NSp,356_220322_L001.srt.dp,results/356_220322_L001/356_220322_L001.srt.dp.bam,18448699,17982993,1635761982,1629415034,52204.6617,88,42.1638,0.0256,5.3474,97.47567023560848,Not_test
kul_51,357,26169_357,NA,NA,plate 5,E1,Tristan,19.4316,11,64,Yes,20,None,DNA HS,4.7,NA,18,84.6,357,kul_51,plate 5,E1,Anopheles gambiae,picogreen,19.4316,Qiagen DNEasy,Qiagen elution buffer,1,1,11,Kulaa,51,2020,gambiae,19.43,NA,1846,NA,NA,NA,NA,Sagnerigu,NSp,357_220322_L001.srt.dp,results/357_220322_L001/357_220322_L001.srt.dp.bam,17573516,17135809,1587471380,1581228233,51460.9038,91,42.2597,0.0259,5.1896,97.5092804422291,Not_test
kul_53,358,26169_358,NA,NA,plate 5,F1,Tristan,44.6124,10,65,Yes,20,None,DNA HS,4.08,NA,18,73.44,358,kul_53,plate 5,F1,Anopheles gambiae,picogreen,44.6124,Qiagen DNEasy,Qiagen elution buffer,1,1,10,Kulaa,53,2020,gambiae,44.61,NA,4238,NA,NA,NA,NA,Sagnerigu,NSp,358_220322_L001.srt.dp,results/358_220322_L001/358_220322_L001.srt.dp.bam,18660896,18210982,1708606447,1701628345,57329.9103,94,42.3826,0.0267,5.5856,97.58900108547842,Not_test
kul_54,359,26169_359,NA,NA,plate 5,G1,Tristan,33.9252,10,65,Yes,20,None,DNA HS,4.06,NA,18,73.08,359,kul_54,plate 5,G1,Anopheles gambiae,picogreen,33.9252,Qiagen DNEasy,Qiagen elution buffer,1,1,10,Kulaa,54,2020,gambiae,33.93,NA,3223,NA,NA,NA,NA,Sagnerigu,NSp,359_220322_L001.srt.dp,results/359_220322_L001/359_220322_L001.srt.dp.bam,14531406,14166807,1212240813,1207879800,54136.9193,81,41.6637,0.0242,3.9629,97.49095854867726,Not_test
kul_56,361,26169_361,NA,NA,plate 5,A2,Tristan,21.688,10,65,Yes,20,None,DNA HS,5.54,NA,18,99.72,361,kul_56,plate 5,A2,Anopheles gambiae,picogreen,21.688,Qiagen DNEasy,Qiagen elution buffer,1,1,10,Kulaa,56,2020,gambiae,21.69,NA,2060,NA,NA,NA,NA,Sagnerigu,NSp,361_220322_L001.srt.dp,results/361_220322_L001/361_220322_L001.srt.dp.bam,33066787,32157558,2953180995,2942052374,53508.1902,88,42.3465,0.0255,9.6542,97.2503255305694,Not_test
kul_57,362,26169_362,NA,NA,plate 5,B2,Tristan,17.1512,12,63,Yes,20,None,DNA HS,4.3,NA,18,77.4,362,kul_57,plate 5,B2,Anopheles gambiae,picogreen,17.1512,Qiagen DNEasy,Qiagen elution buffer,1,1,12,Kulaa,57,2020,gambiae,17.15,NA,1629,NA,NA,NA,NA,Sagnerigu,NSp,362_220322_L001.srt.dp,results/362_220322_L001/362_220322_L001.srt.dp.bam,32777483,31768317,2977672772,2966810413,57274.1276,92,42.0717,0.0249,9.7342,96.92116078589683,Not_test
kul_58,363,26169_363,NA,NA,plate 5,C2,Tristan,33.6712,10,65,Yes,20,None,DNA HS,3.96,NA,18,71.28,363,kul_58,plate 5,C2,Anopheles gambiae,picogreen,33.6712,Qiagen DNEasy,Qiagen elution buffer,1,1,10,Kulaa,58,2020,gambiae,33.67,NA,3199,NA,NA,NA,NA,Sagnerigu,NSp,363_220322_L001.srt.dp,results/363_220322_L001/363_220322_L001.srt.dp.bam,25053543,24421504,2328500783,2319742754,51447.5853,96,42.293,0.0254,7.612,97.47724703048985,Not_test
kul_59,364,26169_364,NA,NA,plate 5,D2,Tristan,14.8968,14,61,Yes,20,None,DNA HS,3.98,NA,18,71.64,364,kul_59,plate 5,D2,Anopheles gambiae,picogreen,14.8968,Qiagen DNEasy,Qiagen elution buffer,1,1,14,Kulaa,59,2020,gambiae,14.9,NA,1415,NA,NA,NA,NA,Sagnerigu,NSp,364_220322_L001.srt.dp,results/364_220322_L001/364_220322_L001.srt.dp.bam,28366175,27589301,2396696768,2388342262,48575.1971,80,41.8722,0.0245,7.835,97.26126627929214,Not_test
kul_60,365,26169_365,NA,NA,plate 5,E2,Tristan,32.8228,10,65,Yes,20,None,DNA HS,4.34,NA,18,78.12,365,kul_60,plate 5,E2,Anopheles gambiae,picogreen,32.8228,Qiagen DNEasy,Qiagen elution buffer,1,1,10,Kulaa,60,2020,gambiae,32.82,NA,3118,NA,NA,NA,NA,Sagnerigu,NSp,365_220322_L001.srt.dp,results/365_220322_L001/365_220322_L001.srt.dp.bam,23771771,23154545,2148541200,2140350777,51482.759,90,42.4179,0.0253,7.0237,97.40353379645126,Not_test
tug_8,369,26169_369,NA,NA,plate 5,A3,Tristan,0.8144,75,0,Yes,20,None,DNA HS,1.33,NA,18,23.94,369,tug_8,plate 5,A3,Anopheles gambiae,picogreen,0.8144,Qiagen DNEasy,Qiagen elution buffer,1,1,90,Tugu,8,2014,gambiae,0.81,NA,77,NA,NA,NA,NA,Tamale,NSp,369_220322_L001.srt.dp,results/369_220322_L001/369_220322_L001.srt.dp.bam,29521660,28111267,1938103466,1932488454,31058.0449,63,40.551,0.0234,6.3358,95.22251458759433,Not_test
tug_14,370,26169_370,NA,NA,plate 5,B3,Tristan,4.8848,41,34,Yes,20,None,DNA HS,4.46,NA,18,80.28,370,tug_14,plate 5,B3,Anopheles gambiae,picogreen,4.8848,Qiagen DNEasy,Qiagen elution buffer,1,1,41,Tugu,14,2014,gambiae,4.88,NA,464,NA,NA,NA,NA,Tamale,NSp,370_220322_L001.srt.dp,results/370_220322_L001/370_220322_L001.srt.dp.bam,29498839,28046838,1957749925,1951641564,40072.6347,64,40.6955,0.0237,6.4,95.0777689928746,Not_test
tug_27,373,26169_373,NA,NA,plate 5,E3,Tristan,9.0992,22,53,Yes,20,None,DNA HS,6.1,NA,18,109.8,373,tug_27,plate 5,E3,Anopheles gambiae,picogreen,9.0992,Qiagen DNEasy,Qiagen elution buffer,1,1,22,Tugu,27,2016,gambiae,9.1,NA,864,NA,NA,NA,NA,Tamale,NSp,373_220322_L001.srt.dp,results/373_220322_L001/373_220322_L001.srt.dp.bam,19732496,15916357,1107702438,1104144343,52324.9088,63,40.549,0.0232,3.6212,80.66063715406302,Not_test
tug_42,386,26169_386,NA,NA,plate 5,B5,Tristan,4.5044,45,30,Yes,20,None,DNA HS,3.56,NA,18,64.08,386,tug_42,plate 5,B5,Anopheles gambiae,picogreen,4.5044,Qiagen DNEasy,Qiagen elution buffer,1,1,45,Tugu,42,2018,gambiae,4.5,NA,428,NA,NA,NA,NA,Tamale,NSp,386_220322_L001.srt.dp,results/386_220322_L001/386_220322_L001.srt.dp.bam,31201189,30098580,2344437609,2336990594,46363.269,71,41.1165,0.0233,7.6641,96.46613146697712,Not_test
tug_43,387,26169_387,NA,NA,plate 5,C5,Tristan,12.3448,17,58,Yes,20,None,DNA HS,3.5,NA,18,63,387,tug_43,plate 5,C5,Anopheles gambiae,picogreen,12.3448,Qiagen DNEasy,Qiagen elution buffer,1,1,17,Tugu,43,2018,gambiae,12.34,NA,1173,NA,NA,NA,NA,Tamale,NSp,387_220322_L001.srt.dp,results/387_220322_L001/387_220322_L001.srt.dp.bam,27721402,26823268,2339670521,2331177988,46486.3385,80,42.0329,0.0252,7.6486,96.76014221791525,Not_test
tug_46,390,26169_390,NA,NA,plate 5,F5,Tristan,11.7768,17,58,Yes,20,None,DNA HS,8.04,NA,18,144.72,390,tug_46,plate 5,F5,Anopheles gambiae,picogreen,11.7768,Qiagen DNEasy,Qiagen elution buffer,1,1,17,Tugu,46,2020,gambiae,11.78,NA,1119,NA,NA,NA,NA,Tamale,NSp,390_220322_L001.srt.dp,results/390_220322_L001/390_220322_L001.srt.dp.bam,22109762,21547576,1936266567,1928970490,49062.1875,86,42.1376,0.0251,6.3298,97.45729510792563,Not_test
tug_47,391,26169_391,NA,NA,plate 5,G5,Tristan,8.2554,25,50,Yes,20,None,DNA HS,8.5,NA,18,153,391,tug_47,plate 5,G5,Anopheles gambiae,picogreen,8.2554,Qiagen DNEasy,Qiagen elution buffer,1,1,25,Tugu,47,2020,gambiae,8.26,NA,784,NA,NA,NA,NA,Tamale,NSp,391_220322_L001.srt.dp,results/391_220322_L001/391_220322_L001.srt.dp.bam,22446166,21850063,1887977485,1880955726,50835.1586,82,41.9222,0.0247,6.1719,97.34429924469062,Not_test
tug_49,393,26169_393,NA,NA,plate 5,A6,Tristan,7.8672,26,49,Yes,20,None,DNA HS,6.98,NA,18,125.64,393,tug_49,plate 5,A6,Anopheles gambiae,picogreen,7.8672,Qiagen DNEasy,Qiagen elution buffer,1,1,26,Tugu,49,2020,gambiae,7.87,NA,747,NA,NA,NA,NA,Tamale,NSp,393_220322_L001.srt.dp,results/393_220322_L001/393_220322_L001.srt.dp.bam,23437582,22826342,2050902014,2043210216,48019.5618,86,42.13,0.0252,6.7046,97.39205179100814,Not_test
tug_50,394,26169_394,NA,NA,plate 5,B6,Tristan,9.8578,21,54,Yes,20,None,DNA HS,8.64,NA,18,155.52,394,tug_50,plate 5,B6,Anopheles gambiae,picogreen,9.8578,Qiagen DNEasy,Qiagen elution buffer,1,1,21,Tugu,50,2020,gambiae,9.86,NA,936,NA,NA,NA,NA,Tamale,NSp,394_220322_L001.srt.dp,results/394_220322_L001/394_220322_L001.srt.dp.bam,30904967,30096772,2695391022,2685359742,47457.1938,85,42.1881,0.025,8.8114,97.38490256274986,Not_test
tug_54,398,26169_398,NA,NA,plate 5,F6,Tristan,39.7656,10,65,Yes,20,None,DNA HS,3.24,NA,18,58.32,398,tug_54,plate 5,F6,Anopheles gambiae,picogreen,39.7656,Qiagen DNEasy,Qiagen elution buffer,1,1,10,Tugu,54,2020,gambiae,39.77,NA,3778,NA,NA,NA,NA,Tamale,NSp,398_220322_L001.srt.dp,results/398_220322_L001/398_220322_L001.srt.dp.bam,25461013,24847357,2316856720,2308195321,51259.3946,91,42.1966,0.0253,7.574,97.58982095488503,Not_test
tug_55,399,26169_399,NA,NA,plate 5,G6,Tristan,24.198,10,65,Yes,20,None,DNA HS,4.66,NA,18,83.88,399,tug_55,plate 5,G6,Anopheles gambiae,picogreen,24.198,Qiagen DNEasy,Qiagen elution buffer,1,1,10,Tugu,55,2020,gambiae,24.2,NA,2299,NA,NA,NA,NA,Tamale,NSp,399_220322_L001.srt.dp,results/399_220322_L001/399_220322_L001.srt.dp.bam,29786894,29140358,2831560464,2821200006,58141.3463,100,42.3884,0.0251,9.2566,97.829461507467,Not_test
tug_59,403,26169_403,NA,NA,plate 5,C7,Tristan,23.1524,10,65,Yes,20,None,DNA HS,4.38,NA,18,78.84,403,tug_59,plate 5,C7,Anopheles gambiae,picogreen,23.1524,Qiagen DNEasy,Qiagen elution buffer,1,1,10,Tugu,59,2020,gambiae,23.15,NA,2199,NA,NA,NA,NA,Tamale,NSp,403_220322_L001.srt.dp,results/403_220322_L001/403_220322_L001.srt.dp.bam,22358662,21981663,2324507541,2315324344,69084.7968,119,42.6556,0.0263,7.599,98.31385706353984,Not_test
tug_60,404,26169_404,NA,NA,plate 5,D7,Tristan,28.5076,10,65,Yes,20,None,DNA HS,3.66,NA,18,65.88,404,tug_60,plate 5,D7,Anopheles gambiae,picogreen,28.5076,Qiagen DNEasy,Qiagen elution buffer,1,1,10,Tugu,60,2020,gambiae,28.51,NA,2708,NA,NA,NA,NA,Tamale,NSp,404_220322_L001.srt.dp,results/404_220322_L001/404_220322_L001.srt.dp.bam,23769773,23319154,2384933944,2375149230,64292.6741,111,42.6454,0.0269,7.7965,98.10423515613716,Not_test
