sample_id,cgr_num,cgr_id_full,plate_num,well_num,user,submitted_conc_ngul,submitted_vol_ngul,water_added_prior,bead_cleanup_needed,elution_volume_ul,fold_dilution,qubit_kit,measured_conc_ngul_cgr,actual_conc_ngul,vol_remaining_ul,total_quant_ng,sample_number,tub_label,plate_name,well,organism,quant_method,lstm_conc_ngul,purification_method,suspension_buffer,260_280,260_230,sample_vol_ul,Pop,sample number,collection year,sine PCR result,average picogreen value,failed after repeat,estimated total DNA,plate,conc_ng_ul,input_conc,notes,did_i_fail
bun_1,1,26169_1,plate 1,A1,Tristan,4.8642,42,35,Yes,20,None,DNA HS,5.38,NA,18,96.84,1,bun_1,plate 1,A1,Anopheles gambiae,picogreen,4.8642,Qiagen DNEasy,Qiagen elution buffer,1,1,42,Bunbuna,1,2014,gambiae,4.86,,462,NA,NA,NA,NA,NA
bun_2,2,26169_2,plate 1,B1,Tristan,2.8756,70,7,Yes,20,None,DNA HS,5.58,NA,18,100.44,2,bun_2,plate 1,B1,Anopheles gambiae,picogreen,2.8756,Qiagen DNEasy,Qiagen elution buffer,1,1,70,Bunbuna,2,2014,gambiae,2.88,,273,NA,NA,NA,NA,NA
bun_3,3,26169_3,plate 1,C1,Tristan,4.369,46,31,Yes,20,None,DNA HS,4.44,NA,18,79.92,3,bun_3,plate 1,C1,Anopheles gambiae,picogreen,4.369,Qiagen DNEasy,Qiagen elution buffer,1,1,46,Bunbuna,3,2014,gambiae,4.37,,415,NA,NA,NA,NA,NA
bun_4,4,26169_4,plate 1,D1,Tristan,2.5432,69,8,Yes,20,None,DNA HS,3.56,NA,18,64.08,4,bun_4,plate 1,D1,Anopheles gambiae,picogreen,2.5432,Qiagen DNEasy,Qiagen elution buffer,1,1,79,Bunbuna,4,2014,gambiae,2.54,,242,NA,NA,NA,NA,NA
bun_5,5,26169_5,plate 1,E1,Tristan,3.4256,59,18,Yes,20,None,DNA HS,4.96,NA,18,89.28,5,bun_5,plate 1,E1,Anopheles gambiae,picogreen,3.4256,Qiagen DNEasy,Qiagen elution buffer,1,1,59,Bunbuna,5,2014,gambiae,3.43,,325,NA,NA,NA,NA,NA
bun_6,6,26169_6,plate 1,F1,Tristan,3.4396,59,18,Yes,20,None,DNA HS,5.38,NA,18,96.84,6,bun_6,plate 1,F1,Anopheles gambiae,picogreen,3.4396,Qiagen DNEasy,Qiagen elution buffer,1,1,59,Bunbuna,6,2014,gambiae,3.44,,327,NA,NA,NA,NA,NA
bun_7,7,26169_7,plate 1,G1,Tristan,8.5896,24,53,Yes,20,None,DNA HS,2.08,NA,18,37.44,7,bun_7,plate 1,G1,Anopheles gambiae,picogreen,8.5896,Qiagen DNEasy,Qiagen elution buffer,1,1,24,Bunbuna,7,2014,gambiae,8.59,,816,NA,NA,NA,NA,NA
bun_8,8,26169_8,plate 1,H1,Tristan,3.9772,45,32,Yes,20,None,DNA HS,1.02,NA,18,18.36,8,bun_8,plate 1,H1,Anopheles gambiae,picogreen,3.9772,Qiagen DNEasy,Qiagen elution buffer,1,1,51,Bunbuna,8,2014,gambiae,3.98,,378,NA,NA,NA,NA,NA
bun_9,9,26169_9,plate 1,A2,Tristan,2.9396,69,8,Yes,20,None,DNA HS,3.16,NA,18,56.88,9,bun_9,plate 1,A2,Anopheles gambiae,picogreen,2.9396,Qiagen DNEasy,Qiagen elution buffer,1,1,69,Bunbuna,9,2014,gambiae,2.94,,279,NA,NA,NA,NA,NA
bun_10,10,26169_10,plate 1,B2,Tristan,3.3848,60,17,Yes,20,None,DNA HS,4.72,NA,18,84.96,10,bun_10,plate 1,B2,Anopheles gambiae,picogreen,3.3848,Qiagen DNEasy,Qiagen elution buffer,1,1,60,Bunbuna,10,2014,gambiae,3.38,,322,NA,NA,NA,NA,NA
bun_11,11,26169_11,plate 1,C2,Tristan,2.2816,70,7,Yes,20,None,DNA HS,4.22,NA,18,75.96,11,bun_11,plate 1,C2,Anopheles gambiae,picogreen,2.2816,Qiagen DNEasy,Qiagen elution buffer,1,1,88,Bunbuna,11,2014,gambiae,2.28,,217,NA,NA,NA,NA,NA
bun_12,12,26169_12,plate 1,D2,Tristan,5.486,37,40,Yes,20,None,DNA HS,4.32,NA,18,77.76,12,bun_12,plate 1,D2,Anopheles gambiae,picogreen,5.486,Qiagen DNEasy,Qiagen elution buffer,1,1,37,Bunbuna,12,2014,gambiae,5.49,,521,NA,NA,NA,NA,NA
bun_13,13,26169_13,plate 1,E2,Tristan,2.6468,76,1,Yes,20,None,DNA HS,5.4,NA,18,97.2,13,bun_13,plate 1,E2,Anopheles gambiae,picogreen,2.6468,Qiagen DNEasy,Qiagen elution buffer,1,1,76,Bunbuna,13,2014,gambiae,2.65,,251,NA,NA,NA,NA,NA
bun_14,14,26169_14,plate 1,F2,Tristan,7.5048,27,50,Yes,20,None,DNA HS,2.38,NA,18,42.84,14,bun_14,plate 1,F2,Anopheles gambiae,picogreen,7.5048,Qiagen DNEasy,Qiagen elution buffer,1,1,27,Bunbuna,14,2014,gambiae,7.5,,713,NA,NA,NA,NA,NA
bun_15,15,26169_15,plate 1,G2,Tristan,7.388,28,49,Yes,20,None,DNA HS,4.18,NA,18,75.24,15,bun_15,plate 1,G2,Anopheles gambiae,picogreen,7.388,Qiagen DNEasy,Qiagen elution buffer,1,1,28,Bunbuna,15,2014,gambiae,7.39,,702,NA,NA,NA,NA,NA
bun_16,16,26169_16,plate 1,H2,Tristan,14.7718,14,63,Yes,20,None,DNA HS,4.22,NA,18,75.96,16,bun_16,plate 1,H2,Anopheles gambiae,picogreen,14.7718,Qiagen DNEasy,Qiagen elution buffer,1,1,14,Bunbuna,16,2018,gambiae,14.77,,1403,NA,NA,NA,NA,NA
bun_17,17,26169_17,plate 1,A3,Tristan,0.4202,72,5,Yes,20,None,DNA HS,0.624,NA,18,11.232,17,bun_17,plate 1,A3,Anopheles gambiae,picogreen,0.4202,Qiagen DNEasy,Qiagen elution buffer,1,1,90,Bunbuna,17,2018,gambiae,0.42,,40,NA,NA,NA,NA,NA
bun_18,18,26169_18,plate 1,B3,Tristan,7.9928,26,51,Yes,20,None,DNA HS,5.02,NA,18,90.36,18,bun_18,plate 1,B3,Anopheles gambiae,picogreen,7.9928,Qiagen DNEasy,Qiagen elution buffer,1,1,26,Bunbuna,18,2018,gambiae,7.99,,759,NA,NA,NA,NA,NA
bun_19,19,26169_19,plate 1,C3,Tristan,14.42,14,63,Yes,20,None,DNA HS,4.9,NA,18,88.2,19,bun_19,plate 1,C3,Anopheles gambiae,picogreen,14.42,Qiagen DNEasy,Qiagen elution buffer,1,1,14,Bunbuna,19,2018,gambiae,14.42,,1370,NA,NA,NA,NA,NA
bun_20,20,26169_20,plate 1,D3,Tristan,20.91,10,67,Yes,20,None,DNA HS,4.7,NA,18,84.6,20,bun_20,plate 1,D3,Anopheles arabiensis,picogreen,20.91,Qiagen DNEasy,Qiagen elution buffer,1,1,10,Bunbuna,20,2018,arabiensis,20.91,,1986,NA,NA,NA,NA,NA
bun_21,21,26169_21,plate 1,E3,Tristan,5.2232,39,38,Yes,20,None,DNA HS,5.32,NA,18,95.76,21,bun_21,plate 1,E3,Anopheles gambiae,picogreen,5.2232,Qiagen DNEasy,Qiagen elution buffer,1,1,39,Bunbuna,21,2018,gambiae,5.22,,496,NA,NA,NA,NA,NA
bun_22,22,26169_22,plate 1,F3,Tristan,3.0384,66,11,Yes,20,None,DNA HS,1.41,NA,18,25.38,22,bun_22,plate 1,F3,Anopheles gambiae,picogreen,3.0384,Qiagen DNEasy,Qiagen elution buffer,1,1,66,Bunbuna,22,2018,gambiae,3.04,,289,NA,NA,NA,NA,NA
bun_23,23,26169_23,plate 1,G3,Tristan,9.8772,21,56,Yes,20,None,DNA HS,2.38,NA,18,42.84,23,bun_23,plate 1,G3,Anopheles gambiae,picogreen,9.8772,Qiagen DNEasy,Qiagen elution buffer,1,1,21,Bunbuna,23,2018,gambiae,9.88,,938,NA,NA,NA,NA,NA
bun_24,24,26169_24,plate 1,H3,Tristan,0.7976,73,4,Yes,20,None,DNA HS,0.786,NA,18,14.148,24,bun_24,plate 1,H3,Anopheles gambiae,picogreen,0.7976,Qiagen DNEasy,Qiagen elution buffer,1,1,90,Bunbuna,24,2018,gambiae,0.8,,76,NA,NA,NA,NA,NA
bun_25,25,26169_25,plate 1,A4,Tristan,3.688,55,22,Yes,20,None,DNA HS,3.42,NA,18,61.56,25,bun_25,plate 1,A4,Anopheles gambiae,picogreen,3.688,Qiagen DNEasy,Qiagen elution buffer,1,1,55,Bunbuna,25,2018,gambiae,3.69,,350,NA,NA,NA,NA,NA
bun_26,26,26169_26,plate 1,B4,Tristan,2.6116,77,0,Yes,20,None,DNA HS,3.44,NA,18,61.92,26,bun_26,plate 1,B4,Anopheles gambiae,picogreen,2.6116,Qiagen DNEasy,Qiagen elution buffer,1,1,77,Bunbuna,26,2018,gambiae,2.61,,248,NA,NA,NA,NA,NA
bun_27,27,26169_27,plate 1,C4,Tristan,21.6436,10,67,Yes,20,None,DNA HS,2.1,NA,18,37.8,27,bun_27,plate 1,C4,Anopheles gambiae,picogreen,21.6436,Qiagen DNEasy,Qiagen elution buffer,1,1,10,Bunbuna,27,2018,gambiae,21.64,,2056,NA,NA,NA,NA,NA
bun_28,28,26169_28,plate 1,D4,Tristan,5.1068,40,37,Yes,20,None,DNA HS,3.72,NA,18,66.96,28,bun_28,plate 1,D4,Anopheles arabiensis,picogreen,5.1068,Qiagen DNEasy,Qiagen elution buffer,1,1,40,Bunbuna,28,2018,arabiensis,5.11,,485,NA,NA,NA,NA,NA
bun_29,29,26169_29,plate 1,E4,Tristan,7.5056,27,50,Yes,20,None,DNA HS,2.76,NA,18,49.68,29,bun_29,plate 1,E4,Anopheles gambiae,picogreen,7.5056,Qiagen DNEasy,Qiagen elution buffer,1,1,27,Bunbuna,29,2018,gambiae,7.51,,713,NA,NA,NA,NA,NA
bun_30,30,26169_30,plate 1,F4,Tristan,3.7216,54,23,Yes,20,None,DNA HS,3.02,NA,18,54.36,30,bun_30,plate 1,F4,Anopheles gambiae,picogreen,3.7216,Qiagen DNEasy,Qiagen elution buffer,1,1,54,Bunbuna,30,2018,gambiae,3.72,,354,NA,NA,NA,NA,NA
bun_31,31,26169_31,plate 1,G4,Tristan,16.0228,13,64,Yes,20,None,DNA HS,5.48,NA,18,98.64,31,bun_31,plate 1,G4,Anopheles gambiae,picogreen,16.0228,Qiagen DNEasy,Qiagen elution buffer,1,1,13,Bunbuna,31,2020,gambiae,16.02,,1522,NA,NA,NA,NA,NA
bun_32,32,26169_32,plate 1,H4,Tristan,28.6338,10,67,Yes,20,None,DNA HS,6.84,NA,18,123.12,32,bun_32,plate 1,H4,Anopheles arabiensis,picogreen,28.6338,Qiagen DNEasy,Qiagen elution buffer,1,1,10,Bunbuna,32,2020,arabiensis,28.63,,2720,NA,NA,NA,NA,NA
bun_33,33,26169_33,plate 1,A5,Tristan,23.3252,10,67,Yes,20,None,DNA HS,4.28,NA,18,77.04,33,bun_33,plate 1,A5,Anopheles gambiae,picogreen,23.3252,Qiagen DNEasy,Qiagen elution buffer,1,1,10,Bunbuna,33,2020,gambiae,23.33,,2216,NA,NA,NA,NA,NA
bun_34,34,26169_34,plate 1,B5,Tristan,14.6098,14,63,Yes,20,None,DNA HS,5.9,NA,18,106.2,34,bun_34,plate 1,B5,Anopheles gambiae,picogreen,14.6098,Qiagen DNEasy,Qiagen elution buffer,1,1,14,Bunbuna,34,2020,gambiae,14.61,,1388,NA,NA,NA,NA,NA
bun_35,35,26169_35,plate 1,C5,Tristan,22.1052,10,67,Yes,20,None,DNA HS,6.06,NA,18,109.08,35,bun_35,plate 1,C5,Anopheles gambiae,picogreen,22.1052,Qiagen DNEasy,Qiagen elution buffer,1,1,10,Bunbuna,35,2020,gambiae,22.11,,2100,NA,NA,NA,NA,NA
bun_36,36,26169_36,plate 1,D5,Tristan,22.2774,10,67,Yes,20,None,DNA HS,4.92,NA,18,88.56,36,bun_36,plate 1,D5,Anopheles gambiae,picogreen,22.2774,Qiagen DNEasy,Qiagen elution buffer,1,1,10,Bunbuna,36,2020,gambiae,22.28,,2116,NA,NA,NA,NA,NA
bun_37,37,26169_37,plate 1,E5,Tristan,24.0164,10,67,Yes,20,None,DNA HS,2.56,NA,18,46.08,37,bun_37,plate 1,E5,Anopheles gambiae,picogreen,24.0164,Qiagen DNEasy,Qiagen elution buffer,1,1,10,Bunbuna,37,2020,gambiae,24.02,,2282,NA,NA,NA,NA,NA
bun_38,38,26169_38,plate 1,F5,Tristan,54.6228,10,67,Yes,20,None,DNA HS,6.54,NA,18,117.72,38,bun_38,plate 1,F5,Anopheles coluzzii,picogreen,54.6228,Qiagen DNEasy,Qiagen elution buffer,1,1,10,Bunbuna,38,2020,coluzzi,54.62,,5189,NA,NA,NA,NA,NA
bun_39,39,26169_39,plate 1,G5,Tristan,31.8568,10,67,Yes,20,None,DNA HS,3.78,NA,18,68.04,39,bun_39,plate 1,G5,Anopheles gambiae,picogreen,31.8568,Qiagen DNEasy,Qiagen elution buffer,1,1,10,Bunbuna,39,2020,gambiae,31.86,,3026,NA,NA,NA,NA,NA
bun_40,40,26169_40,plate 1,H5,Tristan,62.5596,10,67,Yes,20,None,DNA HS,5.8,NA,18,104.4,40,bun_40,plate 1,H5,Anopheles coluzzii,picogreen,62.5596,Qiagen DNEasy,Qiagen elution buffer,1,1,10,Bunbuna,40,2020,coluzzi,62.56,,5943,NA,NA,NA,NA,NA
bun_41,41,26169_41,plate 1,A6,Tristan,11.3428,18,59,Yes,20,None,DNA HS,3.88,NA,18,69.84,41,bun_41,plate 1,A6,Anopheles gambiae,picogreen,11.3428,Qiagen DNEasy,Qiagen elution buffer,1,1,18,Bunbuna,41,2020,gambiae,11.34,,1078,NA,NA,NA,NA,NA
bun_42,42,26169_42,plate 1,B6,Tristan,12.7612,16,61,Yes,20,None,DNA HS,3.18,NA,18,57.24,42,bun_42,plate 1,B6,Anopheles gambiae,picogreen,12.7612,Qiagen DNEasy,Qiagen elution buffer,1,1,16,Bunbuna,42,2020,gambiae,12.76,,1212,NA,NA,NA,NA,NA
bun_43,43,26169_43,plate 1,C6,Tristan,20.1692,10,67,Yes,20,None,DNA HS,2.42,NA,18,43.56,43,bun_43,plate 1,C6,Anopheles gambiae,picogreen,20.1692,Qiagen DNEasy,Qiagen elution buffer,1,1,10,Bunbuna,43,2020,gambiae,20.17,,1916,NA,NA,NA,NA,NA
bun_44,44,26169_44,plate 1,D6,Tristan,29.0624,10,67,Yes,20,None,DNA HS,4.74,NA,18,85.32,44,bun_44,plate 1,D6,Anopheles gambiae,picogreen,29.0624,Qiagen DNEasy,Qiagen elution buffer,1,1,10,Bunbuna,44,2020,gambiae,29.06,,2761,NA,NA,NA,NA,NA
bun_45,45,26169_45,plate 1,E6,Tristan,23.0748,10,67,Yes,20,None,DNA HS,2.56,NA,18,46.08,45,bun_45,plate 1,E6,Anopheles gambiae,picogreen,23.0748,Qiagen DNEasy,Qiagen elution buffer,1,1,10,Bunbuna,45,2020,gambiae,23.07,,2192,NA,NA,NA,NA,NA
gbu_1,46,26169_46,plate 1,F6,Tristan,0.445,70,7,Yes,20,None,DNA HS,0.444,NA,18,7.992,46,gbu_1,plate 1,F6,Anopheles gambiae,picogreen,0.445,Qiagen DNEasy,Qiagen elution buffer,1,1,90,Gbullung,1,2008,gambiae,0.45,,42,1,0.444,1.11,,1
gbu_2,47,26169_47,plate 1,G6,Tristan,0.2524,72,5,Yes,20,None,DNA HS,0.137,NA,18,2.466,47,gbu_2,plate 1,G6,Anopheles gambiae,picogreen,0.2524,Qiagen DNEasy,Qiagen elution buffer,1,1,90,Gbullung,2,2008,gambiae,0.25,,24,1,0.137,0.3425,,1
gbu_7,48,26169_48,plate 1,H6,Tristan,0.8212,61,16,Yes,20,None,DNA HS,1.16,NA,18,20.88,48,gbu_7,plate 1,H6,Anopheles gambiae,picogreen,0.8212,Qiagen DNEasy,Qiagen elution buffer,1,1,90,Gbullung,7,2008,gambiae,0.82,,78,NA,NA,NA,NA,NA
gbu_10,49,26169_49,plate 1,A7,Tristan,0.8972,70,7,Yes,20,None,DNA HS,1.5,NA,18,27,49,gbu_10,plate 1,A7,Anopheles gambiae,picogreen,0.8972,Qiagen DNEasy,Qiagen elution buffer,1,1,90,Gbullung,10,2008,gambiae,0.9,,85,NA,NA,NA,NA,NA
gbu_13,50,26169_50,plate 1,B7,Tristan,0.4451,70,7,Yes,20,None,DNA HS,0.708,NA,18,12.744,50,gbu_13,plate 1,B7,Anopheles arabiensis,picogreen,0.4451,Qiagen DNEasy,Qiagen elution buffer,1,1,90,Gbullung,13,2008,arabiensis,0.45,,42,NA,NA,NA,NA,NA
gbu_15,51,26169_51,plate 1,C7,Tristan,0.2624,65,12,Yes,20,None,DNA HS,0.362,NA,18,6.516,51,gbu_15,plate 1,C7,Anopheles gambiae,picogreen,0.2624,Qiagen DNEasy,Qiagen elution buffer,1,1,90,Gbullung,15,2008,gambiae,0.26,,25,NA,NA,NA,NA,NA
gbu_16,52,26169_52,plate 1,D7,Tristan,2.3456,67,10,Yes,20,None,DNA HS,3.46,NA,18,62.28,52,gbu_16,plate 1,D7,Anopheles gambiae,picogreen,2.3456,Qiagen DNEasy,Qiagen elution buffer,1,1,86,Gbullung,16,2014,gambiae,2.35,,223,NA,NA,NA,NA,NA
gbu_18,53,26169_53,plate 1,E7,Tristan,1.6406,75,2,Yes,20,None,DNA HS,3.18,NA,18,57.24,53,gbu_18,plate 1,E7,Anopheles gambiae,picogreen,1.6406,Qiagen DNEasy,Qiagen elution buffer,1,1,90,Gbullung,18,2014,gambiae,1.64,,156,NA,NA,NA,NA,NA
gbu_19,54,26169_54,plate 1,F7,Tristan,1.8826,70,7,Yes,20,None,DNA HS,3.78,NA,18,68.04,54,gbu_19,plate 1,F7,Anopheles gambiae,picogreen,1.8826,Qiagen DNEasy,Qiagen elution buffer,1,1,90,Gbullung,19,2014,gambiae,1.88,,179,NA,NA,NA,NA,NA
gbu_20,55,26169_55,plate 1,G7,Tristan,2.844,71,6,Yes,20,None,DNA HS,6.34,NA,18,114.12,55,gbu_20,plate 1,G7,Anopheles gambiae,picogreen,2.844,Qiagen DNEasy,Qiagen elution buffer,1,1,71,Gbullung,20,2014,gambiae,2.84,,270,NA,NA,NA,NA,NA
gbu_22,56,26169_56,plate 1,H7,Tristan,2.7727,73,4,Yes,20,None,DNA HS,5.08,NA,18,91.44,56,gbu_22,plate 1,H7,Anopheles gambiae,picogreen,2.7727,Qiagen DNEasy,Qiagen elution buffer,1,1,73,Gbullung,22,2014,gambiae,2.77,,263,NA,NA,NA,NA,NA
gbu_23,57,26169_57,plate 1,A8,Tristan,0.8294,72,5,Yes,20,None,DNA HS,1.23,NA,18,22.14,57,gbu_23,plate 1,A8,Anopheles gambiae,picogreen,0.8294,Qiagen DNEasy,Qiagen elution buffer,1,1,90,Gbullung,23,2014,gambiae,0.83,,79,NA,NA,NA,NA,NA
gbu_24,58,26169_58,plate 1,B8,Tristan,0.4175,72,5,Yes,20,None,DNA HS,0.528,NA,18,9.504,58,gbu_24,plate 1,B8,Anopheles gambiae,picogreen,0.4175,Qiagen DNEasy,Qiagen elution buffer,1,1,90,Gbullung,24,2014,gambiae,0.42,,40,NA,NA,NA,NA,NA
gbu_25,59,26169_59,plate 1,C8,Tristan,1.8737,72,5,Yes,20,None,DNA HS,3.62,NA,18,65.16,59,gbu_25,plate 1,C8,Anopheles gambiae,picogreen,1.8737,Qiagen DNEasy,Qiagen elution buffer,1,1,90,Gbullung,25,2014,gambiae,1.87,,178,NA,NA,NA,NA,NA
gbu_26,60,26169_60,plate 1,D8,Tristan,1.0883,72,5,Yes,20,None,DNA HS,1.69,NA,18,30.42,60,gbu_26,plate 1,D8,Anopheles gambiae,picogreen,1.0883,Qiagen DNEasy,Qiagen elution buffer,1,1,90,Gbullung,26,2014,gambiae,1.09,,103,NA,NA,NA,NA,NA
gbu_28,61,26169_61,plate 1,E8,Tristan,2.3786,71,6,Yes,20,None,DNA HS,4.16,NA,18,74.88,61,gbu_28,plate 1,E8,Anopheles gambiae,picogreen,2.3786,Qiagen DNEasy,Qiagen elution buffer,1,1,85,Gbullung,28,2014,gambiae,2.38,,226,NA,NA,NA,NA,NA
gbu_31,62,26169_62,plate 1,F8,Tristan,3.1884,63,14,Yes,20,None,DNA HS,3.72,NA,18,66.96,62,gbu_31,plate 1,F8,Anopheles coluzzii,picogreen,3.1884,Qiagen DNEasy,Qiagen elution buffer,1,1,63,Gbullung,31,2016,coluzzi,3.19,,303,NA,NA,NA,NA,NA
gbu_32,63,26169_63,plate 1,G8,Tristan,5.858,35,42,Yes,20,None,DNA HS,6.46,NA,18,116.28,63,gbu_32,plate 1,G8,Anopheles gambiae,picogreen,5.858,Qiagen DNEasy,Qiagen elution buffer,1,1,35,Gbullung,32,2016,gambiae,5.86,,557,NA,NA,NA,NA,NA
gbu_33,64,26169_64,plate 1,H8,Tristan,5.8868,34,43,Yes,20,None,DNA HS,4.72,NA,18,84.96,64,gbu_33,plate 1,H8,Anopheles gambiae,picogreen,5.8868,Qiagen DNEasy,Qiagen elution buffer,1,1,34,Gbullung,33,2016,gambiae,5.89,,559,NA,NA,NA,NA,NA
gbu_34,65,26169_65,plate 1,A9,Tristan,0.511,70,7,Yes,20,None,DNA HS,0.992,NA,18,17.856,65,gbu_34,plate 1,A9,Anopheles gambiae,picogreen,0.511,Qiagen DNEasy,Qiagen elution buffer,1,1,90,Gbullung,34,2016,gambiae,0.51,,49,NA,NA,NA,NA,NA
gbu_35,66,26169_66,plate 1,B9,Tristan,2.7212,74,3,Yes,20,None,DNA HS,4.98,NA,18,89.64,66,gbu_35,plate 1,B9,Anopheles gambiae,picogreen,2.7212,Qiagen DNEasy,Qiagen elution buffer,1,1,74,Gbullung,35,2016,gambiae,2.72,,259,NA,NA,NA,NA,NA
gbu_36,67,26169_67,plate 1,C9,Tristan,5.2914,38,39,Yes,20,None,DNA HS,4.5,NA,18,81,67,gbu_36,plate 1,C9,Anopheles gambiae,picogreen,5.2914,Qiagen DNEasy,Qiagen elution buffer,1,1,38,Gbullung,36,2016,gambiae,5.29,,503,NA,NA,NA,NA,NA
gbu_37,68,26169_68,plate 1,D9,Tristan,0.3378,71,6,Yes,20,None,DNA HS,0.512,NA,18,9.216,68,gbu_37,plate 1,D9,Anopheles gambiae,picogreen,0.3378,Qiagen DNEasy,Qiagen elution buffer,1,1,90,Gbullung,37,2016,gambiae,0.34,,32,NA,NA,NA,NA,NA
gbu_38,69,26169_69,plate 1,E9,Tristan,6.9564,29,48,Yes,20,None,DNA HS,5.04,NA,18,90.72,69,gbu_38,plate 1,E9,Anopheles coluzzii,picogreen,6.9564,Qiagen DNEasy,Qiagen elution buffer,1,1,29,Gbullung,38,2016,coluzzi,6.96,,661,NA,NA,NA,NA,NA
gbu_39,70,26169_70,plate 1,F9,Tristan,4.8746,42,35,Yes,20,None,DNA HS,5.34,NA,18,96.12,70,gbu_39,plate 1,F9,Anopheles coluzzii,picogreen,4.8746,Qiagen DNEasy,Qiagen elution buffer,1,1,42,Gbullung,39,2016,coluzzi,4.87,,463,NA,NA,NA,NA,NA
gbu_40,71,26169_71,plate 1,G9,Tristan,3.3455,60,17,Yes,20,None,DNA HS,5.6,NA,18,100.8,71,gbu_40,plate 1,G9,Anopheles gambiae,picogreen,3.3455,Qiagen DNEasy,Qiagen elution buffer,1,1,60,Gbullung,40,2016,gambiae,3.35,,318,NA,NA,NA,NA,NA
gbu_41,72,26169_72,plate 1,H9,Tristan,1.0559,73,4,Yes,20,None,DNA HS,1.9,NA,18,34.2,72,gbu_41,plate 1,H9,Anopheles gambiae,picogreen,1.0559,Qiagen DNEasy,Qiagen elution buffer,1,1,90,Gbullung,41,2016,gambiae,1.06,,100,NA,NA,NA,NA,NA
gbu_42,73,26169_73,plate 1,A10,Tristan,7.2349,28,49,Yes,20,None,DNA HS,5.02,NA,18,90.36,73,gbu_42,plate 1,A10,Anopheles gambiae,picogreen,7.2349,Qiagen DNEasy,Qiagen elution buffer,1,1,28,Gbullung,42,2016,gambiae,7.23,,687,NA,NA,NA,NA,NA
gbu_44,74,26169_74,plate 1,B10,Tristan,4.9381,41,36,Yes,20,None,DNA HS,5.82,NA,18,104.76,74,gbu_44,plate 1,B10,Anopheles gambiae,picogreen,4.9381,Qiagen DNEasy,Qiagen elution buffer,1,1,41,Gbullung,44,2016,gambiae,4.94,,469,NA,NA,NA,NA,NA
gbu_45,75,26169_75,plate 1,C10,Tristan,2.9816,68,9,Yes,20,None,DNA HS,6.22,NA,18,111.96,75,gbu_45,plate 1,C10,Anopheles gambiae,picogreen,2.9816,Qiagen DNEasy,Qiagen elution buffer,1,1,68,Gbullung,45,2016,gambiae,2.98,,283,NA,NA,NA,NA,NA
gbu_46,76,26169_76,plate 1,D10,Tristan,8.6458,24,53,Yes,20,None,DNA HS,5.18,NA,18,93.24,76,gbu_46,plate 1,D10,Anopheles arabiensis,picogreen,8.6458,Qiagen DNEasy,Qiagen elution buffer,1,1,24,Gbullung,46,2018,arabiensis,8.65,,821,NA,NA,NA,NA,NA
gbu_47,77,26169_77,plate 1,E10,Tristan,19.123,11,66,Yes,20,None,DNA HS,4.86,NA,18,87.48,77,gbu_47,plate 1,E10,Anopheles gambiae,picogreen,19.123,Qiagen DNEasy,Qiagen elution buffer,1,1,11,Gbullung,47,2018,gambiae,19.12,,1817,1,4.86,12.15,,1
gbu_48,78,26169_78,plate 1,F10,Tristan,20.28,10,67,Yes,20,None,DNA HS,6.36,NA,18,114.48,78,gbu_48,plate 1,F10,Anopheles gambiae,picogreen,20.28,Qiagen DNEasy,Qiagen elution buffer,1,1,10,Gbullung,48,2018,gambiae,20.28,,1927,NA,NA,NA,NA,NA
gbu_49,79,26169_79,plate 1,G10,Tristan,11.5494,18,59,Yes,20,None,DNA HS,5.7,NA,18,102.6,79,gbu_49,plate 1,G10,Anopheles arabiensis,picogreen,11.5494,Qiagen DNEasy,Qiagen elution buffer,1,1,18,Gbullung,49,2018,arabiensis,11.55,,1097,NA,NA,NA,NA,NA
gbu_50,80,26169_80,plate 1,H10,Tristan,4.9268,41,36,Yes,20,None,DNA HS,6,NA,18,108,80,gbu_50,plate 1,H10,Anopheles gambiae,picogreen,4.9268,Qiagen DNEasy,Qiagen elution buffer,1,1,41,Gbullung,50,2018,gambiae,4.93,,468,NA,NA,NA,NA,NA
gbu_51,81,26169_81,plate 1,A11,Tristan,9.3224,22,55,Yes,20,None,DNA HS,5.06,NA,18,91.08,81,gbu_51,plate 1,A11,Anopheles gambiae,picogreen,9.3224,Qiagen DNEasy,Qiagen elution buffer,1,1,22,Gbullung,51,2018,gambiae,9.32,,886,NA,NA,NA,NA,NA
gbu_52,82,26169_82,plate 1,B11,Tristan,5.4723,37,40,Yes,20,None,DNA HS,4.72,NA,18,84.96,82,gbu_52,plate 1,B11,Anopheles gambiae,picogreen,5.4723,Qiagen DNEasy,Qiagen elution buffer,1,1,37,Gbullung,52,2018,gambiae,5.47,,520,1,4.72,11.8,,1
gbu_53,83,26169_83,plate 1,C11,Tristan,13.4923,15,62,Yes,20,None,DNA HS,4.74,NA,18,85.32,83,gbu_53,plate 1,C11,Anopheles gambiae,picogreen,13.4923,Qiagen DNEasy,Qiagen elution buffer,1,1,15,Gbullung,53,2018,gambiae,13.49,,1282,NA,NA,NA,NA,NA
gbu_54,84,26169_84,plate 1,D11,Tristan,7.9352,26,51,Yes,20,None,DNA HS,4.88,NA,18,87.84,84,gbu_54,plate 1,D11,Anopheles gambiae,picogreen,7.9352,Qiagen DNEasy,Qiagen elution buffer,1,1,26,Gbullung,54,2018,gambiae,7.94,,754,NA,NA,NA,NA,NA
gbu_55,85,26169_85,plate 1,E11,Tristan,9.2924,22,55,Yes,20,None,DNA HS,4.02,NA,18,72.36,85,gbu_55,plate 1,E11,Anopheles gambiae,picogreen,9.2924,Qiagen DNEasy,Qiagen elution buffer,1,1,22,Gbullung,55,2018,gambiae,9.29,,883,1,4.02,10.05,,1
gbu_56,86,26169_86,plate 1,F11,Tristan,8.5073,24,53,Yes,20,None,DNA HS,4.58,NA,18,82.44,86,gbu_56,plate 1,F11,Anopheles coluzzii,picogreen,8.5073,Qiagen DNEasy,Qiagen elution buffer,1,1,24,Gbullung,56,2018,coluzzi,8.51,,808,NA,NA,NA,NA,NA
gbu_57,87,26169_87,plate 1,G11,Tristan,16.3182,13,64,Yes,20,None,DNA HS,4,NA,18,72,87,gbu_57,plate 1,G11,Anopheles coluzzii,picogreen,16.3182,Qiagen DNEasy,Qiagen elution buffer,1,1,13,Gbullung,57,2018,coluzzi,16.32,,1550,NA,NA,NA,NA,NA
gbu_58,88,26169_88,plate 1,H11,Tristan,9.1368,22,55,Yes,20,None,DNA HS,4.26,NA,18,76.68,88,gbu_58,plate 1,H11,Anopheles gambiae,picogreen,9.1368,Qiagen DNEasy,Qiagen elution buffer,1,1,22,Gbullung,58,2018,gambiae,9.14,,868,NA,NA,NA,NA,NA
gbu_59,89,26169_89,plate 2,A1,Tristan,7.1533,28,47,Yes,20,None,DNA HS,5.68,NA,18,102.24,89,gbu_59,plate 2,A1,Anopheles gambiae,picogreen,7.1533,Qiagen DNEasy,Qiagen elution buffer,1,1,28,Gbullung,59,2018,gambiae,7.15,,680,NA,NA,NA,NA,NA
gbu_61,90,26169_90,plate 2,B1,Tristan,26.3644,10,65,Yes,20,None,DNA HS,6.02,NA,18,108.36,90,gbu_61,plate 2,B1,Anopheles gambiae,picogreen,26.3644,Qiagen DNEasy,Qiagen elution buffer,1,1,10,Gbullung,61,2020,gambiae,26.36,,2505,NA,NA,NA,NA,NA
gbu_62,91,26169_91,plate 2,C1,Tristan,13.4242,15,60,Yes,20,None,DNA HS,4.28,NA,18,77.04,91,gbu_62,plate 2,C1,Anopheles gambiae,picogreen,13.4242,Qiagen DNEasy,Qiagen elution buffer,1,1,15,Gbullung,62,2020,gambiae,13.42,,1275,NA,NA,NA,NA,NA
gbu_63,92,26169_92,plate 2,D1,Tristan,20.1236,10,65,Yes,20,None,DNA HS,5.16,NA,18,92.88,92,gbu_63,plate 2,D1,Anopheles gambiae,picogreen,20.1236,Qiagen DNEasy,Qiagen elution buffer,1,1,10,Gbullung,63,2020,gambiae,20.12,,1912,NA,NA,NA,NA,NA
gbu_64,93,26169_93,plate 2,E1,Tristan,14.6412,14,61,Yes,20,None,DNA HS,5.22,NA,18,93.96,93,gbu_64,plate 2,E1,Anopheles gambiae,picogreen,14.6412,Qiagen DNEasy,Qiagen elution buffer,1,1,14,Gbullung,64,2020,gambiae,14.64,,1391,NA,NA,NA,NA,NA
gbu_65,94,26169_94,plate 2,F1,Tristan,9.5988,21,54,Yes,20,None,DNA HS,4.52,NA,18,81.36,94,gbu_65,plate 2,F1,Anopheles arabiensis,picogreen,9.5988,Qiagen DNEasy,Qiagen elution buffer,1,1,21,Gbullung,65,2020,arabiensis,9.6,,912,NA,NA,NA,NA,NA
gbu_66,95,26169_95,plate 2,G1,Tristan,16.9616,12,63,Yes,20,None,DNA HS,4.56,NA,18,82.08,95,gbu_66,plate 2,G1,Anopheles coluzzii,picogreen,16.9616,Qiagen DNEasy,Qiagen elution buffer,1,1,12,Gbullung,66,2020,coluzzi,16.96,,1611,NA,NA,NA,NA,NA
gbu_67,96,26169_96,plate 2,H1,Tristan,16.4008,13,62,Yes,20,None,DNA HS,4.76,NA,18,85.68,96,gbu_67,plate 2,H1,Anopheles gambiae,picogreen,16.4008,Qiagen DNEasy,Qiagen elution buffer,1,1,13,Gbullung,67,2020,gambiae,16.4,,1558,NA,NA,NA,NA,NA
gbu_68,97,26169_97,plate 2,A2,Tristan,20.0935,10,65,Yes,20,None,DNA HS,4.2,NA,18,75.6,97,gbu_68,plate 2,A2,Anopheles gambiae,picogreen,20.0935,Qiagen DNEasy,Qiagen elution buffer,1,1,10,Gbullung,68,2020,gambiae,20.09,,1909,NA,NA,NA,NA,NA
gbu_69,98,26169_98,plate 2,B2,Tristan,18.6905,11,64,Yes,20,None,DNA HS,3.58,NA,18,64.44,98,gbu_69,plate 2,B2,Anopheles gambiae,picogreen,18.6905,Qiagen DNEasy,Qiagen elution buffer,1,1,11,Gbullung,69,2020,gambiae,18.69,,1776,NA,NA,NA,NA,NA
gbu_70,99,26169_99,plate 2,C2,Tristan,12.097,17,58,Yes,20,None,DNA HS,4.08,NA,18,73.44,99,gbu_70,plate 2,C2,Anopheles gambiae,picogreen,12.097,Qiagen DNEasy,Qiagen elution buffer,1,1,17,Gbullung,70,2020,gambiae,12.1,,1149,NA,NA,NA,NA,NA
gbu_71,100,26169_100,plate 2,D2,Tristan,15.9571,13,62,Yes,20,None,DNA HS,4.88,NA,18,87.84,100,gbu_71,plate 2,D2,Anopheles gambiae,picogreen,15.9571,Qiagen DNEasy,Qiagen elution buffer,1,1,13,Gbullung,71,2020,gambiae,15.96,,1516,NA,NA,NA,NA,NA
gbu_72,101,26169_101,plate 2,E2,Tristan,21.5545,10,65,Yes,20,None,DNA HS,2.66,NA,18,47.88,101,gbu_72,plate 2,E2,Anopheles gambiae,picogreen,21.5545,Qiagen DNEasy,Qiagen elution buffer,1,1,10,Gbullung,72,2020,gambiae,21.55,,2048,NA,NA,NA,NA,NA
gbu_73,102,26169_102,plate 2,F2,Tristan,10.7398,19,56,Yes,20,None,DNA HS,4.42,NA,18,79.56,102,gbu_73,plate 2,F2,Anopheles gambiae,picogreen,10.7398,Qiagen DNEasy,Qiagen elution buffer,1,1,19,Gbullung,73,2020,gambiae,10.74,,1020,NA,NA,NA,NA,NA
gbu_74,103,26169_103,plate 2,G2,Tristan,24.6418,10,65,Yes,20,None,DNA HS,4.24,NA,18,76.32,103,gbu_74,plate 2,G2,Anopheles gambiae,picogreen,24.6418,Qiagen DNEasy,Qiagen elution buffer,1,1,10,Gbullung,74,2020,gambiae,24.64,,2341,NA,NA,NA,NA,NA
gbu_75,104,26169_104,plate 2,H2,Tristan,25.071,10,65,Yes,20,None,DNA HS,6.7,NA,18,120.6,104,gbu_75,plate 2,H2,Anopheles gambiae,picogreen,25.071,Qiagen DNEasy,Qiagen elution buffer,1,1,10,Gbullung,75,2020,gambiae,25.07,,2382,NA,NA,NA,NA,NA
bin_1,105,26169_105,plate 2,A3,Tristan,1.7388,70,5,Yes,20,None,DNA HS,4.36,NA,18,78.48,105,bin_1,plate 2,A3,Anopheles gambiae,picogreen,1.7388,Qiagen DNEasy,Qiagen elution buffer,1,1,90,Binduli,1,2008,gambiae,1.74,,165,NA,NA,NA,NA,NA
bin_2,106,26169_106,plate 2,B3,Tristan,5.892,34,41,Yes,20,None,DNA HS,4.22,NA,18,75.96,106,bin_2,plate 2,B3,Anopheles gambiae,picogreen,5.892,Qiagen DNEasy,Qiagen elution buffer,1,1,34,Binduli,2,2008,gambiae,5.89,,560,NA,NA,NA,NA,NA
bin_3,107,26169_107,plate 2,C3,Tristan,4.4548,45,30,Yes,20,None,DNA HS,5.34,NA,18,96.12,107,bin_3,plate 2,C3,Anopheles gambiae,picogreen,4.4548,Qiagen DNEasy,Qiagen elution buffer,1,1,45,Binduli,3,2008,gambiae,4.45,,423,NA,NA,NA,NA,NA
bin_4,108,26169_108,plate 2,D3,Tristan,1.7674,70,5,Yes,20,None,DNA HS,3.96,NA,18,71.28,108,bin_4,plate 2,D3,Anopheles gambiae,picogreen,1.7674,Qiagen DNEasy,Qiagen elution buffer,1,1,90,Binduli,4,2008,gambiae,1.77,,168,NA,NA,NA,NA,NA
bin_5,109,26169_109,plate 2,E3,Tristan,1.5774,75,0,Yes,20,None,DNA HS,3.04,NA,18,54.72,109,bin_5,plate 2,E3,Anopheles gambiae,picogreen,1.5774,Qiagen DNEasy,Qiagen elution buffer,1,1,90,Binduli,5,2008,gambiae,1.58,,150,NA,NA,NA,NA,NA
bin_6,110,26169_110,plate 2,F3,Tristan,3.4726,58,17,Yes,20,None,DNA HS,5.1,NA,18,91.8,110,bin_6,plate 2,F3,Anopheles gambiae,picogreen,3.4726,Qiagen DNEasy,Qiagen elution buffer,1,1,58,Binduli,6,2008,gambiae,3.47,,330,NA,NA,NA,NA,NA
bin_7,111,26169_111,plate 2,G3,Tristan,2.7191,74,1,Yes,20,None,DNA HS,6.06,NA,18,109.08,111,bin_7,plate 2,G3,Anopheles gambiae,picogreen,2.7191,Qiagen DNEasy,Qiagen elution buffer,1,1,74,Binduli,7,2008,gambiae,2.72,,258,NA,NA,NA,NA,NA
bin_8,112,26169_112,plate 2,H3,Tristan,4.7553,43,32,Yes,20,None,DNA HS,7.46,NA,18,134.28,112,bin_8,plate 2,H3,Anopheles gambiae,picogreen,4.7553,Qiagen DNEasy,Qiagen elution buffer,1,1,43,Binduli,8,2008,gambiae,4.76,,452,NA,NA,NA,NA,NA
bin_9,113,26169_113,plate 2,A4,Tristan,8.2645,25,50,Yes,20,None,DNA HS,6.36,NA,18,114.48,113,bin_9,plate 2,A4,Anopheles gambiae,picogreen,8.2645,Qiagen DNEasy,Qiagen elution buffer,1,1,25,Binduli,9,2008,gambiae,8.26,,785,NA,NA,NA,NA,NA
bin_10,114,26169_114,plate 2,B4,Tristan,5.8418,35,40,Yes,20,None,DNA HS,4.32,NA,18,77.76,114,bin_10,plate 2,B4,Anopheles gambiae,picogreen,5.8418,Qiagen DNEasy,Qiagen elution buffer,1,1,35,Binduli,10,2008,gambiae,5.84,,555,NA,NA,NA,NA,NA
bin_11,115,26169_115,plate 2,C4,Tristan,2.2975,65,10,Yes,20,None,DNA HS,3.28,NA,18,59.04,115,bin_11,plate 2,C4,Anopheles gambiae,picogreen,2.2975,Qiagen DNEasy,Qiagen elution buffer,1,1,88,Binduli,11,2008,gambiae,2.3,,218,NA,NA,NA,NA,NA
bin_13,116,26169_116,plate 2,D4,Tristan,4.9704,41,34,Yes,20,None,DNA HS,6.5,NA,18,117,116,bin_13,plate 2,D4,Anopheles gambiae,picogreen,4.9704,Qiagen DNEasy,Qiagen elution buffer,1,1,41,Binduli,13,2008,gambiae,4.97,,472,NA,NA,NA,NA,NA
bin_14,117,26169_117,plate 2,E4,Tristan,1.7387,70,5,Yes,20,None,DNA HS,3.52,NA,18,63.36,117,bin_14,plate 2,E4,Anopheles gambiae,picogreen,1.7387,Qiagen DNEasy,Qiagen elution buffer,1,1,90,Binduli,14,2008,gambiae,1.74,,165,NA,NA,NA,NA,NA
bin_15,118,26169_118,plate 2,F4,Tristan,1.1554,70,5,Yes,20,None,DNA HS,2.16,NA,18,38.88,118,bin_15,plate 2,F4,Anopheles gambiae,picogreen,1.1554,Qiagen DNEasy,Qiagen elution buffer,1,1,90,Binduli,15,2008,gambiae,1.16,,110,NA,NA,NA,NA,NA
bin_22,119,26169_119,plate 2,G4,Tristan,0.1217,70,5,Yes,20,None,DNA HS,0.368,NA,18,6.624,119,bin_22,plate 2,G4,Anopheles arabiensis,picogreen,0.1217,Qiagen DNEasy,Qiagen elution buffer,1,1,90,Binduli,22,2016,arabiensis,0.12,,12,NA,NA,NA,NA,NA
bin_23,120,26169_120,plate 2,H4,Tristan,0.2306,70,5,Yes,20,None,DNA HS,0.424,NA,18,7.632,120,bin_23,plate 2,H4,Anopheles gambiae,picogreen,0.2306,Qiagen DNEasy,Qiagen elution buffer,1,1,90,Binduli,23,2016,gambiae,0.23,,22,2,0.4,1,,1
bin_27,121,26169_121,plate 2,A5,Tristan,0.1987,65,10,Yes,20,None,DNA HS,0.214,NA,18,3.852,121,bin_27,plate 2,A5,Anopheles arabiensis,picogreen,0.1987,Qiagen DNEasy,Qiagen elution buffer,1,1,90,Binduli,27,2016,arabiensis,0.2,,19,2,0.2,0.5,,1
bin_29,122,26169_122,plate 2,B5,Tristan,0.1415,65,10,Yes,20,None,DNA HS,0.0896,NA,18,1.6128,122,bin_29,plate 2,B5,Anopheles arabiensis,picogreen,0.1415,Qiagen DNEasy,Qiagen elution buffer,1,1,90,Binduli,29,2016,arabiensis,0.14,,13,2,0.1,0.25,No library - failed completely,1
bin_30,123,26169_123,plate 2,C5,Tristan,0.0813,70,5,Yes,20,None,DNA HS,0.234,NA,18,4.212,123,bin_30,plate 2,C5,Anopheles arabiensis,picogreen,0.0813,Qiagen DNEasy,Qiagen elution buffer,1,1,90,Binduli,30,2016,arabiensis,0.08,,8,2,0.2,0.5,,1
bin_31,124,26169_124,plate 2,D5,Tristan,0.1044,70,5,Yes,20,None,DNA HS,0.0816,NA,18,1.4688,124,bin_31,plate 2,D5,Anopheles arabiensis,picogreen,0.1044,Qiagen DNEasy,Qiagen elution buffer,1,1,90,Binduli,31,2018,arabiensis,0.1,,10,2,0.1,0.25,,1
bin_32,125,26169_125,plate 2,E5,Tristan,1.1258,70,5,Yes,20,None,DNA HS,1.21,NA,18,21.78,125,bin_32,plate 2,E5,Anopheles gambiae,picogreen,1.1258,Qiagen DNEasy,Qiagen elution buffer,1,1,90,Binduli,32,2018,gambiae,1.13,,107,NA,NA,NA,NA,NA
bin_35,126,26169_126,plate 2,F5,Tristan,0.0958,65,10,Yes,20,None,DNA HS,0.174,NA,18,3.132,126,bin_35,plate 2,F5,Anopheles arabiensis,picogreen,0.0958,Qiagen DNEasy,Qiagen elution buffer,1,1,90,Binduli,35,2018,arabiensis,0.1,,9,NA,NA,NA,NA,NA
bin_37,127,26169_127,plate 2,G5,Tristan,0.3834,0,75,Yes,20,None,DNA HS,0.02,NA,18,0.36,127,bin_37,plate 2,G5,Anopheles gambiae,picogreen,0.3834,Qiagen DNEasy,Qiagen elution buffer,1,1,90,Binduli,37,2018,gambiae,0.38,,36,2,> 0.1,>0.1,No library - failed completely,1
bin_40,128,26169_128,plate 2,H5,Tristan,0.7512,70,5,Yes,20,None,DNA HS,1.67,NA,18,30.06,128,bin_40,plate 2,H5,Anopheles gambiae,picogreen,0.7512,Qiagen DNEasy,Qiagen elution buffer,1,1,90,Binduli,40,2018,gambiae,0.75,,71,NA,NA,NA,NA,NA
bin_45,129,26169_129,plate 2,A6,Tristan,0.1142,70,5,Yes,20,None,DNA HS,0.153,NA,18,2.754,129,bin_45,plate 2,A6,Anopheles arabiensis,picogreen,0.1142,Qiagen DNEasy,Qiagen elution buffer,1,1,90,Binduli,45,2018,arabiensis,0.11,,11,2,0.2,0.5,,1
bin_46,130,26169_130,plate 2,B6,Tristan,10.5046,20,55,Yes,20,None,DNA HS,5.9,NA,18,106.2,130,bin_46,plate 2,B6,Anopheles arabiensis,picogreen,10.5046,Qiagen DNEasy,Qiagen elution buffer,1,1,20,Binduli,46,2020,arabiensis,10.5,,998,NA,NA,NA,NA,NA
bin_47,131,26169_131,plate 2,C6,Tristan,6.863,30,45,Yes,20,None,DNA HS,5.66,NA,18,101.88,131,bin_47,plate 2,C6,Anopheles gambiae,picogreen,6.863,Qiagen DNEasy,Qiagen elution buffer,1,1,30,Binduli,47,2020,gambiae,6.86,,652,NA,NA,NA,NA,NA
bin_48,132,26169_132,plate 2,D6,Tristan,10.2534,20,55,Yes,20,None,DNA HS,6.08,NA,18,109.44,132,bin_48,plate 2,D6,Anopheles gambiae,picogreen,10.2534,Qiagen DNEasy,Qiagen elution buffer,1,1,20,Binduli,48,2020,gambiae,10.25,,974,NA,NA,NA,NA,NA
bin_49,133,26169_133,plate 2,E6,Tristan,9.4714,22,53,Yes,20,None,DNA HS,2.78,NA,18,50.04,133,bin_49,plate 2,E6,Anopheles arabiensis,picogreen,9.4714,Qiagen DNEasy,Qiagen elution buffer,1,1,22,Binduli,49,2020,arabiensis,9.47,,900,NA,NA,NA,NA,NA
bin_50,134,26169_134,plate 2,F6,Tristan,13.399,15,60,Yes,20,None,DNA HS,3.64,NA,18,65.52,134,bin_50,plate 2,F6,Anopheles arabiensis,picogreen,13.399,Qiagen DNEasy,Qiagen elution buffer,1,1,15,Binduli,50,2020,arabiensis,13.4,,1273,NA,NA,NA,NA,NA
bin_51,135,26169_135,plate 2,G6,Tristan,6.6586,31,44,Yes,20,None,DNA HS,4.58,NA,18,82.44,135,bin_51,plate 2,G6,Anopheles arabiensis,picogreen,6.6586,Qiagen DNEasy,Qiagen elution buffer,1,1,31,Binduli,51,2020,arabiensis,6.66,,633,2,4.6,11.5,,1
bin_52,136,26169_136,plate 2,H6,Tristan,5.6576,36,39,Yes,20,None,DNA HS,8.18,NA,18,147.24,136,bin_52,plate 2,H6,Anopheles gambiae,picogreen,5.6576,Qiagen DNEasy,Qiagen elution buffer,1,1,36,Binduli,52,2020,gambiae,5.66,,537,NA,NA,NA,NA,NA
bin_53,137,26169_137,plate 2,A7,Tristan,15.6088,13,62,Yes,20,None,DNA HS,4.14,NA,18,74.52,137,bin_53,plate 2,A7,Anopheles arabiensis,picogreen,15.6088,Qiagen DNEasy,Qiagen elution buffer,1,1,13,Binduli,53,2020,arabiensis,15.61,,1483,NA,NA,NA,NA,NA
bin_54,138,26169_138,plate 2,B7,Tristan,18.4869,11,64,Yes,20,None,DNA HS,3.46,NA,18,62.28,138,bin_54,plate 2,B7,Anopheles arabiensis,picogreen,18.4869,Qiagen DNEasy,Qiagen elution buffer,1,1,11,Binduli,54,2020,arabiensis,18.49,,1756,NA,NA,NA,NA,NA
bin_55,139,26169_139,plate 2,C7,Tristan,10.2917,20,55,Yes,20,None,DNA HS,3.36,NA,18,60.48,139,bin_55,plate 2,C7,Anopheles coluzzii,picogreen,10.2917,Qiagen DNEasy,Qiagen elution buffer,1,1,20,Binduli,55,2020,coluzzi,10.29,,978,NA,NA,NA,NA,NA
bin_56,140,26169_140,plate 2,D7,Tristan,9.8999,21,54,Yes,20,None,DNA HS,4.62,NA,18,83.16,140,bin_56,plate 2,D7,Anopheles gambiae,picogreen,9.8999,Qiagen DNEasy,Qiagen elution buffer,1,1,21,Binduli,56,2020,gambiae,9.9,,940,NA,NA,NA,NA,NA
bin_57,141,26169_141,plate 2,E7,Tristan,3.4518,58,17,Yes,20,None,DNA HS,3.94,NA,18,70.92,141,bin_57,plate 2,E7,Anopheles gambiae,picogreen,3.4518,Qiagen DNEasy,Qiagen elution buffer,1,1,58,Binduli,57,2020,gambiae,3.45,,328,NA,NA,NA,NA,NA
bin_58,142,26169_142,plate 2,F7,Tristan,11.0891,19,56,Yes,20,None,DNA HS,4.04,NA,18,72.72,142,bin_58,plate 2,F7,Anopheles gambiae,picogreen,11.0891,Qiagen DNEasy,Qiagen elution buffer,1,1,19,Binduli,58,2020,gambiae,11.09,,1053,NA,NA,NA,NA,NA
bin_59,143,26169_143,plate 2,G7,Tristan,7.2835,28,47,Yes,20,None,DNA HS,3.56,NA,18,64.08,143,bin_59,plate 2,G7,Anopheles arabiensis,picogreen,7.2835,Qiagen DNEasy,Qiagen elution buffer,1,1,28,Binduli,59,2020,arabiensis,7.28,,692,NA,NA,NA,NA,NA
bin_60,144,26169_144,plate 2,H7,Tristan,12.7018,16,59,Yes,20,None,DNA HS,4.22,NA,18,75.96,144,bin_60,plate 2,H7,Anopheles arabiensis,picogreen,12.7018,Qiagen DNEasy,Qiagen elution buffer,1,1,16,Binduli,60,2020,arabiensis,12.7,,1207,NA,NA,NA,NA,NA
tar_1,145,26169_145,plate 2,A8,Tristan,3.4044,59,16,Yes,20,None,DNA HS,6.4,NA,18,115.2,145,tar_1,plate 2,A8,Anopheles gambiae,picogreen,3.4044,Qiagen DNEasy,Qiagen elution buffer,1,1,59,Tarikpaa,1,2008,gambiae,3.4,,323,NA,NA,NA,NA,NA
tar_2,146,26169_146,plate 2,B8,Tristan,5.6042,36,39,Yes,20,None,DNA HS,6.06,NA,18,109.08,146,tar_2,plate 2,B8,Anopheles gambiae,picogreen,5.6042,Qiagen DNEasy,Qiagen elution buffer,1,1,36,Tarikpaa,2,2008,gambiae,5.6,,532,NA,NA,NA,NA,NA
tar_3,147,26169_147,plate 2,C8,Tristan,6.036,34,41,Yes,20,None,DNA HS,5.86,NA,18,105.48,147,tar_3,plate 2,C8,Anopheles gambiae,picogreen,6.036,Qiagen DNEasy,Qiagen elution buffer,1,1,34,Tarikpaa,3,2008,gambiae,6.04,,573,NA,NA,NA,NA,NA
tar_4,148,26169_148,plate 2,D8,Tristan,2.3452,65,10,Yes,20,None,DNA HS,5.3,NA,18,95.4,148,tar_4,plate 2,D8,Anopheles coluzzii,picogreen,2.3452,Qiagen DNEasy,Qiagen elution buffer,1,1,86,Tarikpaa,4,2008,coluzzi,2.35,,223,NA,NA,NA,NA,NA
tar_5,149,26169_149,plate 2,E8,Tristan,3.9582,51,24,Yes,20,None,DNA HS,4.82,NA,18,86.76,149,tar_5,plate 2,E8,Anopheles gambiae,picogreen,3.9582,Qiagen DNEasy,Qiagen elution buffer,1,1,51,Tarikpaa,5,2008,gambiae,3.96,,376,NA,NA,NA,NA,NA
tar_6,150,26169_150,plate 2,F8,Tristan,2.3994,68,7,Yes,20,None,DNA HS,8.22,NA,18,147.96,150,tar_6,plate 2,F8,Anopheles coluzzii,picogreen,2.3994,Qiagen DNEasy,Qiagen elution buffer,1,1,84,Tarikpaa,6,2008,coluzzi,2.4,,228,NA,NA,NA,NA,NA
tar_7,151,26169_151,plate 2,G8,Tristan,1.4514,65,10,Yes,20,None,DNA HS,1.78,NA,18,32.04,151,tar_7,plate 2,G8,Anopheles gambiae,picogreen,1.4514,Qiagen DNEasy,Qiagen elution buffer,1,1,90,Tarikpaa,7,2008,gambiae,1.45,,138,NA,NA,NA,NA,NA
tar_8,152,26169_152,plate 2,H8,Tristan,4.5929,44,31,Yes,20,None,DNA HS,5.62,NA,18,101.16,152,tar_8,plate 2,H8,Anopheles coluzzii,picogreen,4.5929,Qiagen DNEasy,Qiagen elution buffer,1,1,44,Tarikpaa,8,2008,coluzzi,4.59,,436,NA,NA,NA,NA,NA
tar_10,153,26169_153,plate 2,A9,Tristan,1.8526,65,10,Yes,20,None,DNA HS,2.18,NA,18,39.24,153,tar_10,plate 2,A9,Anopheles gambiae,picogreen,1.8526,Qiagen DNEasy,Qiagen elution buffer,1,1,90,Tarikpaa,10,2008,gambiae,1.85,,176,NA,NA,NA,NA,NA
tar_11,154,26169_154,plate 2,B9,Tristan,0.4156,60,15,Yes,20,None,DNA HS,0.662,NA,18,11.916,154,tar_11,plate 2,B9,Anopheles gambiae,picogreen,0.4156,Qiagen DNEasy,Qiagen elution buffer,1,1,90,Tarikpaa,11,2008,gambiae,0.42,,39,2,0.7,1.75,,1
tar_12,155,26169_155,plate 2,C9,Tristan,2.8152,72,3,Yes,20,None,DNA HS,4.46,NA,18,80.28,155,tar_12,plate 2,C9,Anopheles coluzzii,picogreen,2.8152,Qiagen DNEasy,Qiagen elution buffer,1,1,72,Tarikpaa,12,2008,coluzzi,2.82,,267,NA,NA,NA,NA,NA
tar_16,156,26169_156,plate 2,D9,Tristan,6.7932,30,45,Yes,20,None,DNA HS,8.56,NA,18,154.08,156,tar_16,plate 2,D9,Anopheles gambiae,picogreen,6.7932,Qiagen DNEasy,Qiagen elution buffer,1,1,30,Tarikpaa,16,2016,gambiae,6.79,,645,NA,NA,NA,NA,NA
tar_17,157,26169_157,plate 2,E9,Tristan,3.833,53,22,Yes,20,None,DNA HS,5.34,NA,18,96.12,157,tar_17,plate 2,E9,Anopheles gambiae,picogreen,3.833,Qiagen DNEasy,Qiagen elution buffer,1,1,53,Tarikpaa,17,2016,gambiae,3.83,,364,NA,NA,NA,NA,NA
tar_18,158,26169_158,plate 2,F9,Tristan,3.1412,70,5,Yes,20,None,DNA HS,5.96,NA,18,107.28,158,tar_18,plate 2,F9,Anopheles gambiae,picogreen,3.1412,Qiagen DNEasy,Qiagen elution buffer,1,1,64,Tarikpaa,18,2016,gambiae,3.14,,298,NA,NA,NA,NA,NA
tar_20,159,26169_159,plate 2,G9,Tristan,1.0112,70,5,Yes,20,None,DNA HS,1.19,NA,18,21.42,159,tar_20,plate 2,G9,Anopheles gambiae,picogreen,1.0112,Qiagen DNEasy,Qiagen elution buffer,1,1,90,Tarikpaa,20,2016,gambiae,1.01,,96,NA,NA,NA,NA,NA
tar_21,160,26169_160,plate 2,H9,Tristan,0.7366,73,2,Yes,20,None,DNA HS,1.56,NA,18,28.08,160,tar_21,plate 2,H9,Anopheles gambiae,picogreen,0.7366,Qiagen DNEasy,Qiagen elution buffer,1,1,90,Tarikpaa,21,2016,gambiae,0.74,,70,2,1.6,4,,1
tar_23,161,26169_161,plate 2,A10,Tristan,8.0756,25,50,Yes,20,None,DNA HS,5.48,NA,18,98.64,161,tar_23,plate 2,A10,Anopheles gambiae,picogreen,8.0756,Qiagen DNEasy,Qiagen elution buffer,1,1,25,Tarikpaa,23,2016,gambiae,8.08,,767,NA,NA,NA,NA,NA
tar_26,162,26169_162,plate 2,B10,Tristan,1.7284,70,5,Yes,20,None,DNA HS,3.44,NA,18,61.92,162,tar_26,plate 2,B10,Anopheles gambiae,picogreen,1.7284,Qiagen DNEasy,Qiagen elution buffer,1,1,90,Tarikpaa,26,2016,gambiae,1.73,,164,NA,NA,NA,NA,NA
tar_27,163,26169_163,plate 2,C10,Tristan,5.8488,35,40,Yes,20,None,DNA HS,6.08,NA,18,109.44,163,tar_27,plate 2,C10,Anopheles gambiae,picogreen,5.8488,Qiagen DNEasy,Qiagen elution buffer,1,1,35,Tarikpaa,27,2016,gambiae,5.85,,556,2,6.1,15.25,,1
tar_29,164,26169_164,plate 2,D10,Tristan,1.538,70,5,Yes,20,None,DNA HS,3.6,NA,18,64.8,164,tar_29,plate 2,D10,Anopheles gambiae,picogreen,1.538,Qiagen DNEasy,Qiagen elution buffer,1,1,90,Tarikpaa,29,2016,gambiae,1.54,,146,2,3.6,9,,1
tar_31,165,26169_165,plate 2,E10,Tristan,6.3998,32,43,Yes,20,None,DNA HS,3.5,NA,18,63,165,tar_31,plate 2,E10,Anopheles gambiae,picogreen,6.3998,Qiagen DNEasy,Qiagen elution buffer,1,1,32,Tarikpaa,31,2018,gambiae,6.4,,608,2,3.6,9,,1
tar_32,166,26169_166,plate 2,F10,Tristan,5.7006,36,39,Yes,20,None,DNA HS,5.14,NA,18,92.52,166,tar_32,plate 2,F10,Anopheles gambiae,picogreen,5.7006,Qiagen DNEasy,Qiagen elution buffer,1,1,36,Tarikpaa,32,2018,gambiae,5.7,,542,2,5.1,12.75,,1
tar_33,167,26169_167,plate 2,G10,Tristan,6.4918,31,44,Yes,20,None,DNA HS,4.14,NA,18,74.52,167,tar_33,plate 2,G10,Anopheles gambiae,picogreen,6.4918,Qiagen DNEasy,Qiagen elution buffer,1,1,31,Tarikpaa,33,2018,gambiae,6.49,,617,NA,NA,NA,NA,NA
tar_34,168,26169_168,plate 2,H10,Tristan,4.4408,46,29,Yes,20,None,DNA HS,3.38,NA,18,60.84,168,tar_34,plate 2,H10,Anopheles gambiae,picogreen,4.4408,Qiagen DNEasy,Qiagen elution buffer,1,1,46,Tarikpaa,34,2018,gambiae,4.44,,422,2,3.4,8.5,,1
tar_35,169,26169_169,plate 2,A11,Tristan,11.6154,18,57,Yes,20,None,DNA HS,3.26,NA,18,58.68,169,tar_35,plate 2,A11,Anopheles gambiae,picogreen,11.6154,Qiagen DNEasy,Qiagen elution buffer,1,1,18,Tarikpaa,35,2018,gambiae,11.62,,1103,NA,NA,NA,NA,NA
tar_36,170,26169_170,plate 2,B11,Tristan,2.9672,68,7,Yes,20,None,DNA HS,4.74,NA,18,85.32,170,tar_36,plate 2,B11,Anopheles gambiae,picogreen,2.9672,Qiagen DNEasy,Qiagen elution buffer,1,1,68,Tarikpaa,36,2018,gambiae,2.97,,282,2,4.7,11.75,,1
tar_37,171,26169_171,plate 2,C11,Tristan,7.0572,29,46,Yes,20,None,DNA HS,4.04,NA,18,72.72,171,tar_37,plate 2,C11,Anopheles gambiae,picogreen,7.0572,Qiagen DNEasy,Qiagen elution buffer,1,1,29,Tarikpaa,37,2018,gambiae,7.06,,670,NA,NA,NA,NA,NA
tar_38,172,26169_172,plate 2,D11,Tristan,6.9076,29,46,Yes,20,None,DNA HS,4.68,NA,18,84.24,172,tar_38,plate 2,D11,Anopheles arabiensis,picogreen,6.9076,Qiagen DNEasy,Qiagen elution buffer,1,1,29,Tarikpaa,38,2018,arabiensis,6.91,,656,2,4.7,11.75,,1
tar_39,173,26169_173,plate 2,E11,Tristan,4.9772,41,34,Yes,20,None,DNA HS,4.74,NA,18,85.32,173,tar_39,plate 2,E11,Anopheles arabiensis,picogreen,4.9772,Qiagen DNEasy,Qiagen elution buffer,1,1,41,Tarikpaa,39,2018,arabiensis,4.98,,473,NA,NA,NA,NA,NA
tar_40,174,26169_174,plate 2,F11,Tristan,6.9172,29,46,Yes,20,None,DNA HS,4.78,NA,18,86.04,174,tar_40,plate 2,F11,Anopheles arabiensis,picogreen,6.9172,Qiagen DNEasy,Qiagen elution buffer,1,1,29,Tarikpaa,40,2018,arabiensis,6.92,,657,NA,NA,NA,NA,NA
tar_41,175,26169_175,plate 2,G11,Tristan,7.4004,28,47,Yes,20,None,DNA HS,4.28,NA,18,77.04,175,tar_41,plate 2,G11,Anopheles arabiensis,picogreen,7.4004,Qiagen DNEasy,Qiagen elution buffer,1,1,28,Tarikpaa,41,2018,arabiensis,7.4,,703,NA,NA,NA,NA,NA
tar_42,176,26169_176,plate 2,H11,Tristan,2.012,67,8,Yes,20,None,DNA HS,3.46,NA,18,62.28,176,tar_42,plate 2,H11,Anopheles gambiae,picogreen,2.012,Qiagen DNEasy,Qiagen elution buffer,1,1,90,Tarikpaa,42,2018,gambiae,2.01,,191,NA,NA,NA,NA,NA
tar_43,177,26169_177,plate 3,A1,Tristan,8.6636,24,49,Yes,20,None,DNA HS,5.14,NA,18,92.52,177,tar_43,plate 3,A1,Anopheles gambiae,picogreen,8.6636,Qiagen DNEasy,Qiagen elution buffer,1,1,24,Tarikpaa,43,2018,gambiae,8.66,,823,NA,NA,NA,NA,NA
tar_44,178,26169_178,plate 3,B1,Tristan,6.5356,31,42,Yes,20,None,DNA HS,5.52,NA,18,99.36,178,tar_44,plate 3,B1,Anopheles gambiae,picogreen,6.5356,Qiagen DNEasy,Qiagen elution buffer,1,1,31,Tarikpaa,44,2018,gambiae,6.54,,621,NA,NA,NA,NA,NA
tar_45,179,26169_179,plate 3,C1,Tristan,11.8612,17,56,Yes,20,None,DNA HS,2.82,NA,18,50.76,179,tar_45,plate 3,C1,Anopheles arabiensis,picogreen,11.8612,Qiagen DNEasy,Qiagen elution buffer,1,1,17,Tarikpaa,45,2018,arabiensis,11.86,,1127,NA,NA,NA,NA,NA
nan_1,180,26169_180,plate 3,D1,Tristan,1.5632,70,3,Yes,20,None,DNA HS,2.82,NA,18,50.76,180,nan_1,plate 3,D1,Anopheles gambiae,picogreen,1.5632,Qiagen DNEasy,Qiagen elution buffer,1,1,90,Nanton,1,2008,gambiae,1.56,,149,NA,NA,NA,NA,NA
nan_2,181,26169_181,plate 3,E1,Tristan,0.2136,70,3,Yes,20,None,DNA HS,0.197,NA,18,3.546,181,nan_2,plate 3,E1,Anopheles gambiae,picogreen,0.2136,Qiagen DNEasy,Qiagen elution buffer,1,1,90,Nanton,2,2008,gambiae,0.21,,20,3,0.2,0.5,,1
nan_3,182,26169_182,plate 3,F1,Tristan,0.562,72,1,Yes,20,None,DNA HS,0.44,NA,18,7.92,182,nan_3,plate 3,F1,Anopheles gambiae,picogreen,0.562,Qiagen DNEasy,Qiagen elution buffer,1,1,90,Nanton,3,2008,gambiae,0.56,,53,NA,NA,NA,NA,NA
nan_4,183,26169_183,plate 3,G1,Tristan,5.9836,34,39,Yes,20,None,DNA HS,3.18,NA,18,57.24,183,nan_4,plate 3,G1,Anopheles gambiae,picogreen,5.9836,Qiagen DNEasy,Qiagen elution buffer,1,1,34,Nanton,4,2008,gambiae,5.98,,568,NA,NA,NA,NA,NA
nan_5,184,26169_184,plate 3,H1,Tristan,0.348,70,3,Yes,20,None,DNA HS,0.67,NA,18,12.06,184,nan_5,plate 3,H1,Anopheles gambiae,picogreen,0.348,Qiagen DNEasy,Qiagen elution buffer,1,1,90,Nanton,5,2008,gambiae,0.35,,33,NA,NA,NA,NA,NA
nan_6,185,26169_185,plate 3,A2,Tristan,0.2292,68,5,Yes,20,None,DNA HS,0.204,NA,18,3.672,185,nan_6,plate 3,A2,Anopheles gambiae,picogreen,0.2292,Qiagen DNEasy,Qiagen elution buffer,1,1,90,Nanton,6,2008,gambiae,0.23,,22,NA,NA,NA,NA,NA
nan_7,186,26169_186,plate 3,B2,Tristan,1.5184,68,5,Yes,20,None,DNA HS,2.66,NA,18,47.88,186,nan_7,plate 3,B2,Anopheles gambiae,picogreen,1.5184,Qiagen DNEasy,Qiagen elution buffer,1,1,90,Nanton,7,2008,gambiae,1.52,,144,NA,NA,NA,NA,NA
nan_8,187,26169_187,plate 3,C2,Tristan,0.3396,62,11,Yes,20,None,DNA HS,0.588,NA,18,10.584,187,nan_8,plate 3,C2,Anopheles gambiae,picogreen,0.3396,Qiagen DNEasy,Qiagen elution buffer,1,1,90,Nanton,8,2008,gambiae,0.34,,32,NA,NA,NA,NA,NA
nan_9,188,26169_188,plate 3,D2,Tristan,0.3716,70,3,Yes,20,None,DNA HS,0.206,NA,18,3.708,188,nan_9,plate 3,D2,Anopheles gambiae,picogreen,0.3716,Qiagen DNEasy,Qiagen elution buffer,1,1,90,Nanton,9,2008,gambiae,0.37,,35,NA,NA,NA,NA,NA
nan_10,189,26169_189,plate 3,E2,Tristan,0.326,70,3,Yes,20,None,DNA HS,0.246,NA,18,4.428,189,nan_10,plate 3,E2,Anopheles gambiae,picogreen,0.326,Qiagen DNEasy,Qiagen elution buffer,1,1,90,Nanton,10,2008,gambiae,0.33,,31,NA,NA,NA,NA,NA
nan_11,190,26169_190,plate 3,F2,Tristan,5.018,40,33,Yes,20,None,DNA HS,3.04,NA,18,54.72,190,nan_11,plate 3,F2,Anopheles gambiae,picogreen,5.018,Qiagen DNEasy,Qiagen elution buffer,1,1,40,Nanton,11,2008,gambiae,5.02,,477,NA,NA,NA,NA,NA
nan_12,191,26169_191,plate 3,G2,Tristan,0.5012,70,3,Yes,20,None,DNA HS,0.492,NA,18,8.856,191,nan_12,plate 3,G2,Anopheles gambiae,picogreen,0.5012,Qiagen DNEasy,Qiagen elution buffer,1,1,90,Nanton,12,2008,gambiae,0.5,,48,NA,NA,NA,NA,NA
nan_13,192,26169_192,plate 3,H2,Tristan,0.2772,70,3,Yes,20,None,DNA HS,0.191,NA,18,3.438,192,nan_13,plate 3,H2,Anopheles gambiae,picogreen,0.2772,Qiagen DNEasy,Qiagen elution buffer,1,1,90,Nanton,13,2008,gambiae,0.28,,26,3,0.2,0.5,,1
nan_14,193,26169_193,plate 3,A3,Tristan,0.2532,65,8,Yes,20,None,DNA HS,0.182,NA,18,3.276,193,nan_14,plate 3,A3,Anopheles gambiae,picogreen,0.2532,Qiagen DNEasy,Qiagen elution buffer,1,1,90,Nanton,14,2008,gambiae,0.25,,24,NA,NA,NA,NA,NA
nan_15,194,26169_194,plate 3,B3,Tristan,0.2524,65,8,Yes,20,None,DNA HS,0.428,NA,18,7.704,194,nan_15,plate 3,B3,Anopheles gambiae,picogreen,0.2524,Qiagen DNEasy,Qiagen elution buffer,1,1,90,Nanton,15,2008,gambiae,0.25,,24,NA,NA,NA,NA,NA
nan_16,195,26169_195,plate 3,C3,Tristan,6.0556,34,39,Yes,20,None,DNA HS,3.5,NA,18,63,195,nan_16,plate 3,C3,Anopheles gambiae,picogreen,6.0556,Qiagen DNEasy,Qiagen elution buffer,1,1,34,Nanton,16,2014,gambiae,6.06,,575,NA,NA,NA,NA,NA
nan_17,196,26169_196,plate 3,D3,Tristan,2.7796,72,1,Yes,20,None,DNA HS,6.04,NA,18,108.72,196,nan_17,plate 3,D3,Anopheles gambiae,picogreen,2.7796,Qiagen DNEasy,Qiagen elution buffer,1,1,72,Nanton,17,2014,gambiae,2.78,,264,NA,NA,NA,NA,NA
nan_18,197,26169_197,plate 3,E3,Tristan,3.57,57,16,Yes,20,None,DNA HS,3.28,NA,18,59.04,197,nan_18,plate 3,E3,Anopheles gambiae,picogreen,3.57,Qiagen DNEasy,Qiagen elution buffer,1,1,57,Nanton,18,2014,gambiae,3.57,,339,NA,NA,NA,NA,NA
nan_19,198,26169_198,plate 3,F3,Tristan,3.9488,51,22,Yes,20,None,DNA HS,4.76,NA,18,85.68,198,nan_19,plate 3,F3,Anopheles gambiae,picogreen,3.9488,Qiagen DNEasy,Qiagen elution buffer,1,1,51,Nanton,19,2014,gambiae,3.95,,375,NA,NA,NA,NA,NA
nan_20,199,26169_199,plate 3,G3,Tristan,1.8532,70,3,Yes,20,None,DNA HS,2.3,NA,18,41.4,199,nan_20,plate 3,G3,Anopheles gambiae,picogreen,1.8532,Qiagen DNEasy,Qiagen elution buffer,1,1,90,Nanton,20,2014,gambiae,1.85,,176,NA,NA,NA,NA,NA
nan_21,200,26169_200,plate 3,H3,Tristan,4.1212,49,24,Yes,20,None,DNA HS,4.8,NA,18,86.4,200,nan_21,plate 3,H3,Anopheles gambiae,picogreen,4.1212,Qiagen DNEasy,Qiagen elution buffer,1,1,49,Nanton,21,2014,gambiae,4.12,,392,NA,NA,NA,NA,NA
nan_22,201,26169_201,plate 3,A4,Tristan,4.4404,46,27,Yes,20,None,DNA HS,2.16,NA,18,38.88,201,nan_22,plate 3,A4,Anopheles arabiensis,picogreen,4.4404,Qiagen DNEasy,Qiagen elution buffer,1,1,46,Nanton,22,2014,arabiensis,4.44,,422,NA,NA,NA,NA,NA
nan_23,202,26169_202,plate 3,B4,Tristan,2.0368,65,8,Yes,20,None,DNA HS,3.04,NA,18,54.72,202,nan_23,plate 3,B4,Anopheles gambiae,picogreen,2.0368,Qiagen DNEasy,Qiagen elution buffer,1,1,90,Nanton,23,2014,gambiae,2.04,,193,NA,NA,NA,NA,NA
nan_24,203,26169_203,plate 3,C4,Tristan,4.2764,47,26,Yes,20,None,DNA HS,4.7,NA,18,84.6,203,nan_24,plate 3,C4,Anopheles gambiae,picogreen,4.2764,Qiagen DNEasy,Qiagen elution buffer,1,1,47,Nanton,24,2014,gambiae,4.28,,406,NA,NA,NA,NA,NA
nan_25,204,26169_204,plate 3,D4,Tristan,6.8932,30,43,Yes,20,None,DNA HS,5.86,NA,18,105.48,204,nan_25,plate 3,D4,Anopheles gambiae,picogreen,6.8932,Qiagen DNEasy,Qiagen elution buffer,1,1,30,Nanton,25,2014,gambiae,6.89,,655,NA,NA,NA,NA,NA
nan_26,205,26169_205,plate 3,E4,Tristan,4.956,41,32,Yes,20,None,DNA HS,3.7,NA,18,66.6,205,nan_26,plate 3,E4,Anopheles gambiae,picogreen,4.956,Qiagen DNEasy,Qiagen elution buffer,1,1,41,Nanton,26,2014,gambiae,4.96,,471,NA,NA,NA,NA,NA
nan_29,206,26169_206,plate 3,F4,Tristan,0.0648,62,11,Yes,20,None,DNA HS,0.0548,NA,18,0.9864,206,nan_29,plate 3,F4,Anopheles arabiensis,picogreen,0.0648,Qiagen DNEasy,Qiagen elution buffer,1,1,90,Nanton,29,2014,arabiensis,0.06,,6,3,0.1,0.25,No library - failed completely,1
nan_33,207,26169_207,plate 3,G4,Tristan,18.0548,12,61,Yes,20,None,DNA HS,4.02,NA,18,72.36,207,nan_33,plate 3,G4,Anopheles gambiae,picogreen,18.0548,Qiagen DNEasy,Qiagen elution buffer,1,1,12,Nanton,33,2016,gambiae,18.05,,1715,NA,NA,NA,NA,NA
nan_34,208,26169_208,plate 3,H4,Tristan,0.088,66,7,Yes,20,None,DNA HS,0.0472,NA,18,0.8496,208,nan_34,plate 3,H4,Anopheles arabiensis,picogreen,0.088,Qiagen DNEasy,Qiagen elution buffer,1,1,90,Nanton,34,2016,arabiensis,0.09,,8,3,0.1,0.25,,1
nan_38,209,26169_209,plate 3,A5,Tristan,16.3796,13,60,Yes,20,None,DNA HS,3.94,NA,18,70.92,209,nan_38,plate 3,A5,Anopheles coluzzii,picogreen,16.3796,Qiagen DNEasy,Qiagen elution buffer,1,1,13,Nanton,38,2016,coluzzi,16.38,,1556,NA,NA,NA,NA,NA
nan_40,210,26169_210,plate 3,B5,Tristan,0.0712,60,13,Yes,20,None,DNA HS,0.0634,NA,18,1.1412,210,nan_40,plate 3,B5,Anopheles arabiensis,picogreen,0.0712,Qiagen DNEasy,Qiagen elution buffer,1,1,90,Nanton,40,2016,arabiensis,0.07,,7,3,0.1,0.25,,1
nan_43,211,26169_211,plate 3,C5,Tristan,0.1192,65,8,Yes,20,None,DNA HS,0.0768,NA,18,1.3824,211,nan_43,plate 3,C5,Anopheles arabiensis,picogreen,0.1192,Qiagen DNEasy,Qiagen elution buffer,1,1,90,Nanton,43,2016,arabiensis,0.12,,11,3,0.1,0.25,,1
nan_44,212,26169_212,plate 3,D5,Tristan,0.2768,65,8,Yes,20,None,DNA HS,0.318,NA,18,5.724,212,nan_44,plate 3,D5,Anopheles arabiensis,picogreen,0.2768,Qiagen DNEasy,Qiagen elution buffer,1,1,90,Nanton,44,2016,arabiensis,0.28,,26,NA,NA,NA,NA,NA
nan_46,213,26169_213,plate 3,E5,Tristan,10.8664,19,54,Yes,20,None,DNA HS,3.98,NA,18,71.64,213,nan_46,plate 3,E5,Anopheles gambiae,picogreen,10.8664,Qiagen DNEasy,Qiagen elution buffer,1,1,19,Nanton,46,2018,gambiae,10.87,,1032,NA,NA,NA,NA,NA
nan_47,214,26169_214,plate 3,F5,Tristan,3.6008,56,17,Yes,20,None,DNA HS,7.12,NA,18,128.16,214,nan_47,plate 3,F5,Anopheles gambiae,picogreen,3.6008,Qiagen DNEasy,Qiagen elution buffer,1,1,56,Nanton,47,2018,gambiae,3.6,,342,NA,NA,NA,NA,NA
nan_48,215,26169_215,plate 3,G5,Tristan,7.16,28,45,Yes,20,None,DNA HS,5.46,NA,18,98.28,215,nan_48,plate 3,G5,Anopheles gambiae,picogreen,7.16,Qiagen DNEasy,Qiagen elution buffer,1,1,28,Nanton,48,2018,gambiae,7.16,,680,NA,NA,NA,NA,NA
nan_49,216,26169_216,plate 3,H5,Tristan,10.5824,19,54,Yes,20,None,DNA HS,4.36,NA,18,78.48,216,nan_49,plate 3,H5,Anopheles gambiae,picogreen,10.5824,Qiagen DNEasy,Qiagen elution buffer,1,1,19,Nanton,49,2018,gambiae,10.58,,1005,NA,NA,NA,NA,NA
nan_50,217,26169_217,plate 3,A6,Tristan,8.8856,23,50,Yes,20,None,DNA HS,1.89,NA,18,34.02,217,nan_50,plate 3,A6,Anopheles gambiae,picogreen,8.8856,Qiagen DNEasy,Qiagen elution buffer,1,1,23,Nanton,50,2018,gambiae,8.89,,844,NA,NA,NA,NA,NA
nan_51,218,26169_218,plate 3,B6,Tristan,14.4248,14,59,Yes,20,None,DNA HS,3.06,NA,18,55.08,218,nan_51,plate 3,B6,Anopheles gambiae,picogreen,14.4248,Qiagen DNEasy,Qiagen elution buffer,1,1,14,Nanton,51,2018,gambiae,14.42,,1370,NA,NA,NA,NA,NA
nan_52,219,26169_219,plate 3,C6,Tristan,18.4304,11,62,Yes,20,None,DNA HS,1.41,NA,18,25.38,219,nan_52,plate 3,C6,Anopheles gambiae,picogreen,18.4304,Qiagen DNEasy,Qiagen elution buffer,1,1,11,Nanton,52,2018,gambiae,18.43,,1751,NA,NA,NA,NA,NA
nan_53,220,26169_220,plate 3,D6,Tristan,2.0904,66,7,Yes,20,None,DNA HS,3.98,NA,18,71.64,220,nan_53,plate 3,D6,Anopheles gambiae,picogreen,2.0904,Qiagen DNEasy,Qiagen elution buffer,1,1,90,Nanton,53,2018,gambiae,2.09,,199,NA,NA,NA,NA,NA
nan_54,221,26169_221,plate 3,E6,Tristan,23.4636,10,63,Yes,20,None,DNA HS,2.98,NA,18,53.64,221,nan_54,plate 3,E6,Anopheles gambiae,picogreen,23.4636,Qiagen DNEasy,Qiagen elution buffer,1,1,10,Nanton,54,2018,gambiae,23.46,,2229,NA,NA,NA,NA,NA
nan_55,222,26169_222,plate 3,F6,Tristan,5.0772,40,33,Yes,20,None,DNA HS,4.94,NA,18,88.92,222,nan_55,plate 3,F6,Anopheles gambiae,picogreen,5.0772,Qiagen DNEasy,Qiagen elution buffer,1,1,40,Nanton,55,2018,gambiae,5.08,,482,NA,NA,NA,NA,NA
nan_56,223,26169_223,plate 3,G6,Tristan,5.272,38,35,Yes,20,None,DNA HS,4.2,NA,18,75.6,223,nan_56,plate 3,G6,Anopheles gambiae,picogreen,5.272,Qiagen DNEasy,Qiagen elution buffer,1,1,38,Nanton,56,2018,gambiae,5.27,,501,NA,NA,NA,NA,NA
nan_57,224,26169_224,plate 3,H6,Tristan,12.0392,17,56,Yes,20,None,DNA HS,4.2,NA,18,75.6,224,nan_57,plate 3,H6,Anopheles gambiae,picogreen,12.0392,Qiagen DNEasy,Qiagen elution buffer,1,1,17,Nanton,57,2018,gambiae,12.04,,1144,NA,NA,NA,NA,NA
nan_58,225,26169_225,plate 3,A7,Tristan,9.3744,22,51,Yes,20,None,DNA HS,1.56,NA,18,28.08,225,nan_58,plate 3,A7,Anopheles gambiae,picogreen,9.3744,Qiagen DNEasy,Qiagen elution buffer,1,1,22,Nanton,58,2018,gambiae,9.37,,891,NA,NA,NA,NA,NA
nan_59,226,26169_226,plate 3,B7,Tristan,12.9968,16,57,Yes,20,None,DNA HS,3.34,NA,18,60.12,226,nan_59,plate 3,B7,Anopheles gambiae,picogreen,12.9968,Qiagen DNEasy,Qiagen elution buffer,1,1,16,Nanton,59,2018,gambiae,13,,1235,NA,NA,NA,NA,NA
nan_60,227,26169_227,plate 3,C7,Tristan,21.574,10,63,Yes,20,None,DNA HS,2.82,NA,18,50.76,227,nan_60,plate 3,C7,Anopheles gambiae,picogreen,21.574,Qiagen DNEasy,Qiagen elution buffer,1,1,10,Nanton,60,2018,gambiae,21.57,,2050,NA,NA,NA,NA,NA
nan_61,228,26169_228,plate 3,D7,Tristan,25.9784,10,63,Yes,20,None,DNA HS,2.06,NA,18,37.08,228,nan_61,plate 3,D7,Anopheles arabiensis,picogreen,25.9784,Qiagen DNEasy,Qiagen elution buffer,1,1,10,Nanton,61,2020,arabiensis,25.98,,2468,NA,NA,NA,NA,NA
nan_62,229,26169_229,plate 3,E7,Tristan,17.568,12,61,Yes,20,None,DNA HS,2.08,NA,18,37.44,229,nan_62,plate 3,E7,Anopheles arabiensis,picogreen,17.568,Qiagen DNEasy,Qiagen elution buffer,1,1,12,Nanton,62,2020,arabiensis,17.57,,1669,NA,NA,NA,NA,NA
nan_63,230,26169_230,plate 3,F7,Tristan,22.91,10,63,Yes,20,None,DNA HS,2.14,NA,18,38.52,230,nan_63,plate 3,F7,Anopheles arabiensis,picogreen,22.91,Qiagen DNEasy,Qiagen elution buffer,1,1,10,Nanton,63,2020,arabiensis,22.91,,2176,NA,NA,NA,NA,NA
nan_64,231,26169_231,plate 3,G7,Tristan,15.91,13,60,Yes,20,None,DNA HS,3.36,NA,18,60.48,231,nan_64,plate 3,G7,Anopheles arabiensis,picogreen,15.91,Qiagen DNEasy,Qiagen elution buffer,1,1,13,Nanton,64,2020,arabiensis,15.91,,1511,NA,NA,NA,NA,NA
nan_65,232,26169_232,plate 3,H7,Tristan,7.8832,26,47,Yes,20,None,DNA HS,4.72,NA,18,84.96,232,nan_65,plate 3,H7,Anopheles arabiensis,picogreen,7.8832,Qiagen DNEasy,Qiagen elution buffer,1,1,26,Nanton,65,2020,arabiensis,7.88,,749,NA,NA,NA,NA,NA
nan_66,233,26169_233,plate 3,A8,Tristan,10.854,19,54,Yes,20,None,DNA HS,5.9,NA,18,106.2,233,nan_66,plate 3,A8,Anopheles arabiensis,picogreen,10.854,Qiagen DNEasy,Qiagen elution buffer,1,1,19,Nanton,66,2020,arabiensis,10.85,,1031,NA,NA,NA,NA,NA
nan_67,234,26169_234,plate 3,B8,Tristan,14.2896,14,59,Yes,20,None,DNA HS,5.54,NA,18,99.72,234,nan_67,plate 3,B8,Anopheles arabiensis,picogreen,14.2896,Qiagen DNEasy,Qiagen elution buffer,1,1,14,Nanton,67,2020,arabiensis,14.29,,1358,NA,NA,NA,NA,NA
nan_68,235,26169_235,plate 3,C8,Tristan,8.488,24,49,Yes,20,None,DNA HS,6.96,NA,18,125.28,235,nan_68,plate 3,C8,Anopheles gambiae,picogreen,8.488,Qiagen DNEasy,Qiagen elution buffer,1,1,24,Nanton,68,2020,gambiae,8.49,,806,NA,NA,NA,NA,NA
nan_69,236,26169_236,plate 3,D8,Tristan,14.6508,14,59,Yes,20,None,DNA HS,4.56,NA,18,82.08,236,nan_69,plate 3,D8,Anopheles arabiensis,picogreen,14.6508,Qiagen DNEasy,Qiagen elution buffer,1,1,14,Nanton,69,2020,arabiensis,14.65,,1392,NA,NA,NA,NA,NA
nan_70,237,26169_237,plate 3,E8,Tristan,21.9588,10,63,Yes,20,None,DNA HS,1.95,NA,18,35.1,237,nan_70,plate 3,E8,Anopheles arabiensis,picogreen,21.9588,Qiagen DNEasy,Qiagen elution buffer,1,1,10,Nanton,70,2020,arabiensis,21.96,,2086,NA,NA,NA,NA,NA
nan_71,238,26169_238,plate 3,F8,Tristan,11.5212,18,55,Yes,20,None,DNA HS,5.24,NA,18,94.32,238,nan_71,plate 3,F8,Anopheles arabiensis,picogreen,11.5212,Qiagen DNEasy,Qiagen elution buffer,1,1,18,Nanton,71,2020,arabiensis,11.52,,1095,NA,NA,NA,NA,NA
nan_72,239,26169_239,plate 3,G8,Tristan,10.5776,19,54,Yes,20,None,DNA HS,4.62,NA,18,83.16,239,nan_72,plate 3,G8,Anopheles arabiensis,picogreen,10.5776,Qiagen DNEasy,Qiagen elution buffer,1,1,19,Nanton,72,2020,arabiensis,10.58,,1005,NA,NA,NA,NA,NA
nan_73,240,26169_240,plate 3,H8,Tristan,9.5332,21,52,Yes,20,None,DNA HS,4.14,NA,18,74.52,240,nan_73,plate 3,H8,Anopheles arabiensis,picogreen,9.5332,Qiagen DNEasy,Qiagen elution buffer,1,1,21,Nanton,73,2020,arabiensis,9.53,,906,NA,NA,NA,NA,NA
nan_74,241,26169_241,plate 3,A9,Tristan,10.51,20,53,Yes,20,None,DNA HS,2.44,NA,18,43.92,241,nan_74,plate 3,A9,Anopheles arabiensis,picogreen,10.51,Qiagen DNEasy,Qiagen elution buffer,1,1,20,Nanton,74,2020,arabiensis,10.51,,998,NA,NA,NA,NA,NA
nan_75,242,26169_242,plate 3,B9,Tristan,11.6684,18,55,Yes,20,None,DNA HS,5.9,NA,18,106.2,242,nan_75,plate 3,B9,Anopheles arabiensis,picogreen,11.6684,Qiagen DNEasy,Qiagen elution buffer,1,1,18,Nanton,75,2020,arabiensis,11.67,,1108,NA,NA,NA,NA,NA
dim_2,243,26169_243,plate 3,C9,Tristan,0.12745,60,13,Yes,20,None,DNA HS,0.0596,NA,18,1.0728,243,dim_2,plate 3,C9,Anopheles arabiensis,picogreen,0.12745,Qiagen DNEasy,Qiagen elution buffer,1,1,90,Dimabi,2,2008,arabiensis,0.13,,12,3,0.1,0.25,,1
dim_4,244,26169_244,plate 3,D9,Tristan,0.04745,65,8,Yes,20,None,DNA HS,0.0568,NA,18,1.0224,244,dim_4,plate 3,D9,Anopheles arabiensis,picogreen,0.04745,Qiagen DNEasy,Qiagen elution buffer,1,1,90,Dimabi,4,2008,arabiensis,0.05,,5,3,0.1,0.25,,1
dim_6,245,26169_245,plate 3,E9,Tristan,0.4054,65,8,Yes,20,None,DNA HS,0.216,NA,18,3.888,245,dim_6,plate 3,E9,Anopheles gambiae,picogreen,0.4054,Qiagen DNEasy,Qiagen elution buffer,1,1,90,Dimabi,6,2008,gambiae,0.41,,39,NA,NA,NA,NA,NA
dim_9,246,26169_246,plate 3,F9,Tristan,0.63265,40,33,Yes,20,None,DNA HS,0.508,NA,18,9.144,246,dim_9,plate 3,F9,Anopheles gambiae,picogreen,0.63265,Qiagen DNEasy,Qiagen elution buffer,1,1,90,Dimabi,9,2008,gambiae,0.63,,60,NA,NA,NA,NA,NA
dim_10,247,26169_247,plate 3,G9,Tristan,0.19225,65,8,Yes,20,None,DNA HS,0.0878,NA,18,1.5804,247,dim_10,plate 3,G9,Anopheles arabiensis,picogreen,0.19225,Qiagen DNEasy,Qiagen elution buffer,1,1,90,Dimabi,10,2008,arabiensis,0.19,,18,3,0.2,0.5,,1
dim_16,248,26169_248,plate 3,H9,Tristan,11.96005,17,56,Yes,20,None,DNA HS,4.48,NA,18,80.64,248,dim_16,plate 3,H9,Anopheles gambiae,picogreen,11.96005,Qiagen DNEasy,Qiagen elution buffer,1,1,17,Dimabi,16,2014,gambiae,11.96,,1136,NA,NA,NA,NA,NA
dim_17,249,26169_249,plate 3,A10,Tristan,15.26785,14,59,Yes,20,None,DNA HS,2.08,NA,18,37.44,249,dim_17,plate 3,A10,Anopheles coluzzii,picogreen,15.26785,Qiagen DNEasy,Qiagen elution buffer,1,1,14,Dimabi,17,2014,coluzzi,15.27,,1450,NA,NA,NA,NA,NA
dim_18,250,26169_250,plate 3,B10,Tristan,13.3202,16,57,Yes,20,None,DNA HS,3.5,NA,18,63,250,dim_18,plate 3,B10,Anopheles coluzzii,picogreen,13.3202,Qiagen DNEasy,Qiagen elution buffer,1,1,16,Dimabi,18,2014,coluzzi,13.32,,1265,NA,NA,NA,NA,NA
dim_19,251,26169_251,plate 3,C10,Tristan,7.11785,29,44,Yes,20,None,DNA HS,4,NA,18,72,251,dim_19,plate 3,C10,Anopheles gambiae,picogreen,7.11785,Qiagen DNEasy,Qiagen elution buffer,1,1,29,Dimabi,19,2014,gambiae,7.12,,676,NA,NA,NA,NA,NA
dim_20,252,26169_252,plate 3,D10,Tristan,22.148,10,63,Yes,20,None,DNA HS,2.82,NA,18,50.76,252,dim_20,plate 3,D10,Anopheles coluzzii,picogreen,22.148,Qiagen DNEasy,Qiagen elution buffer,1,1,10,Dimabi,20,2014,coluzzi,22.15,,2104,NA,NA,NA,NA,NA
dim_21,253,26169_253,plate 3,E10,Tristan,10.7117,19,54,Yes,20,None,DNA HS,1.6,NA,18,28.8,253,dim_21,plate 3,E10,Anopheles coluzzii,picogreen,10.7117,Qiagen DNEasy,Qiagen elution buffer,1,1,19,Dimabi,21,2014,coluzzi,10.71,,1018,NA,NA,NA,NA,NA
dim_23,254,26169_254,plate 3,F10,Tristan,17.14355,12,61,Yes,20,None,DNA HS,4.16,NA,18,74.88,254,dim_23,plate 3,F10,Anopheles coluzzii,picogreen,17.14355,Qiagen DNEasy,Qiagen elution buffer,1,1,12,Dimabi,23,2014,coluzzi,17.14,,1629,NA,NA,NA,NA,NA
dim_24,255,26169_255,plate 3,G10,Tristan,10.27855,20,53,Yes,20,None,DNA HS,5.2,NA,18,93.6,255,dim_24,plate 3,G10,Anopheles coluzzii,picogreen,10.27855,Qiagen DNEasy,Qiagen elution buffer,1,1,20,Dimabi,24,2014,coluzzi,10.28,,976,NA,NA,NA,NA,NA
dim_25,256,26169_256,plate 3,H10,Tristan,4.8289,42,31,Yes,20,None,DNA HS,3.42,NA,18,61.56,256,dim_25,plate 3,H10,Anopheles gambiae,picogreen,4.8289,Qiagen DNEasy,Qiagen elution buffer,1,1,42,Dimabi,25,2014,gambiae,4.83,,459,NA,NA,NA,NA,NA
dim_26,257,26169_257,plate 3,A11,Tristan,20.8734,10,63,Yes,20,None,DNA HS,1.74,NA,18,31.32,257,dim_26,plate 3,A11,Anopheles gambiae,picogreen,20.8734,Qiagen DNEasy,Qiagen elution buffer,1,1,10,Dimabi,26,2014,gambiae,20.87,,1983,NA,NA,NA,NA,NA
dim_27,258,26169_258,plate 3,B11,Tristan,12.94795,16,57,Yes,20,None,DNA HS,4.14,NA,18,74.52,258,dim_27,plate 3,B11,Anopheles coluzzii,picogreen,12.94795,Qiagen DNEasy,Qiagen elution buffer,1,1,16,Dimabi,27,2014,coluzzi,12.95,,1230,NA,NA,NA,NA,NA
dim_28,259,26169_259,plate 3,C11,Tristan,1.51005,65,8,Yes,20,None,DNA HS,1.6,NA,18,28.8,259,dim_28,plate 3,C11,Anopheles coluzzii,picogreen,1.51005,Qiagen DNEasy,Qiagen elution buffer,1,1,90,Dimabi,28,2014,coluzzi,1.51,,143,NA,NA,NA,NA,NA
dim_29,260,26169_260,plate 3,D11,Tristan,64.726,10,63,Yes,20,None,DNA HS,5.06,NA,18,91.08,260,dim_29,plate 3,D11,Anopheles gambiae,picogreen,64.726,Qiagen DNEasy,Qiagen elution buffer,1,1,10,Dimabi,29,2014,gambiae,64.73,,6149,NA,NA,NA,NA,NA
dim_31,261,26169_261,plate 3,E11,Tristan,0.35,70,3,Yes,20,None,DNA HS,0.436,NA,18,7.848,261,dim_31,plate 3,E11,Anopheles gambiae,picogreen,0.35,Qiagen DNEasy,Qiagen elution buffer,1,1,90,Dimabi,31,2016,gambiae,0.35,,33,NA,NA,NA,NA,NA
dim_33,262,26169_262,plate 3,F11,Tristan,1.547025,31,42,Yes,20,None,DNA HS,0.382,NA,18,6.876,262,dim_33,plate 3,F11,Anopheles gambiae,picogreen,1.547025,Qiagen DNEasy,Qiagen elution buffer,1,1,90,Dimabi,33,2016,gambiae,1.55,,147,NA,NA,NA,NA,NA
dim_34,263,26169_263,plate 3,G11,Tristan,0.869975,70,3,Yes,20,None,DNA HS,0.202,NA,18,3.636,263,dim_34,plate 3,G11,Anopheles gambiae,picogreen,0.869975,Qiagen DNEasy,Qiagen elution buffer,1,1,90,Dimabi,34,2016,gambiae,0.87,,83,3,0.9,2.25,,1
dim_35,264,26169_264,plate 3,H11,Tristan,0.5535,60,13,Yes,20,None,DNA HS,0.0174,NA,18,0.3132,264,dim_35,plate 3,H11,Anopheles arabiensis,picogreen,0.5535,Qiagen DNEasy,Qiagen elution buffer,1,1,90,Dimabi,35,2016,arabiensis,0.55,,53,3,0.6,1.5,No library - failed completely,1
dim_36,265,26169_265,plate 4,A1,Tristan,0.5027,58,18,Yes,20,None,DNA HS,0.0296,NA,18,0.5328,265,dim_36,plate 4,A1,Anopheles arabiensis,picogreen,0.5027,Qiagen DNEasy,Qiagen elution buffer,1,1,90,Dimabi,36,2016,arabiensis,0.5,,48,4,0.5,1.25,No library - failed completely,1
dim_37,266,26169_266,plate 4,B1,Tristan,0.587375,60,16,Yes,20,None,DNA HS,0.0354,NA,18,0.6372,266,dim_37,plate 4,B1,Anopheles gambiae,picogreen,0.587375,Qiagen DNEasy,Qiagen elution buffer,1,1,90,Dimabi,37,2016,gambiae,0.59,,56,NA,NA,NA,NA,NA
dim_38,267,26169_267,plate 4,C1,Tristan,0.70245,64,12,Yes,20,None,DNA HS,0.38,NA,18,6.84,267,dim_38,plate 4,C1,Anopheles arabiensis,picogreen,0.70245,Qiagen DNEasy,Qiagen elution buffer,1,1,90,Dimabi,38,2016,arabiensis,0.7,,67,NA,NA,NA,NA,NA
dim_40,268,26169_268,plate 4,D1,Tristan,0.60715,62,14,Yes,20,None,DNA HS,0.304,NA,18,5.472,268,dim_40,plate 4,D1,Anopheles gambiae,picogreen,0.60715,Qiagen DNEasy,Qiagen elution buffer,1,1,90,Dimabi,40,2016,gambiae,0.61,,58,NA,NA,NA,NA,NA
dim_41,269,26169_269,plate 4,E1,Tristan,0.35805,53,23,Yes,20,None,DNA HS,0.16,NA,18,2.88,269,dim_41,plate 4,E1,Anopheles arabiensis,picogreen,0.35805,Qiagen DNEasy,Qiagen elution buffer,1,1,90,Dimabi,41,2016,arabiensis,0.36,,34,NA,NA,NA,NA,NA
dim_42,270,26169_270,plate 4,F1,Tristan,4.8381,42,34,Yes,20,None,DNA HS,3,NA,18,54,270,dim_42,plate 4,F1,Anopheles gambiae,picogreen,4.8381,Qiagen DNEasy,Qiagen elution buffer,1,1,42,Dimabi,42,2016,gambiae,4.84,,460,NA,NA,NA,NA,NA
dim_45,271,26169_271,plate 4,G1,Tristan,0.0491,65,11,Yes,20,None,DNA HS,0.064,NA,18,1.152,271,dim_45,plate 4,G1,Anopheles arabiensis,picogreen,0.0491,Qiagen DNEasy,Qiagen elution buffer,1,1,90,Dimabi,45,2016,arabiensis,0.05,,5,NA,NA,NA,NA,NA
dim_46,272,26169_272,plate 4,H1,Tristan,0.388,73,3,Yes,20,None,DNA HS,0.952,NA,18,17.136,272,dim_46,plate 4,H1,Anopheles gambiae,picogreen,0.388,Qiagen DNEasy,Qiagen elution buffer,1,1,90,Dimabi,46,2018,gambiae,0.39,,37,NA,NA,NA,NA,NA
dim_47,273,26169_273,plate 4,A2,Tristan,10.51085,20,56,Yes,20,None,DNA HS,4.4,NA,18,79.2,273,dim_47,plate 4,A2,Anopheles gambiae,picogreen,10.51085,Qiagen DNEasy,Qiagen elution buffer,1,1,20,Dimabi,47,2018,gambiae,10.51,,999,NA,NA,NA,NA,NA
dim_48,274,26169_274,plate 4,B2,Tristan,5.4723,37,39,Yes,20,None,DNA HS,6.06,NA,18,109.08,274,dim_48,plate 4,B2,Anopheles gambiae,picogreen,5.4723,Qiagen DNEasy,Qiagen elution buffer,1,1,37,Dimabi,48,2018,gambiae,5.47,,520,NA,NA,NA,NA,NA
dim_49,275,26169_275,plate 4,C2,Tristan,3.31135,61,15,Yes,20,None,DNA HS,4.34,NA,18,78.12,275,dim_49,plate 4,C2,Anopheles arabiensis,picogreen,3.31135,Qiagen DNEasy,Qiagen elution buffer,1,1,61,Dimabi,49,2018,arabiensis,3.31,,315,NA,NA,NA,NA,NA
dim_50,276,26169_276,plate 4,D2,Tristan,5.2647,38,38,Yes,20,None,DNA HS,4.9,NA,18,88.2,276,dim_50,plate 4,D2,Anopheles arabiensis,picogreen,5.2647,Qiagen DNEasy,Qiagen elution buffer,1,1,38,Dimabi,50,2018,arabiensis,5.26,,500,NA,NA,NA,NA,NA
dim_51,277,26169_277,plate 4,E2,Tristan,0.14185,55,21,Yes,20,None,DNA HS,0.098,NA,18,1.764,277,dim_51,plate 4,E2,Anopheles arabiensis,picogreen,0.14185,Qiagen DNEasy,Qiagen elution buffer,1,1,90,Dimabi,51,2018,arabiensis,0.14,,13,4,0.1,0.25,,1
dim_52,278,26169_278,plate 4,F2,Tristan,0.24005,65,11,Yes,20,None,DNA HS,0.144,NA,18,2.592,278,dim_52,plate 4,F2,Anopheles arabiensis,picogreen,0.24005,Qiagen DNEasy,Qiagen elution buffer,1,1,90,Dimabi,52,2018,arabiensis,0.24,,23,4,0.2,0.5,,1
dim_54,279,26169_279,plate 4,G2,Tristan,1.829,72,4,Yes,20,None,DNA HS,3.94,NA,18,70.92,279,dim_54,plate 4,G2,Anopheles arabiensis,picogreen,1.829,Qiagen DNEasy,Qiagen elution buffer,1,1,90,Dimabi,54,2018,arabiensis,1.83,,174,NA,NA,NA,NA,NA
dim_56,280,26169_280,plate 4,H2,Tristan,0.06555,65,11,Yes,20,None,DNA HS,0.106,NA,18,1.908,280,dim_56,plate 4,H2,Anopheles arabiensis,picogreen,0.06555,Qiagen DNEasy,Qiagen elution buffer,1,1,90,Dimabi,56,2018,arabiensis,0.07,,6,4,0.1,0.25,,1
dim_57,281,26169_281,plate 4,A3,Tristan,5.2309,39,37,Yes,20,None,DNA HS,3.3,NA,18,59.4,281,dim_57,plate 4,A3,Anopheles arabiensis,picogreen,5.2309,Qiagen DNEasy,Qiagen elution buffer,1,1,39,Dimabi,57,2018,arabiensis,5.23,,497,NA,NA,NA,NA,NA
dim_59,282,26169_282,plate 4,B3,Tristan,2.48965,65,11,Yes,20,None,DNA HS,2.94,NA,18,52.92,282,dim_59,plate 4,B3,Anopheles arabiensis,picogreen,2.48965,Qiagen DNEasy,Qiagen elution buffer,1,1,81,Dimabi,59,2018,arabiensis,2.49,,237,NA,NA,NA,NA,NA
dim_61,283,26169_283,plate 4,C3,Tristan,71.12965,10,66,Yes,20,None,DNA HS,2.56,NA,18,46.08,283,dim_61,plate 4,C3,Anopheles arabiensis,picogreen,71.12965,Qiagen DNEasy,Qiagen elution buffer,1,1,10,Dimabi,61,2020,arabiensis,71.13,,6757,NA,NA,NA,NA,NA
dim_62,284,26169_284,plate 4,D3,Tristan,40.88485,10,66,Yes,20,None,DNA HS,2.88,NA,18,51.84,284,dim_62,plate 4,D3,Anopheles arabiensis,picogreen,40.88485,Qiagen DNEasy,Qiagen elution buffer,1,1,10,Dimabi,62,2020,arabiensis,40.88,,3884,NA,NA,NA,NA,NA
dim_63,285,26169_285,plate 4,E3,Tristan,8.75885,23,53,Yes,20,None,DNA HS,3.92,NA,18,70.56,285,dim_63,plate 4,E3,Anopheles coluzzii,picogreen,8.75885,Qiagen DNEasy,Qiagen elution buffer,1,1,23,Dimabi,63,2020,coluzzi,8.76,,832,NA,NA,NA,NA,NA
dim_64,286,26169_286,plate 4,F3,Tristan,8.2945,25,51,Yes,20,None,DNA HS,6.16,NA,18,110.88,286,dim_64,plate 4,F3,Anopheles arabiensis,picogreen,8.2945,Qiagen DNEasy,Qiagen elution buffer,1,1,25,Dimabi,64,2020,arabiensis,8.29,,788,NA,NA,NA,NA,NA
dim_65,287,26169_287,plate 4,G3,Tristan,24.6746,10,66,Yes,20,None,DNA HS,2.16,NA,18,38.88,287,dim_65,plate 4,G3,Anopheles arabiensis,picogreen,24.6746,Qiagen DNEasy,Qiagen elution buffer,1,1,10,Dimabi,65,2020,arabiensis,24.67,,2344,NA,NA,NA,NA,NA
dim_66,288,26169_288,plate 4,H3,Tristan,27.81865,10,66,Yes,20,None,DNA HS,2.86,NA,18,51.48,288,dim_66,plate 4,H3,Anopheles arabiensis,picogreen,27.81865,Qiagen DNEasy,Qiagen elution buffer,1,1,10,Dimabi,66,2020,arabiensis,27.82,,2643,NA,NA,NA,NA,NA
dim_67,289,26169_289,plate 4,A4,Tristan,24.5134,10,66,Yes,20,None,DNA HS,1.54,NA,18,27.72,289,dim_67,plate 4,A4,Anopheles arabiensis,picogreen,24.5134,Qiagen DNEasy,Qiagen elution buffer,1,1,10,Dimabi,67,2020,arabiensis,24.51,,2329,NA,NA,NA,NA,NA
dim_68,290,26169_290,plate 4,B4,Tristan,20.42515,10,66,Yes,20,None,DNA HS,1.6,NA,18,28.8,290,dim_68,plate 4,B4,Anopheles arabiensis,picogreen,20.42515,Qiagen DNEasy,Qiagen elution buffer,1,1,10,Dimabi,68,2020,arabiensis,20.43,,1940,NA,NA,NA,NA,NA
dim_69,291,26169_291,plate 4,C4,Tristan,24.1495,10,66,Yes,20,None,DNA HS,2.4,NA,18,43.2,291,dim_69,plate 4,C4,Anopheles gambiae,picogreen,24.1495,Qiagen DNEasy,Qiagen elution buffer,1,1,10,Dimabi,69,2020,gambiae,24.15,,2294,NA,NA,NA,NA,NA
dim_70,292,26169_292,plate 4,D4,Tristan,19.4257,11,65,Yes,20,None,DNA HS,2.06,NA,18,37.08,292,dim_70,plate 4,D4,Anopheles arabiensis,picogreen,19.4257,Qiagen DNEasy,Qiagen elution buffer,1,1,11,Dimabi,70,2020,arabiensis,19.43,,1845,NA,NA,NA,NA,NA
dim_71,293,26169_293,plate 4,E4,Tristan,7.63425,27,49,Yes,20,None,DNA HS,4.16,NA,18,74.88,293,dim_71,plate 4,E4,Anopheles arabiensis,picogreen,7.63425,Qiagen DNEasy,Qiagen elution buffer,1,1,27,Dimabi,71,2020,arabiensis,7.63,,725,NA,NA,NA,NA,NA
dim_72,294,26169_294,plate 4,F4,Tristan,16.10645,13,63,Yes,20,None,DNA HS,2.2,NA,18,39.6,294,dim_72,plate 4,F4,Anopheles gambiae,picogreen,16.10645,Qiagen DNEasy,Qiagen elution buffer,1,1,13,Dimabi,72,2020,gambiae,16.11,,1530,NA,NA,NA,NA,NA
dim_73,295,26169_295,plate 4,G4,Tristan,5.0805,40,36,Yes,20,None,DNA HS,2.84,NA,18,51.12,295,dim_73,plate 4,G4,Anopheles gambiae,picogreen,5.0805,Qiagen DNEasy,Qiagen elution buffer,1,1,40,Dimabi,73,2020,gambiae,5.08,,483,NA,NA,NA,NA,NA
dim_74,296,26169_296,plate 4,H4,Tristan,7.60895,27,49,Yes,20,None,DNA HS,2.74,NA,18,49.32,296,dim_74,plate 4,H4,Anopheles arabiensis,picogreen,7.60895,Qiagen DNEasy,Qiagen elution buffer,1,1,27,Dimabi,74,2020,arabiensis,7.61,,723,NA,NA,NA,NA,NA
dim_75,297,26169_297,plate 4,A5,Tristan,7.95495,26,50,Yes,20,None,DNA HS,2.1,NA,18,37.8,297,dim_75,plate 4,A5,Anopheles coluzzii,picogreen,7.95495,Qiagen DNEasy,Qiagen elution buffer,1,1,26,Dimabi,75,2020,coluzzi,7.95,,756,NA,NA,NA,NA,NA
wor_13,298,26169_298,plate 4,B5,Tristan,0.0476,65,11,Yes,20,None,DNA HS,0.0558,NA,18,1.0044,298,wor_13,plate 4,B5,Anopheles arabiensis,picogreen,0.0476,Qiagen DNEasy,Qiagen elution buffer,1,1,90,Woribugu,13,2008,arabiensis,0.05,,5,4,>0.1,>0.1,,1
wor_16,299,26169_299,plate 4,C5,Tristan,1.2904,57,19,Yes,20,None,DNA HS,1.66,NA,18,29.88,299,wor_16,plate 4,C5,Anopheles gambiae,picogreen,1.2904,Qiagen DNEasy,Qiagen elution buffer,1,1,90,Woribugu,16,2014,gambiae,1.29,,123,NA,NA,NA,NA,NA
wor_18,300,26169_300,plate 4,D5,Tristan,3.0796,65,11,Yes,20,None,DNA HS,4.56,NA,18,82.08,300,wor_18,plate 4,D5,Anopheles arabiensis,picogreen,3.0796,Qiagen DNEasy,Qiagen elution buffer,1,1,65,Woribugu,18,2014,arabiensis,3.08,,293,NA,NA,NA,NA,NA
wor_19,301,26169_301,plate 4,E5,Tristan,2.0528,74,2,Yes,20,None,DNA HS,3.04,NA,18,54.72,301,wor_19,plate 4,E5,Anopheles gambiae,picogreen,2.0528,Qiagen DNEasy,Qiagen elution buffer,1,1,90,Woribugu,19,2014,gambiae,2.05,,195,NA,NA,NA,NA,NA
wor_21,302,26169_302,plate 4,F5,Tristan,1.4566,74,2,Yes,20,None,DNA HS,2.66,NA,18,47.88,302,wor_21,plate 4,F5,Anopheles coluzzii,picogreen,1.4566,Qiagen DNEasy,Qiagen elution buffer,1,1,90,Woribugu,21,2014,coluzzi,1.46,,138,NA,NA,NA,NA,NA
wor_22,303,26169_303,plate 4,G5,Tristan,2.7104,74,2,Yes,20,None,DNA HS,4.14,NA,18,74.52,303,wor_22,plate 4,G5,Anopheles coluzzii,picogreen,2.7104,Qiagen DNEasy,Qiagen elution buffer,1,1,74,Woribugu,22,2014,coluzzi,2.71,,257,NA,NA,NA,NA,NA
wor_23,304,26169_304,plate 4,H5,Tristan,1.218,67,9,Yes,20,None,DNA HS,1.98,NA,18,35.64,304,wor_23,plate 4,H5,Anopheles gambiae,picogreen,1.218,Qiagen DNEasy,Qiagen elution buffer,1,1,90,Woribugu,23,2014,gambiae,1.22,,116,NA,NA,NA,NA,NA
wor_24,305,26169_305,plate 4,A6,Tristan,2.4676,69,7,Yes,20,None,DNA HS,4.96,NA,18,89.28,305,wor_24,plate 4,A6,Anopheles gambiae,picogreen,2.4676,Qiagen DNEasy,Qiagen elution buffer,1,1,82,Woribugu,24,2014,gambiae,2.47,,234,NA,NA,NA,NA,NA
wor_25,306,26169_306,plate 4,B6,Tristan,3.0736,66,10,Yes,20,None,DNA HS,5.52,NA,18,99.36,306,wor_25,plate 4,B6,Anopheles gambiae,picogreen,3.0736,Qiagen DNEasy,Qiagen elution buffer,1,1,66,Woribugu,25,2014,gambiae,3.07,,292,NA,NA,NA,NA,NA
wor_27,307,26169_307,plate 4,C6,Tristan,4.2024,48,28,Yes,20,None,DNA HS,5.34,NA,18,96.12,307,wor_27,plate 4,C6,Anopheles coluzzii,picogreen,4.2024,Qiagen DNEasy,Qiagen elution buffer,1,1,48,Woribugu,27,2014,coluzzi,4.2,,399,NA,NA,NA,NA,NA
wor_28,308,26169_308,plate 4,D6,Tristan,1.3692,70,6,Yes,20,None,DNA HS,2.54,NA,18,45.72,308,wor_28,plate 4,D6,Anopheles gambiae,picogreen,1.3692,Qiagen DNEasy,Qiagen elution buffer,1,1,90,Woribugu,28,2014,gambiae,1.37,,130,NA,NA,NA,NA,NA
wor_29,309,26169_309,plate 4,E6,Tristan,3.4732,58,18,Yes,20,None,DNA HS,5.52,NA,18,99.36,309,wor_29,plate 4,E6,Anopheles gambiae,picogreen,3.4732,Qiagen DNEasy,Qiagen elution buffer,1,1,58,Woribugu,29,2014,gambiae,3.47,,330,NA,NA,NA,NA,NA
wor_30,310,26169_310,plate 4,F6,Tristan,1.1372,66,10,Yes,20,None,DNA HS,2.06,NA,18,37.08,310,wor_30,plate 4,F6,Anopheles gambiae,picogreen,1.1372,Qiagen DNEasy,Qiagen elution buffer,1,1,90,Woribugu,30,2014,gambiae,1.14,,108,NA,NA,NA,NA,NA
wor_31,311,26169_311,plate 4,G6,Tristan,1.7382,40,36,Yes,20,None,DNA HS,1.89,NA,18,34.02,311,wor_31,plate 4,G6,Anopheles gambiae,picogreen,1.7382,Qiagen DNEasy,Qiagen elution buffer,1,1,90,Woribugu,31,2016,gambiae,1.74,,165,NA,NA,NA,NA,NA
wor_32,312,26169_312,plate 4,H6,Tristan,0.0614,60,16,Yes,20,None,DNA HS,0.0898,NA,18,1.6164,312,wor_32,plate 4,H6,Anopheles arabiensis,picogreen,0.0614,Qiagen DNEasy,Qiagen elution buffer,1,1,90,Woribugu,32,2016,arabiensis,0.06,,6,4,0.1,0.25,,1
wor_38,313,26169_313,plate 4,A7,Tristan,2.0804,75,1,Yes,20,None,DNA HS,4.32,NA,18,77.76,313,wor_38,plate 4,A7,Anopheles gambiae,picogreen,2.0804,Qiagen DNEasy,Qiagen elution buffer,1,1,90,Woribugu,38,2016,gambiae,2.08,,198,NA,NA,NA,NA,NA
wor_40,314,26169_314,plate 4,B7,Tristan,0.3628,75,1,Yes,20,None,DNA HS,0.438,NA,18,7.884,314,wor_40,plate 4,B7,Anopheles gambiae,picogreen,0.3628,Qiagen DNEasy,Qiagen elution buffer,1,1,90,Woribugu,40,2016,gambiae,0.36,,34,NA,NA,NA,NA,NA
wor_42,315,26169_315,plate 4,C7,Tristan,0.3988,75,1,Yes,20,None,DNA HS,0.596,NA,18,10.728,315,wor_42,plate 4,C7,Anopheles gambiae,picogreen,0.3988,Qiagen DNEasy,Qiagen elution buffer,1,1,90,Woribugu,42,2016,gambiae,0.4,,38,NA,NA,NA,NA,NA
wor_44,316,26169_316,plate 4,D7,Tristan,0.4224,75,1,Yes,20,None,DNA HS,0.462,NA,18,8.316,316,wor_44,plate 4,D7,Anopheles gambiae,picogreen,0.4224,Qiagen DNEasy,Qiagen elution buffer,1,1,90,Woribugu,44,2016,gambiae,0.42,,40,NA,NA,NA,NA,NA
wor_45,317,26169_317,plate 4,E7,Tristan,2.1308,75,1,Yes,20,None,DNA HS,4.02,NA,18,72.36,317,wor_45,plate 4,E7,Anopheles gambiae,picogreen,2.1308,Qiagen DNEasy,Qiagen elution buffer,1,1,94,Woribugu,45,2016,gambiae,2.13,,202,NA,NA,NA,NA,NA
wor_46,318,26169_318,plate 4,F7,Tristan,0.13,75,1,Yes,20,None,DNA HS,0.198,NA,18,3.564,318,wor_46,plate 4,F7,Anopheles arabiensis,picogreen,0.13,Qiagen DNEasy,Qiagen elution buffer,1,1,90,Woribugu,46,2018,arabiensis,0.13,,12,4,0.1,0.25,,1
wor_48,319,26169_319,plate 4,G7,Tristan,2.786,72,4,Yes,20,None,DNA HS,5.18,NA,18,93.24,319,wor_48,plate 4,G7,Anopheles gambiae,picogreen,2.786,Qiagen DNEasy,Qiagen elution buffer,1,1,72,Woribugu,48,2018,gambiae,2.79,,265,NA,NA,NA,NA,NA
wor_49,320,26169_320,plate 4,H7,Tristan,4.1154,49,27,Yes,20,None,DNA HS,7.16,NA,18,128.88,320,wor_49,plate 4,H7,Anopheles gambiae,picogreen,4.1154,Qiagen DNEasy,Qiagen elution buffer,1,1,49,Woribugu,49,2018,gambiae,4.12,,391,NA,NA,NA,NA,NA
wor_51,321,26169_321,plate 4,A8,Tristan,0.213,70,6,Yes,20,None,DNA HS,0.14,NA,18,2.52,321,wor_51,plate 4,A8,Anopheles arabiensis,picogreen,0.213,Qiagen DNEasy,Qiagen elution buffer,1,1,90,Woribugu,51,2018,arabiensis,0.21,,20,4,0.2,0.5,,1
wor_52,322,26169_322,plate 4,B8,Tristan,0.2804,67,9,Yes,20,None,DNA HS,0.31,NA,18,5.58,322,wor_52,plate 4,B8,Anopheles gambiae,picogreen,0.2804,Qiagen DNEasy,Qiagen elution buffer,1,1,90,Woribugu,52,2018,gambiae,0.28,,27,NA,NA,NA,NA,NA
wor_54,323,26169_323,plate 4,C8,Tristan,0.4692,75,1,Yes,20,None,DNA HS,0.748,NA,18,13.464,323,wor_54,plate 4,C8,Anopheles gambiae,picogreen,0.4692,Qiagen DNEasy,Qiagen elution buffer,1,1,90,Woribugu,54,2018,gambiae,0.47,,45,NA,NA,NA,NA,NA
wor_55,324,26169_324,plate 4,D8,Tristan,0.356,70,6,Yes,20,None,DNA HS,0.57,NA,18,10.26,324,wor_55,plate 4,D8,Anopheles arabiensis,picogreen,0.356,Qiagen DNEasy,Qiagen elution buffer,1,1,90,Woribugu,55,2018,arabiensis,0.36,,34,NA,NA,NA,NA,NA
wor_56,325,26169_325,plate 4,E8,Tristan,0.7416,65,11,Yes,20,None,DNA HS,0.686,NA,18,12.348,325,wor_56,plate 4,E8,Anopheles arabiensis,picogreen,0.7416,Qiagen DNEasy,Qiagen elution buffer,1,1,90,Woribugu,56,2018,arabiensis,0.74,,70,NA,NA,NA,NA,NA
wor_59,326,26169_326,plate 4,F8,Tristan,0.0528,72,4,Yes,20,None,DNA HS,0.0984,NA,18,1.7712,326,wor_59,plate 4,F8,Anopheles arabiensis,picogreen,0.0528,Qiagen DNEasy,Qiagen elution buffer,1,1,90,Woribugu,59,2018,arabiensis,0.05,,5,4,0.1,0.25,,1
kul_2,327,26169_327,plate 4,G8,Tristan,0.6102,70,6,Yes,20,None,DNA HS,1.15,NA,18,20.7,327,kul_2,plate 4,G8,Anopheles coluzzii,picogreen,0.6102,Qiagen DNEasy,Qiagen elution buffer,1,1,90,Kulaa,2,2014,coluzzi,0.61,,58,NA,NA,NA,NA,NA
kul_3,328,26169_328,plate 4,H8,Tristan,0.7504,50,26,Yes,20,None,DNA HS,1.29,NA,18,23.22,328,kul_3,plate 4,H8,Anopheles arabiensis,picogreen,0.7504,Qiagen DNEasy,Qiagen elution buffer,1,1,90,Kulaa,3,2014,arabiensis,0.75,,71,NA,NA,NA,NA,NA
kul_4,329,26169_329,plate 4,A9,Tristan,1.3744,76,0,Yes,20,None,DNA HS,2.7,NA,18,48.6,329,kul_4,plate 4,A9,Anopheles gambiae,picogreen,1.3744,Qiagen DNEasy,Qiagen elution buffer,1,1,90,Kulaa,4,2014,gambiae,1.37,,131,NA,NA,NA,NA,NA
kul_5,330,26169_330,plate 4,B9,Tristan,0.301,70,6,Yes,20,None,DNA HS,0.582,NA,18,10.476,330,kul_5,plate 4,B9,Anopheles gambiae,picogreen,0.301,Qiagen DNEasy,Qiagen elution buffer,1,1,90,Kulaa,5,2014,gambiae,0.3,,29,NA,NA,NA,NA,NA
kul_6,331,26169_331,plate 4,C9,Tristan,0.4414,70,6,Yes,20,None,DNA HS,0.6,NA,18,10.8,331,kul_6,plate 4,C9,Anopheles gambiae,picogreen,0.4414,Qiagen DNEasy,Qiagen elution buffer,1,1,90,Kulaa,6,2014,gambiae,0.44,,42,NA,NA,NA,NA,NA
kul_7,332,26169_332,plate 4,D9,Tristan,0.8192,65,11,Yes,20,None,DNA HS,1.38,NA,18,24.84,332,kul_7,plate 4,D9,Anopheles gambiae,picogreen,0.8192,Qiagen DNEasy,Qiagen elution buffer,1,1,90,Kulaa,7,2014,gambiae,0.82,,78,NA,NA,NA,NA,NA
kul_8,333,26169_333,plate 4,E9,Tristan,0.3068,64,12,Yes,20,None,DNA HS,0.66,NA,18,11.88,333,kul_8,plate 4,E9,Anopheles gambiae,picogreen,0.3068,Qiagen DNEasy,Qiagen elution buffer,1,1,90,Kulaa,8,2014,gambiae,0.31,,29,NA,NA,NA,NA,NA
kul_9,334,26169_334,plate 4,F9,Tristan,1.0572,70,6,Yes,20,None,DNA HS,1.01,NA,18,18.18,334,kul_9,plate 4,F9,Anopheles gambiae,picogreen,1.0572,Qiagen DNEasy,Qiagen elution buffer,1,1,90,Kulaa,9,2014,gambiae,1.06,,100,NA,NA,NA,NA,NA
kul_10,335,26169_335,plate 4,G9,Tristan,0.9328,75,1,Yes,20,None,DNA HS,1.39,NA,18,25.02,335,kul_10,plate 4,G9,Anopheles gambiae,picogreen,0.9328,Qiagen DNEasy,Qiagen elution buffer,1,1,90,Kulaa,10,2014,gambiae,0.93,,89,NA,NA,NA,NA,NA
kul_11,336,26169_336,plate 4,H9,Tristan,0.6212,75,1,Yes,20,None,DNA HS,1.08,NA,18,19.44,336,kul_11,plate 4,H9,Anopheles gambiae,picogreen,0.6212,Qiagen DNEasy,Qiagen elution buffer,1,1,90,Kulaa,11,2014,gambiae,0.62,,59,NA,NA,NA,NA,NA
kul_12,337,26169_337,plate 4,A10,Tristan,1.026,66,10,Yes,20,None,DNA HS,0.694,NA,18,12.492,337,kul_12,plate 4,A10,Anopheles coluzzii,picogreen,1.026,Qiagen DNEasy,Qiagen elution buffer,1,1,90,Kulaa,12,2014,coluzzi,1.03,,97,NA,NA,NA,NA,NA
kul_15,338,26169_338,plate 4,B10,Tristan,2.21,64,12,Yes,20,None,DNA HS,4.06,NA,18,73.08,338,kul_15,plate 4,B10,Anopheles gambiae,picogreen,2.21,Qiagen DNEasy,Qiagen elution buffer,1,1,91,Kulaa,15,2014,gambiae,2.21,,210,NA,NA,NA,NA,NA
kul_17,339,26169_339,plate 4,C10,Tristan,11.883,17,59,Yes,20,None,DNA HS,4.9,NA,18,88.2,339,kul_17,plate 4,C10,Anopheles gambiae,picogreen,11.883,Qiagen DNEasy,Qiagen elution buffer,1,1,17,Kulaa,17,2016,gambiae,11.88,,1129,NA,NA,NA,NA,NA
kul_20,340,26169_340,plate 4,D10,Tristan,5.0038,40,36,Yes,20,None,DNA HS,6.54,NA,18,117.72,340,kul_20,plate 4,D10,Anopheles coluzzii,picogreen,5.0038,Qiagen DNEasy,Qiagen elution buffer,1,1,40,Kulaa,20,2016,coluzzi,5,,475,NA,NA,NA,NA,NA
kul_25,341,26169_341,plate 4,E10,Tristan,11.552,18,58,Yes,20,None,DNA HS,0.055,NA,18,0.99,341,kul_25,plate 4,E10,Anopheles gambiae,picogreen,11.552,Qiagen DNEasy,Qiagen elution buffer,1,1,18,Kulaa,25,2016,gambiae,11.55,,1097,4,>0.1,>0.1,No library - failed completely,1
kul_28,342,26169_342,plate 4,F10,Tristan,8.2296,25,51,Yes,20,None,DNA HS,6.38,NA,18,114.84,342,kul_28,plate 4,F10,Anopheles gambiae,picogreen,8.2296,Qiagen DNEasy,Qiagen elution buffer,1,1,25,Kulaa,28,2016,gambiae,8.23,,782,NA,NA,NA,NA,NA
kul_30,343,26169_343,plate 4,G10,Tristan,10.0008,20,56,Yes,20,None,DNA HS,5.26,NA,18,94.68,343,kul_30,plate 4,G10,Anopheles gambiae,picogreen,10.0008,Qiagen DNEasy,Qiagen elution buffer,1,1,20,Kulaa,30,2016,gambiae,10,,950,NA,NA,NA,NA,NA
kul_31,344,26169_344,plate 4,H10,Tristan,2.32,70,6,Yes,20,None,DNA HS,4.04,NA,18,72.72,344,kul_31,plate 4,H10,Anopheles coluzzii,picogreen,2.32,Qiagen DNEasy,Qiagen elution buffer,1,1,87,Kulaa,31,2018,coluzzi,2.32,,220,NA,NA,NA,NA,NA
kul_34,345,26169_345,plate 4,A11,Tristan,0.6688,70,6,Yes,20,None,DNA HS,0.772,NA,18,13.896,345,kul_34,plate 4,A11,Anopheles coluzzii,picogreen,0.6688,Qiagen DNEasy,Qiagen elution buffer,1,1,90,Kulaa,34,2018,coluzzi,0.67,,64,NA,NA,NA,NA,NA
kul_36,346,26169_346,plate 4,B11,Tristan,4.3908,46,30,Yes,20,None,DNA HS,6.22,NA,18,111.96,346,kul_36,plate 4,B11,Anopheles gambiae,picogreen,4.3908,Qiagen DNEasy,Qiagen elution buffer,1,1,46,Kulaa,36,2018,gambiae,4.39,,417,NA,NA,NA,NA,NA
kul_39,347,26169_347,plate 4,C11,Tristan,9.0504,23,53,Yes,20,None,DNA HS,5.48,NA,18,98.64,347,kul_39,plate 4,C11,Anopheles coluzzii,picogreen,9.0504,Qiagen DNEasy,Qiagen elution buffer,1,1,23,Kulaa,39,2018,coluzzi,9.05,,860,NA,NA,NA,NA,NA
kul_40,348,26169_348,plate 4,D11,Tristan,0.388,71,5,Yes,20,None,DNA HS,0.362,NA,18,6.516,348,kul_40,plate 4,D11,Anopheles coluzzii,picogreen,0.388,Qiagen DNEasy,Qiagen elution buffer,1,1,90,Kulaa,40,2018,coluzzi,0.39,,37,4,0.4,1,,1
kul_42,349,26169_349,plate 4,E11,Tristan,0.3528,65,11,Yes,20,None,DNA HS,0.406,NA,18,7.308,349,kul_42,plate 4,E11,Anopheles arabiensis,picogreen,0.3528,Qiagen DNEasy,Qiagen elution buffer,1,1,90,Kulaa,42,2018,arabiensis,0.35,,34,NA,NA,NA,NA,NA
kul_43,350,26169_350,plate 4,F11,Tristan,2.7968,72,4,Yes,20,None,DNA HS,4.04,NA,18,72.72,350,kul_43,plate 4,F11,Anopheles coluzzii,picogreen,2.7968,Qiagen DNEasy,Qiagen elution buffer,1,1,72,Kulaa,43,2018,coluzzi,2.8,,266,NA,NA,NA,NA,NA
kul_44,351,26169_351,plate 4,G11,Tristan,6.7808,30,46,Yes,20,None,DNA HS,3.78,NA,18,68.04,351,kul_44,plate 4,G11,Anopheles coluzzii,picogreen,6.7808,Qiagen DNEasy,Qiagen elution buffer,1,1,30,Kulaa,44,2018,coluzzi,6.78,,644,NA,NA,NA,NA,NA
kul_46,352,26169_352,plate 4,H11,Tristan,18.6078,11,65,Yes,20,None,DNA HS,5.28,NA,18,95.04,352,kul_46,plate 4,H11,Anopheles gambiae,picogreen,18.6078,Qiagen DNEasy,Qiagen elution buffer,1,1,11,Kulaa,46,2020,gambiae,18.61,,1768,NA,NA,NA,NA,NA
kul_47,353,26169_353,plate 5,A1,Tristan,24.1934,10,65,Yes,20,None,DNA HS,5.7,NA,18,102.6,353,kul_47,plate 5,A1,Anopheles gambiae,picogreen,24.1934,Qiagen DNEasy,Qiagen elution buffer,1,1,10,Kulaa,47,2020,gambiae,24.19,,2298,NA,NA,NA,NA,NA
kul_48,354,26169_354,plate 5,B1,Tristan,20.5892,10,65,Yes,20,None,DNA HS,3.54,NA,18,63.72,354,kul_48,plate 5,B1,Anopheles gambiae,picogreen,20.5892,Qiagen DNEasy,Qiagen elution buffer,1,1,10,Kulaa,48,2020,gambiae,20.59,,1956,NA,NA,NA,NA,NA
kul_49,355,26169_355,plate 5,C1,Tristan,12.846,16,59,Yes,20,None,DNA HS,3.72,NA,18,66.96,355,kul_49,plate 5,C1,Anopheles gambiae,picogreen,12.846,Qiagen DNEasy,Qiagen elution buffer,1,1,16,Kulaa,49,2020,gambiae,12.85,,1220,NA,NA,NA,NA,NA
kul_50,356,26169_356,plate 5,D1,Tristan,10.3084,20,55,Yes,20,None,DNA HS,4.78,NA,18,86.04,356,kul_50,plate 5,D1,Anopheles gambiae,picogreen,10.3084,Qiagen DNEasy,Qiagen elution buffer,1,1,20,Kulaa,50,2020,gambiae,10.31,,979,NA,NA,NA,NA,NA
kul_51,357,26169_357,plate 5,E1,Tristan,19.4316,11,64,Yes,20,None,DNA HS,4.7,NA,18,84.6,357,kul_51,plate 5,E1,Anopheles gambiae,picogreen,19.4316,Qiagen DNEasy,Qiagen elution buffer,1,1,11,Kulaa,51,2020,gambiae,19.43,,1846,NA,NA,NA,NA,NA
kul_53,358,26169_358,plate 5,F1,Tristan,44.6124,10,65,Yes,20,None,DNA HS,4.08,NA,18,73.44,358,kul_53,plate 5,F1,Anopheles gambiae,picogreen,44.6124,Qiagen DNEasy,Qiagen elution buffer,1,1,10,Kulaa,53,2020,gambiae,44.61,,4238,NA,NA,NA,NA,NA
kul_54,359,26169_359,plate 5,G1,Tristan,33.9252,10,65,Yes,20,None,DNA HS,4.06,NA,18,73.08,359,kul_54,plate 5,G1,Anopheles gambiae,picogreen,33.9252,Qiagen DNEasy,Qiagen elution buffer,1,1,10,Kulaa,54,2020,gambiae,33.93,,3223,NA,NA,NA,NA,NA
kul_55,360,26169_360,plate 5,H1,Tristan,25.3416,10,65,Yes,20,None,DNA HS,4.4,NA,18,79.2,360,kul_55,plate 5,H1,Anopheles arabiensis,picogreen,25.3416,Qiagen DNEasy,Qiagen elution buffer,1,1,10,Kulaa,55,2020,arabiensis,25.34,,2407,NA,NA,NA,NA,NA
kul_56,361,26169_361,plate 5,A2,Tristan,21.688,10,65,Yes,20,None,DNA HS,5.54,NA,18,99.72,361,kul_56,plate 5,A2,Anopheles gambiae,picogreen,21.688,Qiagen DNEasy,Qiagen elution buffer,1,1,10,Kulaa,56,2020,gambiae,21.69,,2060,NA,NA,NA,NA,NA
kul_57,362,26169_362,plate 5,B2,Tristan,17.1512,12,63,Yes,20,None,DNA HS,4.3,NA,18,77.4,362,kul_57,plate 5,B2,Anopheles gambiae,picogreen,17.1512,Qiagen DNEasy,Qiagen elution buffer,1,1,12,Kulaa,57,2020,gambiae,17.15,,1629,NA,NA,NA,NA,NA
kul_58,363,26169_363,plate 5,C2,Tristan,33.6712,10,65,Yes,20,None,DNA HS,3.96,NA,18,71.28,363,kul_58,plate 5,C2,Anopheles gambiae,picogreen,33.6712,Qiagen DNEasy,Qiagen elution buffer,1,1,10,Kulaa,58,2020,gambiae,33.67,,3199,NA,NA,NA,NA,NA
kul_59,364,26169_364,plate 5,D2,Tristan,14.8968,14,61,Yes,20,None,DNA HS,3.98,NA,18,71.64,364,kul_59,plate 5,D2,Anopheles gambiae,picogreen,14.8968,Qiagen DNEasy,Qiagen elution buffer,1,1,14,Kulaa,59,2020,gambiae,14.9,,1415,NA,NA,NA,NA,NA
kul_60,365,26169_365,plate 5,E2,Tristan,32.8228,10,65,Yes,20,None,DNA HS,4.34,NA,18,78.12,365,kul_60,plate 5,E2,Anopheles gambiae,picogreen,32.8228,Qiagen DNEasy,Qiagen elution buffer,1,1,10,Kulaa,60,2020,gambiae,32.82,,3118,NA,NA,NA,NA,NA
tug_2,366,26169_366,plate 5,F2,Tristan,0.174,63,12,Yes,20,None,DNA HS,0.187,NA,18,3.366,366,tug_2,plate 5,F2,Anopheles arabiensis,picogreen,0.174,Qiagen DNEasy,Qiagen elution buffer,1,1,90,Tugu,2,2014,arabiensis,0.17,,17,5,0.2,0.5,,1
tug_3,367,26169_367,plate 5,G2,Tristan,8.916,23,52,Yes,20,None,DNA HS,5.7,NA,18,102.6,367,tug_3,plate 5,G2,Anopheles coluzzii,picogreen,8.916,Qiagen DNEasy,Qiagen elution buffer,1,1,23,Tugu,3,2014,coluzzi,8.92,,847,5,>0.1,>0.1,,1
tug_7,368,26169_368,plate 5,H2,Tristan,0.5128,75,0,Yes,20,None,DNA HS,0.7,NA,18,12.6,368,tug_7,plate 5,H2,Anopheles gambiae,picogreen,0.5128,Qiagen DNEasy,Qiagen elution buffer,1,1,90,Tugu,7,2014,gambiae,0.51,,49,5,0.5,1.25,,1
tug_8,369,26169_369,plate 5,A3,Tristan,0.8144,75,0,Yes,20,None,DNA HS,1.33,NA,18,23.94,369,tug_8,plate 5,A3,Anopheles gambiae,picogreen,0.8144,Qiagen DNEasy,Qiagen elution buffer,1,1,90,Tugu,8,2014,gambiae,0.81,,77,NA,NA,NA,NA,NA
tug_14,370,26169_370,plate 5,B3,Tristan,4.8848,41,34,Yes,20,None,DNA HS,4.46,NA,18,80.28,370,tug_14,plate 5,B3,Anopheles gambiae,picogreen,4.8848,Qiagen DNEasy,Qiagen elution buffer,1,1,41,Tugu,14,2014,gambiae,4.88,,464,NA,NA,NA,NA,NA
tug_15,371,26169_371,plate 5,C3,Tristan,0.2204,62,13,Yes,20,None,DNA HS,0.302,NA,18,5.436,371,tug_15,plate 5,C3,Anopheles gambiae,picogreen,0.2204,Qiagen DNEasy,Qiagen elution buffer,1,1,90,Tugu,15,2014,gambiae,0.22,1,21,5,0.2,0.5,,1
tug_18,372,26169_372,plate 5,D3,Tristan,0.229,62,13,Yes,20,None,DNA HS,0.242,NA,18,4.356,372,tug_18,plate 5,D3,Anopheles arabiensis,picogreen,0.229,Qiagen DNEasy,Qiagen elution buffer,1,1,90,Tugu,18,2016,arabiensis,0.23,,22,5,0.2,0.5,,1
tug_27,373,26169_373,plate 5,E3,Tristan,9.0992,22,53,Yes,20,None,DNA HS,6.1,NA,18,109.8,373,tug_27,plate 5,E3,Anopheles gambiae,picogreen,9.0992,Qiagen DNEasy,Qiagen elution buffer,1,1,22,Tugu,27,2016,gambiae,9.1,,864,NA,NA,NA,NA,NA
tug_29,374,26169_374,plate 5,F3,Tristan,0.212,68,7,Yes,20,None,DNA HS,0.115,NA,18,2.07,374,tug_29,plate 5,F3,Anopheles gambiae,picogreen,0.212,Qiagen DNEasy,Qiagen elution buffer,1,1,90,Tugu,29,2016,gambiae,0.21,,20,5,0.2,0.5,,1
tug_31,375,26169_375,plate 5,G3,Tristan,11.7686,17,58,Yes,20,None,DNA HS,5.02,NA,18,90.36,375,tug_31,plate 5,G3,Anopheles coluzzii,picogreen,11.7686,Qiagen DNEasy,Qiagen elution buffer,1,1,17,Tugu,31,2018,coluzzi,11.77,,1118,NA,NA,NA,NA,NA
tug_32,376,26169_376,plate 5,H3,Tristan,14.1998,15,60,Yes,20,None,DNA HS,0.149,NA,18,2.682,376,tug_32,plate 5,H3,Anopheles coluzzii,picogreen,14.1998,Qiagen DNEasy,Qiagen elution buffer,1,1,15,Tugu,32,2018,coluzzi,14.2,,1349,NA,NA,NA,NA,NA
tug_33,377,26169_377,plate 5,A4,Tristan,9.9822,21,54,Yes,20,None,DNA HS,11.2,NA,18,201.6,377,tug_33,plate 5,A4,Anopheles coluzzii,picogreen,9.9822,Qiagen DNEasy,Qiagen elution buffer,1,1,21,Tugu,33,2018,coluzzi,9.98,,948,NA,NA,NA,NA,NA
tug_34,378,26169_378,plate 5,B4,Tristan,9.589,21,54,Yes,20,None,DNA HS,8.56,NA,18,154.08,378,tug_34,plate 5,B4,Anopheles coluzzii,picogreen,9.589,Qiagen DNEasy,Qiagen elution buffer,1,1,21,Tugu,34,2018,coluzzi,9.59,,911,NA,NA,NA,NA,NA
tug_35,379,26169_379,plate 5,C4,Tristan,11.3676,18,57,Yes,20,None,DNA HS,2.08,NA,18,37.44,379,tug_35,plate 5,C4,Anopheles coluzzii,picogreen,11.3676,Qiagen DNEasy,Qiagen elution buffer,1,1,18,Tugu,35,2018,coluzzi,11.37,,1080,NA,NA,NA,NA,NA
tug_36,380,26169_380,plate 5,D4,Tristan,12.2238,17,58,Yes,20,None,DNA HS,6.18,NA,18,111.24,380,tug_36,plate 5,D4,Anopheles coluzzii,picogreen,12.2238,Qiagen DNEasy,Qiagen elution buffer,1,1,17,Tugu,36,2018,coluzzi,12.22,,1161,NA,NA,NA,NA,NA
tug_37,381,26169_381,plate 5,E4,Tristan,12.6432,16,59,Yes,20,None,DNA HS,3.6,NA,18,64.8,381,tug_37,plate 5,E4,Anopheles coluzzii,picogreen,12.6432,Qiagen DNEasy,Qiagen elution buffer,1,1,16,Tugu,37,2018,coluzzi,12.64,,1201,NA,NA,NA,NA,NA
tug_38,382,26169_382,plate 5,F4,Tristan,10.2724,20,55,Yes,20,None,DNA HS,4.08,NA,18,73.44,382,tug_38,plate 5,F4,Anopheles coluzzii,picogreen,10.2724,Qiagen DNEasy,Qiagen elution buffer,1,1,20,Tugu,38,2018,coluzzi,10.27,,976,NA,NA,NA,NA,NA
tug_39,383,26169_383,plate 5,G4,Tristan,12.2324,17,58,Yes,20,None,DNA HS,2.56,NA,18,46.08,383,tug_39,plate 5,G4,Anopheles coluzzii,picogreen,12.2324,Qiagen DNEasy,Qiagen elution buffer,1,1,17,Tugu,39,2018,coluzzi,12.23,,1162,NA,NA,NA,NA,NA
tug_40,384,26169_384,plate 5,H4,Tristan,11.7144,18,57,Yes,20,None,DNA HS,3.98,NA,18,71.64,384,tug_40,plate 5,H4,Anopheles coluzzii,picogreen,11.7144,Qiagen DNEasy,Qiagen elution buffer,1,1,18,Tugu,40,2018,coluzzi,11.71,,1113,NA,NA,NA,NA,NA
tug_41,385,26169_385,plate 5,A5,Tristan,6.9612,29,46,Yes,20,None,DNA HS,2.42,NA,18,43.56,385,tug_41,plate 5,A5,Anopheles coluzzii,picogreen,6.9612,Qiagen DNEasy,Qiagen elution buffer,1,1,29,Tugu,41,2018,coluzzi,6.96,,661,NA,NA,NA,NA,NA
tug_42,386,26169_386,plate 5,B5,Tristan,4.5044,45,30,Yes,20,None,DNA HS,3.56,NA,18,64.08,386,tug_42,plate 5,B5,Anopheles gambiae,picogreen,4.5044,Qiagen DNEasy,Qiagen elution buffer,1,1,45,Tugu,42,2018,gambiae,4.5,,428,NA,NA,NA,NA,NA
tug_43,387,26169_387,plate 5,C5,Tristan,12.3448,17,58,Yes,20,None,DNA HS,3.5,NA,18,63,387,tug_43,plate 5,C5,Anopheles gambiae,picogreen,12.3448,Qiagen DNEasy,Qiagen elution buffer,1,1,17,Tugu,43,2018,gambiae,12.34,,1173,NA,NA,NA,NA,NA
tug_44,388,26169_388,plate 5,D5,Tristan,6.9568,29,46,Yes,20,None,DNA HS,3.44,NA,18,61.92,388,tug_44,plate 5,D5,Anopheles coluzzii,picogreen,6.9568,Qiagen DNEasy,Qiagen elution buffer,1,1,29,Tugu,44,2018,coluzzi,6.96,,661,NA,NA,NA,NA,NA
tug_45,389,26169_389,plate 5,E5,Tristan,2.1824,70,5,Yes,20,None,DNA HS,3.14,NA,18,56.52,389,tug_45,plate 5,E5,Anopheles coluzzii,picogreen,2.1824,Qiagen DNEasy,Qiagen elution buffer,1,1,92,Tugu,45,2018,coluzzi,2.18,,207,NA,NA,NA,NA,NA
tug_46,390,26169_390,plate 5,F5,Tristan,11.7768,17,58,Yes,20,None,DNA HS,8.04,NA,18,144.72,390,tug_46,plate 5,F5,Anopheles gambiae,picogreen,11.7768,Qiagen DNEasy,Qiagen elution buffer,1,1,17,Tugu,46,2020,gambiae,11.78,,1119,NA,NA,NA,NA,NA
tug_47,391,26169_391,plate 5,G5,Tristan,8.2554,25,50,Yes,20,None,DNA HS,8.5,NA,18,153,391,tug_47,plate 5,G5,Anopheles gambiae,picogreen,8.2554,Qiagen DNEasy,Qiagen elution buffer,1,1,25,Tugu,47,2020,gambiae,8.26,,784,NA,NA,NA,NA,NA
tug_48,392,26169_392,plate 5,H5,Tristan,9.5598,21,54,Yes,20,None,DNA HS,4.1,NA,18,73.8,392,tug_48,plate 5,H5,Anopheles arabiensis,picogreen,9.5598,Qiagen DNEasy,Qiagen elution buffer,1,1,21,Tugu,48,2020,arabiensis,9.56,,908,NA,NA,NA,NA,NA
tug_49,393,26169_393,plate 5,A6,Tristan,7.8672,26,49,Yes,20,None,DNA HS,6.98,NA,18,125.64,393,tug_49,plate 5,A6,Anopheles gambiae,picogreen,7.8672,Qiagen DNEasy,Qiagen elution buffer,1,1,26,Tugu,49,2020,gambiae,7.87,,747,NA,NA,NA,NA,NA
tug_50,394,26169_394,plate 5,B6,Tristan,9.8578,21,54,Yes,20,None,DNA HS,8.64,NA,18,155.52,394,tug_50,plate 5,B6,Anopheles gambiae,picogreen,9.8578,Qiagen DNEasy,Qiagen elution buffer,1,1,21,Tugu,50,2020,gambiae,9.86,,936,NA,NA,NA,NA,NA
tug_51,395,26169_395,plate 5,C6,Tristan,14.8724,14,61,Yes,20,None,DNA HS,3.24,NA,18,58.32,395,tug_51,plate 5,C6,Anopheles arabiensis,picogreen,14.8724,Qiagen DNEasy,Qiagen elution buffer,1,1,14,Tugu,51,2020,arabiensis,14.87,,1413,NA,NA,NA,NA,NA
tug_52,396,26169_396,plate 5,D6,Tristan,22.4764,10,65,Yes,20,None,DNA HS,5.16,NA,18,92.88,396,tug_52,plate 5,D6,Anopheles arabiensis,picogreen,22.4764,Qiagen DNEasy,Qiagen elution buffer,1,1,10,Tugu,52,2020,arabiensis,22.48,,2135,NA,NA,NA,NA,NA
tug_53,397,26169_397,plate 5,E6,Tristan,21.7572,10,65,Yes,20,None,DNA HS,3.82,NA,18,68.76,397,tug_53,plate 5,E6,Anopheles arabiensis,picogreen,21.7572,Qiagen DNEasy,Qiagen elution buffer,1,1,10,Tugu,53,2020,arabiensis,21.76,,2067,NA,NA,NA,NA,NA
tug_54,398,26169_398,plate 5,F6,Tristan,39.7656,10,65,Yes,20,None,DNA HS,3.24,NA,18,58.32,398,tug_54,plate 5,F6,Anopheles gambiae,picogreen,39.7656,Qiagen DNEasy,Qiagen elution buffer,1,1,10,Tugu,54,2020,gambiae,39.77,,3778,NA,NA,NA,NA,NA
tug_55,399,26169_399,plate 5,G6,Tristan,24.198,10,65,Yes,20,None,DNA HS,4.66,NA,18,83.88,399,tug_55,plate 5,G6,Anopheles gambiae,picogreen,24.198,Qiagen DNEasy,Qiagen elution buffer,1,1,10,Tugu,55,2020,gambiae,24.2,,2299,NA,NA,NA,NA,NA
tug_56,400,26169_400,plate 5,H6,Tristan,21.3596,10,65,Yes,20,None,DNA HS,4.34,NA,18,78.12,400,tug_56,plate 5,H6,Anopheles coluzzii,picogreen,21.3596,Qiagen DNEasy,Qiagen elution buffer,1,1,10,Tugu,56,2020,coluzzi,21.36,,2029,NA,NA,NA,NA,NA
tug_57,401,26169_401,plate 5,A7,Tristan,19.6484,11,64,Yes,20,None,DNA HS,3.12,NA,18,56.16,401,tug_57,plate 5,A7,Anopheles arabiensis,picogreen,19.6484,Qiagen DNEasy,Qiagen elution buffer,1,1,11,Tugu,57,2020,arabiensis,19.65,,1867,NA,NA,NA,NA,NA
tug_58,402,26169_402,plate 5,B7,Tristan,35.024,10,65,Yes,20,None,DNA HS,7.2,NA,18,129.6,402,tug_58,plate 5,B7,Anopheles arabiensis,picogreen,35.024,Qiagen DNEasy,Qiagen elution buffer,1,1,10,Tugu,58,2020,arabiensis,35.02,,3327,NA,NA,NA,NA,NA
tug_59,403,26169_403,plate 5,C7,Tristan,23.1524,10,65,Yes,20,None,DNA HS,4.38,NA,18,78.84,403,tug_59,plate 5,C7,Anopheles gambiae,picogreen,23.1524,Qiagen DNEasy,Qiagen elution buffer,1,1,10,Tugu,59,2020,gambiae,23.15,,2199,NA,NA,NA,NA,NA
tug_60,404,26169_404,plate 5,D7,Tristan,28.5076,10,65,Yes,20,None,DNA HS,3.66,NA,18,65.88,404,tug_60,plate 5,D7,Anopheles gambiae,picogreen,28.5076,Qiagen DNEasy,Qiagen elution buffer,1,1,10,Tugu,60,2020,gambiae,28.51,,2708,NA,NA,NA,NA,NA
K_C9,405,26169_405,plate 5,E7,Tristan,3.87,35,40,Yes,20,None,DNA HS,0.758,NA,18,13.644,405,K_C9,plate 5,E7,Anopheles gambiae,picogreen,3.87,none,200mM Tris/25mM EDTA,1,1,50,NA,NA,NA,NA,NA,NA,NA,5,3.9,9.75,,1
K_E9,406,26169_406,plate 5,F7,Tristan,3.33,35,40,Yes,20,None,DNA HS,0.748,NA,18,13.464,406,K_E9,plate 5,F7,Anopheles gambiae,picogreen,3.33,none,200mM Tris/25mM EDTA,1,1,50,NA,NA,NA,NA,NA,NA,NA,NA,NA,NA,NA,NA
K_H9,407,26169_407,plate 5,G7,Tristan,3.79,38,37,Yes,20,None,DNA HS,0.584,NA,18,10.512,407,K_H9,plate 5,G7,Anopheles gambiae,picogreen,3.79,none,200mM Tris/25mM EDTA,1,1,50,NA,NA,NA,NA,NA,NA,NA,NA,NA,NA,NA,NA
K_A10,408,26169_408,plate 5,H7,Tristan,3.52,38,37,Yes,20,None,DNA HS,1.07,NA,18,19.26,408,K_A10,plate 5,H7,Anopheles gambiae,picogreen,3.52,none,200mM Tris/25mM EDTA,1,1,50,NA,NA,NA,NA,NA,NA,NA,NA,NA,NA,NA,NA
K_B10,409,26169_409,plate 5,A8,Tristan,3.49,38,37,Yes,20,None,DNA HS,0.754,NA,18,13.572,409,K_B10,plate 5,A8,Anopheles gambiae,picogreen,3.49,none,200mM Tris/25mM EDTA,1,1,50,NA,NA,NA,NA,NA,NA,NA,NA,NA,NA,NA,NA
K_D10,410,26169_410,plate 5,B8,Tristan,2.79,38,37,Yes,20,None,DNA HS,0.878,NA,18,15.804,410,K_D10,plate 5,B8,Anopheles gambiae,picogreen,2.79,none,200mM Tris/25mM EDTA,1,1,50,NA,NA,NA,NA,NA,NA,NA,NA,NA,NA,NA,NA
K_A9,411,26169_411,plate 5,C8,Tristan,23.6,10,65,Yes,20,None,DNA HS,0.87,NA,18,15.66,411,K_A9,plate 5,C8,Anopheles gambiae,picogreen,23.6,none,200mM Tris/25mM EDTA,1,1,10,NA,NA,NA,NA,NA,NA,NA,NA,NA,NA,NA,NA
K_B9,412,26169_412,plate 5,D8,Tristan,19.8,10,65,Yes,20,None,DNA HS,0.814,NA,18,14.652,412,K_B9,plate 5,D8,Anopheles gambiae,picogreen,19.8,none,200mM Tris/25mM EDTA,1,1,10,NA,NA,NA,NA,NA,NA,NA,NA,NA,NA,NA,NA
K_D9,413,26169_413,plate 5,E8,Tristan,18.1,10,65,Yes,20,None,DNA HS,1.3,NA,18,23.4,413,K_D9,plate 5,E8,Anopheles gambiae,picogreen,18.1,none,200mM Tris/25mM EDTA,1,1,10,NA,NA,NA,NA,NA,NA,NA,NA,NA,NA,NA,NA
K_F9,414,26169_414,plate 5,F8,Tristan,23.1,10,65,Yes,20,None,DNA HS,0.964,NA,18,17.352,414,K_F9,plate 5,F8,Anopheles gambiae,picogreen,23.1,none,200mM Tris/25mM EDTA,1,1,10,NA,NA,NA,NA,NA,NA,NA,NA,NA,NA,NA,NA
K_G9,415,26169_415,plate 5,G8,Tristan,23.1,10,65,Yes,20,None,DNA HS,0.892,NA,18,16.056,415,K_G9,plate 5,G8,Anopheles gambiae,picogreen,23.1,none,200mM Tris/25mM EDTA,1,1,10,NA,NA,NA,NA,NA,NA,NA,NA,NA,NA,NA,NA
K_C9,416,26169_416,plate 5,H8,Tristan,27.9,10,65,Yes,20,None,DNA HS,0.942,NA,18,16.956,416,K_C9,plate 5,H8,Anopheles gambiae,picogreen,27.9,none,200mM Tris/25mM EDTA,1,1,10,NA,NA,NA,NA,NA,NA,NA,NA,NA,NA,NA,NA
