sample_id,cgr_num,cgr_id_full,plate_num,well_num,user,submitted_conc_ngul,submitted_vol_ngul,water_added_prior,bead_cleanup_needed,elution_volume_ul,fold_dilution,qubit_kit,measured_conc_ngul_cgr,actual_conc_ngul,vol_remaining_ul,total_quant_ng,sample_number,tub_label,plate_name,well,organism,quant_method,lstm_conc_ngul,purification_method,suspension_buffer,260_280,260_230,sample_vol_ul
bun_1,1,26169_1,plate 1,A1,Tristan,4.8642,42,35,Yes,20,None,DNA HS,5.38,,18,96.84,1,bun_1,plate 1,A1,Anopheles gambiae,picogreen,4.8642,Qiagen DNEasy ,Qiagen elution buffer,1,1,42
bun_2,2,26169_2,plate 1,B1,Tristan,2.8756,70,7,Yes,20,None,DNA HS,5.58,,18,100.44,2,bun_2,plate 1,B1,Anopheles gambiae,picogreen,2.8756,Qiagen DNEasy ,Qiagen elution buffer,1,1,70
bun_3,3,26169_3,plate 1,C1,Tristan,4.369,46,31,Yes,20,None,DNA HS,4.44,,18,79.92,3,bun_3,plate 1,C1,Anopheles gambiae,picogreen,4.369,Qiagen DNEasy ,Qiagen elution buffer,1,1,46
bun_4,4,26169_4,plate 1,D1,Tristan,2.5432,69,8,Yes,20,None,DNA HS,3.56,,18,64.08,4,bun_4,plate 1,D1,Anopheles gambiae,picogreen,2.5432,Qiagen DNEasy ,Qiagen elution buffer,1,1,79
bun_5,5,26169_5,plate 1,E1,Tristan,3.4256,59,18,Yes,20,None,DNA HS,4.96,,18,89.28,5,bun_5,plate 1,E1,Anopheles gambiae,picogreen,3.4256,Qiagen DNEasy ,Qiagen elution buffer,1,1,59
bun_6,6,26169_6,plate 1,F1,Tristan,3.4396,59,18,Yes,20,None,DNA HS,5.38,,18,96.84,6,bun_6,plate 1,F1,Anopheles gambiae,picogreen,3.4396,Qiagen DNEasy ,Qiagen elution buffer,1,1,59
bun_7,7,26169_7,plate 1,G1,Tristan,8.5896,24,53,Yes,20,None,DNA HS,2.08,,18,37.44,7,bun_7,plate 1,G1,Anopheles gambiae,picogreen,8.5896,Qiagen DNEasy ,Qiagen elution buffer,1,1,24
bun_8,8,26169_8,plate 1,H1,Tristan,3.9772,45,32,Yes,20,None,DNA HS,1.02,,18,18.36,8,bun_8,plate 1,H1,Anopheles gambiae,picogreen,3.9772,Qiagen DNEasy ,Qiagen elution buffer,1,1,51
bun_9,9,26169_9,plate 1,A2,Tristan,2.9396,69,8,Yes,20,None,DNA HS,3.16,,18,56.88,9,bun_9,plate 1,A2,Anopheles gambiae,picogreen,2.9396,Qiagen DNEasy ,Qiagen elution buffer,1,1,69
bun_10,10,26169_10,plate 1,B2,Tristan,3.3848,60,17,Yes,20,None,DNA HS,4.72,,18,84.96,10,bun_10,plate 1,B2,Anopheles gambiae,picogreen,3.3848,Qiagen DNEasy ,Qiagen elution buffer,1,1,60
bun_11,11,26169_11,plate 1,C2,Tristan,2.2816,70,7,Yes,20,None,DNA HS,4.22,,18,75.96,11,bun_11,plate 1,C2,Anopheles gambiae,picogreen,2.2816,Qiagen DNEasy ,Qiagen elution buffer,1,1,88
bun_12,12,26169_12,plate 1,D2,Tristan,5.486,37,40,Yes,20,None,DNA HS,4.32,,18,77.76,12,bun_12,plate 1,D2,Anopheles gambiae,picogreen,5.486,Qiagen DNEasy ,Qiagen elution buffer,1,1,37
bun_13,13,26169_13,plate 1,E2,Tristan,2.6468,76,1,Yes,20,None,DNA HS,5.4,,18,97.2,13,bun_13,plate 1,E2,Anopheles gambiae,picogreen,2.6468,Qiagen DNEasy ,Qiagen elution buffer,1,1,76
bun_14,14,26169_14,plate 1,F2,Tristan,7.5048,27,50,Yes,20,None,DNA HS,2.38,,18,42.84,14,bun_14,plate 1,F2,Anopheles gambiae,picogreen,7.5048,Qiagen DNEasy ,Qiagen elution buffer,1,1,27
bun_15,15,26169_15,plate 1,G2,Tristan,7.388,28,49,Yes,20,None,DNA HS,4.18,,18,75.24,15,bun_15,plate 1,G2,Anopheles gambiae,picogreen,7.388,Qiagen DNEasy ,Qiagen elution buffer,1,1,28
bun_16,16,26169_16,plate 1,H2,Tristan,14.7718,14,63,Yes,20,None,DNA HS,4.22,,18,75.96,16,bun_16,plate 1,H2,Anopheles gambiae,picogreen,14.7718,Qiagen DNEasy ,Qiagen elution buffer,1,1,14
bun_17,17,26169_17,plate 1,A3,Tristan,0.4202,72,5,Yes,20,None,DNA HS,0.624,,18,11.232,17,bun_17,plate 1,A3,Anopheles gambiae,picogreen,0.4202,Qiagen DNEasy ,Qiagen elution buffer,1,1,90
bun_18,18,26169_18,plate 1,B3,Tristan,7.9928,26,51,Yes,20,None,DNA HS,5.02,,18,90.36,18,bun_18,plate 1,B3,Anopheles gambiae,picogreen,7.9928,Qiagen DNEasy ,Qiagen elution buffer,1,1,26
bun_19,19,26169_19,plate 1,C3,Tristan,14.42,14,63,Yes,20,None,DNA HS,4.9,,18,88.2,19,bun_19,plate 1,C3,Anopheles gambiae,picogreen,14.42,Qiagen DNEasy ,Qiagen elution buffer,1,1,14
bun_20,20,26169_20,plate 1,D3,Tristan,20.91,10,67,Yes,20,None,DNA HS,4.7,,18,84.6,20,bun_20,plate 1,D3,Anopheles arabiensis,picogreen,20.91,Qiagen DNEasy ,Qiagen elution buffer,1,1,10
bun_21,21,26169_21,plate 1,E3,Tristan,5.2232,39,38,Yes,20,None,DNA HS,5.32,,18,95.76,21,bun_21,plate 1,E3,Anopheles gambiae,picogreen,5.2232,Qiagen DNEasy ,Qiagen elution buffer,1,1,39
bun_22,22,26169_22,plate 1,F3,Tristan,3.0384,66,11,Yes,20,None,DNA HS,1.41,,18,25.38,22,bun_22,plate 1,F3,Anopheles gambiae,picogreen,3.0384,Qiagen DNEasy ,Qiagen elution buffer,1,1,66
bun_23,23,26169_23,plate 1,G3,Tristan,9.8772,21,56,Yes,20,None,DNA HS,2.38,,18,42.84,23,bun_23,plate 1,G3,Anopheles gambiae,picogreen,9.8772,Qiagen DNEasy ,Qiagen elution buffer,1,1,21
bun_24,24,26169_24,plate 1,H3,Tristan,0.7976,73,4,Yes,20,None,DNA HS,0.786,,18,14.148,24,bun_24,plate 1,H3,Anopheles gambiae,picogreen,0.7976,Qiagen DNEasy ,Qiagen elution buffer,1,1,90
bun_25,25,26169_25,plate 1,A4,Tristan,3.688,55,22,Yes,20,None,DNA HS,3.42,,18,61.56,25,bun_25,plate 1,A4,Anopheles gambiae,picogreen,3.688,Qiagen DNEasy ,Qiagen elution buffer,1,1,55
bun_26,26,26169_26,plate 1,B4,Tristan,2.6116,77,0,Yes,20,None,DNA HS,3.44,,18,61.92,26,bun_26,plate 1,B4,Anopheles gambiae,picogreen,2.6116,Qiagen DNEasy ,Qiagen elution buffer,1,1,77
bun_27,27,26169_27,plate 1,C4,Tristan,21.6436,10,67,Yes,20,None,DNA HS,2.1,,18,37.8,27,bun_27,plate 1,C4,Anopheles gambiae,picogreen,21.6436,Qiagen DNEasy ,Qiagen elution buffer,1,1,10
bun_28,28,26169_28,plate 1,D4,Tristan,5.1068,40,37,Yes,20,None,DNA HS,3.72,,18,66.96,28,bun_28,plate 1,D4,Anopheles arabiensis,picogreen,5.1068,Qiagen DNEasy ,Qiagen elution buffer,1,1,40
bun_29,29,26169_29,plate 1,E4,Tristan,7.5056,27,50,Yes,20,None,DNA HS,2.76,,18,49.68,29,bun_29,plate 1,E4,Anopheles gambiae,picogreen,7.5056,Qiagen DNEasy ,Qiagen elution buffer,1,1,27
bun_30,30,26169_30,plate 1,F4,Tristan,3.7216,54,23,Yes,20,None,DNA HS,3.02,,18,54.36,30,bun_30,plate 1,F4,Anopheles gambiae,picogreen,3.7216,Qiagen DNEasy ,Qiagen elution buffer,1,1,54
bun_31,31,26169_31,plate 1,G4,Tristan,16.0228,13,64,Yes,20,None,DNA HS,5.48,,18,98.64,31,bun_31,plate 1,G4,Anopheles gambiae,picogreen,16.0228,Qiagen DNEasy ,Qiagen elution buffer,1,1,13
bun_32,32,26169_32,plate 1,H4,Tristan,28.6338,10,67,Yes,20,None,DNA HS,6.84,,18,123.12,32,bun_32,plate 1,H4,Anopheles arabiensis,picogreen,28.6338,Qiagen DNEasy ,Qiagen elution buffer,1,1,10
bun_33,33,26169_33,plate 1,A5,Tristan,23.3252,10,67,Yes,20,None,DNA HS,4.28,,18,77.04,33,bun_33,plate 1,A5,Anopheles gambiae,picogreen,23.3252,Qiagen DNEasy ,Qiagen elution buffer,1,1,10
bun_34,34,26169_34,plate 1,B5,Tristan,14.6098,14,63,Yes,20,None,DNA HS,5.9,,18,106.2,34,bun_34,plate 1,B5,Anopheles gambiae,picogreen,14.6098,Qiagen DNEasy ,Qiagen elution buffer,1,1,14
bun_35,35,26169_35,plate 1,C5,Tristan,22.1052,10,67,Yes,20,None,DNA HS,6.06,,18,109.08,35,bun_35,plate 1,C5,Anopheles gambiae,picogreen,22.1052,Qiagen DNEasy ,Qiagen elution buffer,1,1,10
bun_36,36,26169_36,plate 1,D5,Tristan,22.2774,10,67,Yes,20,None,DNA HS,4.92,,18,88.56,36,bun_36,plate 1,D5,Anopheles gambiae,picogreen,22.2774,Qiagen DNEasy ,Qiagen elution buffer,1,1,10
bun_37,37,26169_37,plate 1,E5,Tristan,24.0164,10,67,Yes,20,None,DNA HS,2.56,,18,46.08,37,bun_37,plate 1,E5,Anopheles gambiae,picogreen,24.0164,Qiagen DNEasy ,Qiagen elution buffer,1,1,10
bun_38,38,26169_38,plate 1,F5,Tristan,54.6228,10,67,Yes,20,None,DNA HS,6.54,,18,117.72,38,bun_38,plate 1,F5,Anopheles coluzzii,picogreen,54.6228,Qiagen DNEasy ,Qiagen elution buffer,1,1,10
bun_39,39,26169_39,plate 1,G5,Tristan,31.8568,10,67,Yes,20,None,DNA HS,3.78,,18,68.04,39,bun_39,plate 1,G5,Anopheles gambiae,picogreen,31.8568,Qiagen DNEasy ,Qiagen elution buffer,1,1,10
bun_40,40,26169_40,plate 1,H5,Tristan,62.5596,10,67,Yes,20,None,DNA HS,5.8,,18,104.4,40,bun_40,plate 1,H5,Anopheles coluzzii,picogreen,62.5596,Qiagen DNEasy ,Qiagen elution buffer,1,1,10
bun_41,41,26169_41,plate 1,A6,Tristan,11.3428,18,59,Yes,20,None,DNA HS,3.88,,18,69.84,41,bun_41,plate 1,A6,Anopheles gambiae,picogreen,11.3428,Qiagen DNEasy ,Qiagen elution buffer,1,1,18
bun_42,42,26169_42,plate 1,B6,Tristan,12.7612,16,61,Yes,20,None,DNA HS,3.18,,18,57.24,42,bun_42,plate 1,B6,Anopheles gambiae,picogreen,12.7612,Qiagen DNEasy ,Qiagen elution buffer,1,1,16
bun_43,43,26169_43,plate 1,C6,Tristan,20.1692,10,67,Yes,20,None,DNA HS,2.42,,18,43.56,43,bun_43,plate 1,C6,Anopheles gambiae,picogreen,20.1692,Qiagen DNEasy ,Qiagen elution buffer,1,1,10
bun_44,44,26169_44,plate 1,D6,Tristan,29.0624,10,67,Yes,20,None,DNA HS,4.74,,18,85.32,44,bun_44,plate 1,D6,Anopheles gambiae,picogreen,29.0624,Qiagen DNEasy ,Qiagen elution buffer,1,1,10
bun_45,45,26169_45,plate 1,E6,Tristan,23.0748,10,67,Yes,20,None,DNA HS,2.56,,18,46.08,45,bun_45,plate 1,E6,Anopheles gambiae,picogreen,23.0748,Qiagen DNEasy ,Qiagen elution buffer,1,1,10
gbu_1,46,26169_46,plate 1,F6,Tristan,0.445,70,7,Yes,20,None,DNA HS,0.444,,18,7.992,46,gbu_1,plate 1,F6,Anopheles gambiae,picogreen,0.445,Qiagen DNEasy ,Qiagen elution buffer,1,1,90
gbu_2,47,26169_47,plate 1,G6,Tristan,0.2524,72,5,Yes,20,None,DNA HS,0.137,,18,2.466,47,gbu_2,plate 1,G6,Anopheles gambiae,picogreen,0.2524,Qiagen DNEasy ,Qiagen elution buffer,1,1,90
gbu_7,48,26169_48,plate 1,H6,Tristan,0.8212,61,16,Yes,20,None,DNA HS,1.16,,18,20.88,48,gbu_7,plate 1,H6,Anopheles gambiae,picogreen,0.8212,Qiagen DNEasy ,Qiagen elution buffer,1,1,90
gbu_10,49,26169_49,plate 1,A7,Tristan,0.8972,70,7,Yes,20,None,DNA HS,1.5,,18,27,49,gbu_10,plate 1,A7,Anopheles gambiae,picogreen,0.8972,Qiagen DNEasy ,Qiagen elution buffer,1,1,90
gbu_13,50,26169_50,plate 1,B7,Tristan,0.4451,70,7,Yes,20,None,DNA HS,0.708,,18,12.744,50,gbu_13,plate 1,B7,Anopheles arabiensis,picogreen,0.4451,Qiagen DNEasy ,Qiagen elution buffer,1,1,90
gbu_15,51,26169_51,plate 1,C7,Tristan,0.2624,65,12,Yes,20,None,DNA HS,0.362,,18,6.516,51,gbu_15,plate 1,C7,Anopheles gambiae,picogreen,0.2624,Qiagen DNEasy ,Qiagen elution buffer,1,1,90
gbu_16,52,26169_52,plate 1,D7,Tristan,2.3456,67,10,Yes,20,None,DNA HS,3.46,,18,62.28,52,gbu_16,plate 1,D7,Anopheles gambiae,picogreen,2.3456,Qiagen DNEasy ,Qiagen elution buffer,1,1,86
gbu_18,53,26169_53,plate 1,E7,Tristan,1.6406,75,2,Yes,20,None,DNA HS,3.18,,18,57.24,53,gbu_18,plate 1,E7,Anopheles gambiae,picogreen,1.6406,Qiagen DNEasy ,Qiagen elution buffer,1,1,90
gbu_19,54,26169_54,plate 1,F7,Tristan,1.8826,70,7,Yes,20,None,DNA HS,3.78,,18,68.04,54,gbu_19,plate 1,F7,Anopheles gambiae,picogreen,1.8826,Qiagen DNEasy ,Qiagen elution buffer,1,1,90
gbu_20,55,26169_55,plate 1,G7,Tristan,2.844,71,6,Yes,20,None,DNA HS,6.34,,18,114.12,55,gbu_20,plate 1,G7,Anopheles gambiae,picogreen,2.844,Qiagen DNEasy ,Qiagen elution buffer,1,1,71
gbu_22,56,26169_56,plate 1,H7,Tristan,2.7727,73,4,Yes,20,None,DNA HS,5.08,,18,91.44,56,gbu_22,plate 1,H7,Anopheles gambiae,picogreen,2.7727,Qiagen DNEasy ,Qiagen elution buffer,1,1,73
gbu_23,57,26169_57,plate 1,A8,Tristan,0.8294,72,5,Yes,20,None,DNA HS,1.23,,18,22.14,57,gbu_23,plate 1,A8,Anopheles gambiae,picogreen,0.8294,Qiagen DNEasy ,Qiagen elution buffer,1,1,90
gbu_24,58,26169_58,plate 1,B8,Tristan,0.4175,72,5,Yes,20,None,DNA HS,0.528,,18,9.504,58,gbu_24,plate 1,B8,Anopheles gambiae,picogreen,0.4175,Qiagen DNEasy ,Qiagen elution buffer,1,1,90
gbu_25,59,26169_59,plate 1,C8,Tristan,1.8737,72,5,Yes,20,None,DNA HS,3.62,,18,65.16,59,gbu_25,plate 1,C8,Anopheles gambiae,picogreen,1.8737,Qiagen DNEasy ,Qiagen elution buffer,1,1,90
gbu_26,60,26169_60,plate 1,D8,Tristan,1.0883,72,5,Yes,20,None,DNA HS,1.69,,18,30.42,60,gbu_26,plate 1,D8,Anopheles gambiae,picogreen,1.0883,Qiagen DNEasy ,Qiagen elution buffer,1,1,90
gbu_28,61,26169_61,plate 1,E8,Tristan,2.3786,71,6,Yes,20,None,DNA HS,4.16,,18,74.88,61,gbu_28,plate 1,E8,Anopheles gambiae,picogreen,2.3786,Qiagen DNEasy ,Qiagen elution buffer,1,1,85
gbu_31,62,26169_62,plate 1,F8,Tristan,3.1884,63,14,Yes,20,None,DNA HS,3.72,,18,66.96,62,gbu_31,plate 1,F8,Anopheles coluzzii,picogreen,3.1884,Qiagen DNEasy ,Qiagen elution buffer,1,1,63
gbu_32,63,26169_63,plate 1,G8,Tristan,5.858,35,42,Yes,20,None,DNA HS,6.46,,18,116.28,63,gbu_32,plate 1,G8,Anopheles gambiae,picogreen,5.858,Qiagen DNEasy ,Qiagen elution buffer,1,1,35
gbu_33,64,26169_64,plate 1,H8,Tristan,5.8868,34,43,Yes,20,None,DNA HS,4.72,,18,84.96,64,gbu_33,plate 1,H8,Anopheles gambiae,picogreen,5.8868,Qiagen DNEasy ,Qiagen elution buffer,1,1,34
gbu_34,65,26169_65,plate 1,A9,Tristan,0.511,70,7,Yes,20,None,DNA HS,0.992,,18,17.856,65,gbu_34,plate 1,A9,Anopheles gambiae,picogreen,0.511,Qiagen DNEasy ,Qiagen elution buffer,1,1,90
gbu_35,66,26169_66,plate 1,B9,Tristan,2.7212,74,3,Yes,20,None,DNA HS,4.98,,18,89.64,66,gbu_35,plate 1,B9,Anopheles gambiae,picogreen,2.7212,Qiagen DNEasy ,Qiagen elution buffer,1,1,74
gbu_36,67,26169_67,plate 1,C9,Tristan,5.2914,38,39,Yes,20,None,DNA HS,4.5,,18,81,67,gbu_36,plate 1,C9,Anopheles gambiae,picogreen,5.2914,Qiagen DNEasy ,Qiagen elution buffer,1,1,38
gbu_37,68,26169_68,plate 1,D9,Tristan,0.3378,71,6,Yes,20,None,DNA HS,0.512,,18,9.216,68,gbu_37,plate 1,D9,Anopheles gambiae,picogreen,0.3378,Qiagen DNEasy ,Qiagen elution buffer,1,1,90
gbu_38,69,26169_69,plate 1,E9,Tristan,6.9564,29,48,Yes,20,None,DNA HS,5.04,,18,90.72,69,gbu_38,plate 1,E9,Anopheles coluzzii,picogreen,6.9564,Qiagen DNEasy ,Qiagen elution buffer,1,1,29
gbu_39,70,26169_70,plate 1,F9,Tristan,4.8746,42,35,Yes,20,None,DNA HS,5.34,,18,96.12,70,gbu_39,plate 1,F9,Anopheles coluzzii,picogreen,4.8746,Qiagen DNEasy ,Qiagen elution buffer,1,1,42
gbu_40,71,26169_71,plate 1,G9,Tristan,3.3455,60,17,Yes,20,None,DNA HS,5.6,,18,100.8,71,gbu_40,plate 1,G9,Anopheles gambiae,picogreen,3.3455,Qiagen DNEasy ,Qiagen elution buffer,1,1,60
gbu_41,72,26169_72,plate 1,H9,Tristan,1.0559,73,4,Yes,20,None,DNA HS,1.9,,18,34.2,72,gbu_41,plate 1,H9,Anopheles gambiae,picogreen,1.0559,Qiagen DNEasy ,Qiagen elution buffer,1,1,90
gbu_42,73,26169_73,plate 1,A10,Tristan,7.2349,28,49,Yes,20,None,DNA HS,5.02,,18,90.36,73,gbu_42,plate 1,A10,Anopheles gambiae,picogreen,7.2349,Qiagen DNEasy ,Qiagen elution buffer,1,1,28
gbu_44,74,26169_74,plate 1,B10,Tristan,4.9381,41,36,Yes,20,None,DNA HS,5.82,,18,104.76,74,gbu_44,plate 1,B10,Anopheles gambiae,picogreen,4.9381,Qiagen DNEasy ,Qiagen elution buffer,1,1,41
gbu_45,75,26169_75,plate 1,C10,Tristan,2.9816,68,9,Yes,20,None,DNA HS,6.22,,18,111.96,75,gbu_45,plate 1,C10,Anopheles gambiae,picogreen,2.9816,Qiagen DNEasy ,Qiagen elution buffer,1,1,68
gbu_46,76,26169_76,plate 1,D10,Tristan,8.6458,24,53,Yes,20,None,DNA HS,5.18,,18,93.24,76,gbu_46,plate 1,D10,Anopheles arabiensis,picogreen,8.6458,Qiagen DNEasy ,Qiagen elution buffer,1,1,24
gbu_47,77,26169_77,plate 1,E10,Tristan,19.123,11,66,Yes,20,None,DNA HS,4.86,,18,87.48,77,gbu_47,plate 1,E10,Anopheles gambiae,picogreen,19.123,Qiagen DNEasy ,Qiagen elution buffer,1,1,11
gbu_48,78,26169_78,plate 1,F10,Tristan,20.28,10,67,Yes,20,None,DNA HS,6.36,,18,114.48,78,gbu_48,plate 1,F10,Anopheles gambiae,picogreen,20.28,Qiagen DNEasy ,Qiagen elution buffer,1,1,10
gbu_49,79,26169_79,plate 1,G10,Tristan,11.5494,18,59,Yes,20,None,DNA HS,5.7,,18,102.6,79,gbu_49,plate 1,G10,Anopheles arabiensis,picogreen,11.5494,Qiagen DNEasy ,Qiagen elution buffer,1,1,18
gbu_50,80,26169_80,plate 1,H10,Tristan,4.9268,41,36,Yes,20,None,DNA HS,6,,18,108,80,gbu_50,plate 1,H10,Anopheles gambiae,picogreen,4.9268,Qiagen DNEasy ,Qiagen elution buffer,1,1,41
gbu_51,81,26169_81,plate 1,A11,Tristan,9.3224,22,55,Yes,20,None,DNA HS,5.06,,18,91.08,81,gbu_51,plate 1,A11,Anopheles gambiae,picogreen,9.3224,Qiagen DNEasy ,Qiagen elution buffer,1,1,22
gbu_52,82,26169_82,plate 1,B11,Tristan,5.4723,37,40,Yes,20,None,DNA HS,4.72,,18,84.96,82,gbu_52,plate 1,B11,Anopheles gambiae,picogreen,5.4723,Qiagen DNEasy ,Qiagen elution buffer,1,1,37
gbu_53,83,26169_83,plate 1,C11,Tristan,13.4923,15,62,Yes,20,None,DNA HS,4.74,,18,85.32,83,gbu_53,plate 1,C11,Anopheles gambiae,picogreen,13.4923,Qiagen DNEasy ,Qiagen elution buffer,1,1,15
gbu_54,84,26169_84,plate 1,D11,Tristan,7.9352,26,51,Yes,20,None,DNA HS,4.88,,18,87.84,84,gbu_54,plate 1,D11,Anopheles gambiae,picogreen,7.9352,Qiagen DNEasy ,Qiagen elution buffer,1,1,26
gbu_55,85,26169_85,plate 1,E11,Tristan,9.2924,22,55,Yes,20,None,DNA HS,4.02,,18,72.36,85,gbu_55,plate 1,E11,Anopheles gambiae,picogreen,9.2924,Qiagen DNEasy ,Qiagen elution buffer,1,1,22
gbu_56,86,26169_86,plate 1,F11,Tristan,8.5073,24,53,Yes,20,None,DNA HS,4.58,,18,82.44,86,gbu_56,plate 1,F11,Anopheles coluzzii,picogreen,8.5073,Qiagen DNEasy ,Qiagen elution buffer,1,1,24
gbu_57,87,26169_87,plate 1,G11,Tristan,16.3182,13,64,Yes,20,None,DNA HS,4,,18,72,87,gbu_57,plate 1,G11,Anopheles coluzzii,picogreen,16.3182,Qiagen DNEasy ,Qiagen elution buffer,1,1,13
gbu_58,88,26169_88,plate 1,H11,Tristan,9.1368,22,55,Yes,20,None,DNA HS,4.26,,18,76.68,88,gbu_58,plate 1,H11,Anopheles gambiae,picogreen,9.1368,Qiagen DNEasy ,Qiagen elution buffer,1,1,22
gbu_59,89,26169_89,plate 2,A1,Tristan,7.1533,28,47,Yes,20,None,DNA HS,5.68,,18,102.24,89,gbu_59,plate 2,A1,Anopheles gambiae,picogreen,7.1533,Qiagen DNEasy ,Qiagen elution buffer,1,1,28
gbu_61,90,26169_90,plate 2,B1,Tristan,26.3644,10,65,Yes,20,None,DNA HS,6.02,,18,108.36,90,gbu_61,plate 2,B1,Anopheles gambiae,picogreen,26.3644,Qiagen DNEasy ,Qiagen elution buffer,1,1,10
gbu_62,91,26169_91,plate 2,C1,Tristan,13.4242,15,60,Yes,20,None,DNA HS,4.28,,18,77.04,91,gbu_62,plate 2,C1,Anopheles gambiae,picogreen,13.4242,Qiagen DNEasy ,Qiagen elution buffer,1,1,15
gbu_63,92,26169_92,plate 2,D1,Tristan,20.1236,10,65,Yes,20,None,DNA HS,5.16,,18,92.88,92,gbu_63,plate 2,D1,Anopheles gambiae,picogreen,20.1236,Qiagen DNEasy ,Qiagen elution buffer,1,1,10
gbu_64,93,26169_93,plate 2,E1,Tristan,14.6412,14,61,Yes,20,None,DNA HS,5.22,,18,93.96,93,gbu_64,plate 2,E1,Anopheles gambiae,picogreen,14.6412,Qiagen DNEasy ,Qiagen elution buffer,1,1,14
gbu_65,94,26169_94,plate 2,F1,Tristan,9.5988,21,54,Yes,20,None,DNA HS,4.52,,18,81.36,94,gbu_65,plate 2,F1,Anopheles arabiensis,picogreen,9.5988,Qiagen DNEasy ,Qiagen elution buffer,1,1,21
gbu_66,95,26169_95,plate 2,G1,Tristan,16.9616,12,63,Yes,20,None,DNA HS,4.56,,18,82.08,95,gbu_66,plate 2,G1,Anopheles coluzzii,picogreen,16.9616,Qiagen DNEasy ,Qiagen elution buffer,1,1,12
gbu_67,96,26169_96,plate 2,H1,Tristan,16.4008,13,62,Yes,20,None,DNA HS,4.76,,18,85.68,96,gbu_67,plate 2,H1,Anopheles gambiae,picogreen,16.4008,Qiagen DNEasy ,Qiagen elution buffer,1,1,13
gbu_68,97,26169_97,plate 2,A2,Tristan,20.0935,10,65,Yes,20,None,DNA HS,4.2,,18,75.6,97,gbu_68,plate 2,A2,Anopheles gambiae,picogreen,20.0935,Qiagen DNEasy ,Qiagen elution buffer,1,1,10
gbu_69,98,26169_98,plate 2,B2,Tristan,18.6905,11,64,Yes,20,None,DNA HS,3.58,,18,64.44,98,gbu_69,plate 2,B2,Anopheles gambiae,picogreen,18.6905,Qiagen DNEasy ,Qiagen elution buffer,1,1,11
gbu_70,99,26169_99,plate 2,C2,Tristan,12.097,17,58,Yes,20,None,DNA HS,4.08,,18,73.44,99,gbu_70,plate 2,C2,Anopheles gambiae,picogreen,12.097,Qiagen DNEasy ,Qiagen elution buffer,1,1,17
gbu_71,100,26169_100,plate 2,D2,Tristan,15.9571,13,62,Yes,20,None,DNA HS,4.88,,18,87.84,100,gbu_71,plate 2,D2,Anopheles gambiae,picogreen,15.9571,Qiagen DNEasy ,Qiagen elution buffer,1,1,13
gbu_72,101,26169_101,plate 2,E2,Tristan,21.5545,10,65,Yes,20,None,DNA HS,2.66,,18,47.88,101,gbu_72,plate 2,E2,Anopheles gambiae,picogreen,21.5545,Qiagen DNEasy ,Qiagen elution buffer,1,1,10
gbu_73,102,26169_102,plate 2,F2,Tristan,10.7398,19,56,Yes,20,None,DNA HS,4.42,,18,79.56,102,gbu_73,plate 2,F2,Anopheles gambiae,picogreen,10.7398,Qiagen DNEasy ,Qiagen elution buffer,1,1,19
gbu_74,103,26169_103,plate 2,G2,Tristan,24.6418,10,65,Yes,20,None,DNA HS,4.24,,18,76.32,103,gbu_74,plate 2,G2,Anopheles gambiae,picogreen,24.6418,Qiagen DNEasy ,Qiagen elution buffer,1,1,10
gbu_75,104,26169_104,plate 2,H2,Tristan,25.071,10,65,Yes,20,None,DNA HS,6.7,,18,120.6,104,gbu_75,plate 2,H2,Anopheles gambiae,picogreen,25.071,Qiagen DNEasy ,Qiagen elution buffer,1,1,10
bin_1,105,26169_105,plate 2,A3,Tristan,1.7388,70,5,Yes,20,None,DNA HS,4.36,,18,78.48,105,bin_1,plate 2,A3,Anopheles gambiae,picogreen,1.7388,Qiagen DNEasy ,Qiagen elution buffer,1,1,90
bin_2,106,26169_106,plate 2,B3,Tristan,5.892,34,41,Yes,20,None,DNA HS,4.22,,18,75.96,106,bin_2,plate 2,B3,Anopheles gambiae,picogreen,5.892,Qiagen DNEasy ,Qiagen elution buffer,1,1,34
bin_3,107,26169_107,plate 2,C3,Tristan,4.4548,45,30,Yes,20,None,DNA HS,5.34,,18,96.12,107,bin_3,plate 2,C3,Anopheles gambiae,picogreen,4.4548,Qiagen DNEasy ,Qiagen elution buffer,1,1,45
bin_4,108,26169_108,plate 2,D3,Tristan,1.7674,70,5,Yes,20,None,DNA HS,3.96,,18,71.28,108,bin_4,plate 2,D3,Anopheles gambiae,picogreen,1.7674,Qiagen DNEasy ,Qiagen elution buffer,1,1,90
bin_5,109,26169_109,plate 2,E3,Tristan,1.5774,75,0,Yes,20,None,DNA HS,3.04,,18,54.72,109,bin_5,plate 2,E3,Anopheles gambiae,picogreen,1.5774,Qiagen DNEasy ,Qiagen elution buffer,1,1,90
bin_6,110,26169_110,plate 2,F3,Tristan,3.4726,58,17,Yes,20,None,DNA HS,5.1,,18,91.8,110,bin_6,plate 2,F3,Anopheles gambiae,picogreen,3.4726,Qiagen DNEasy ,Qiagen elution buffer,1,1,58
bin_7,111,26169_111,plate 2,G3,Tristan,2.7191,74,1,Yes,20,None,DNA HS,6.06,,18,109.08,111,bin_7,plate 2,G3,Anopheles gambiae,picogreen,2.7191,Qiagen DNEasy ,Qiagen elution buffer,1,1,74
bin_8,112,26169_112,plate 2,H3,Tristan,4.7553,43,32,Yes,20,None,DNA HS,7.46,,18,134.28,112,bin_8,plate 2,H3,Anopheles gambiae,picogreen,4.7553,Qiagen DNEasy ,Qiagen elution buffer,1,1,43
bin_9,113,26169_113,plate 2,A4,Tristan,8.2645,25,50,Yes,20,None,DNA HS,6.36,,18,114.48,113,bin_9,plate 2,A4,Anopheles gambiae,picogreen,8.2645,Qiagen DNEasy ,Qiagen elution buffer,1,1,25
bin_10,114,26169_114,plate 2,B4,Tristan,5.8418,35,40,Yes,20,None,DNA HS,4.32,,18,77.76,114,bin_10,plate 2,B4,Anopheles gambiae,picogreen,5.8418,Qiagen DNEasy ,Qiagen elution buffer,1,1,35
bin_11,115,26169_115,plate 2,C4,Tristan,2.2975,65,10,Yes,20,None,DNA HS,3.28,,18,59.04,115,bin_11,plate 2,C4,Anopheles gambiae,picogreen,2.2975,Qiagen DNEasy ,Qiagen elution buffer,1,1,88
bin_13,116,26169_116,plate 2,D4,Tristan,4.9704,41,34,Yes,20,None,DNA HS,6.5,,18,117,116,bin_13,plate 2,D4,Anopheles gambiae,picogreen,4.9704,Qiagen DNEasy ,Qiagen elution buffer,1,1,41
bin_14,117,26169_117,plate 2,E4,Tristan,1.7387,70,5,Yes,20,None,DNA HS,3.52,,18,63.36,117,bin_14,plate 2,E4,Anopheles gambiae,picogreen,1.7387,Qiagen DNEasy ,Qiagen elution buffer,1,1,90
bin_15,118,26169_118,plate 2,F4,Tristan,1.1554,70,5,Yes,20,None,DNA HS,2.16,,18,38.88,118,bin_15,plate 2,F4,Anopheles gambiae,picogreen,1.1554,Qiagen DNEasy ,Qiagen elution buffer,1,1,90
bin_22,119,26169_119,plate 2,G4,Tristan,0.1217,70,5,Yes,20,None,DNA HS,0.368,,18,6.624,119,bin_22,plate 2,G4,Anopheles arabiensis,picogreen,0.1217,Qiagen DNEasy ,Qiagen elution buffer,1,1,90
bin_23,120,26169_120,plate 2,H4,Tristan,0.2306,70,5,Yes,20,None,DNA HS,0.424,,18,7.632,120,bin_23,plate 2,H4,Anopheles gambiae,picogreen,0.2306,Qiagen DNEasy ,Qiagen elution buffer,1,1,90
bin_27,121,26169_121,plate 2,A5,Tristan,0.1987,65,10,Yes,20,None,DNA HS,0.214,,18,3.852,121,bin_27,plate 2,A5,Anopheles arabiensis,picogreen,0.1987,Qiagen DNEasy ,Qiagen elution buffer,1,1,90
bin_29,122,26169_122,plate 2,B5,Tristan,0.1415,65,10,Yes,20,None,DNA HS,0.0896,,18,1.6128,122,bin_29,plate 2,B5,Anopheles arabiensis,picogreen,0.1415,Qiagen DNEasy ,Qiagen elution buffer,1,1,90
bin_30,123,26169_123,plate 2,C5,Tristan,0.0813,70,5,Yes,20,None,DNA HS,0.234,,18,4.212,123,bin_30,plate 2,C5,Anopheles arabiensis,picogreen,0.0813,Qiagen DNEasy ,Qiagen elution buffer,1,1,90
bin_31,124,26169_124,plate 2,D5,Tristan,0.1044,70,5,Yes,20,None,DNA HS,0.0816,,18,1.4688,124,bin_31,plate 2,D5,Anopheles arabiensis,picogreen,0.1044,Qiagen DNEasy ,Qiagen elution buffer,1,1,90
bin_32,125,26169_125,plate 2,E5,Tristan,1.1258,70,5,Yes,20,None,DNA HS,1.21,,18,21.78,125,bin_32,plate 2,E5,Anopheles gambiae,picogreen,1.1258,Qiagen DNEasy ,Qiagen elution buffer,1,1,90
bin_35,126,26169_126,plate 2,F5,Tristan,0.0958,65,10,Yes,20,None,DNA HS,0.174,,18,3.132,126,bin_35,plate 2,F5,Anopheles arabiensis,picogreen,0.0958,Qiagen DNEasy ,Qiagen elution buffer,1,1,90
bin_37,127,26169_127,plate 2,G5,Tristan,0.3834,0,75,Yes,20,None,DNA HS,0.02,,18,0.36,127,bin_37,plate 2,G5,Anopheles gambiae,picogreen,0.3834,Qiagen DNEasy ,Qiagen elution buffer,1,1,90
bin_40,128,26169_128,plate 2,H5,Tristan,0.7512,70,5,Yes,20,None,DNA HS,1.67,,18,30.06,128,bin_40,plate 2,H5,Anopheles gambiae,picogreen,0.7512,Qiagen DNEasy ,Qiagen elution buffer,1,1,90
bin_45,129,26169_129,plate 2,A6,Tristan,0.1142,70,5,Yes,20,None,DNA HS,0.153,,18,2.754,129,bin_45,plate 2,A6,Anopheles arabiensis,picogreen,0.1142,Qiagen DNEasy ,Qiagen elution buffer,1,1,90
bin_46,130,26169_130,plate 2,B6,Tristan,10.5046,20,55,Yes,20,None,DNA HS,5.9,,18,106.2,130,bin_46,plate 2,B6,Anopheles arabiensis,picogreen,10.5046,Qiagen DNEasy ,Qiagen elution buffer,1,1,20
bin_47,131,26169_131,plate 2,C6,Tristan,6.863,30,45,Yes,20,None,DNA HS,5.66,,18,101.88,131,bin_47,plate 2,C6,Anopheles gambiae,picogreen,6.863,Qiagen DNEasy ,Qiagen elution buffer,1,1,30
bin_48,132,26169_132,plate 2,D6,Tristan,10.2534,20,55,Yes,20,None,DNA HS,6.08,,18,109.44,132,bin_48,plate 2,D6,Anopheles gambiae,picogreen,10.2534,Qiagen DNEasy ,Qiagen elution buffer,1,1,20
bin_49,133,26169_133,plate 2,E6,Tristan,9.4714,22,53,Yes,20,None,DNA HS,2.78,,18,50.04,133,bin_49,plate 2,E6,Anopheles arabiensis,picogreen,9.4714,Qiagen DNEasy ,Qiagen elution buffer,1,1,22
bin_50,134,26169_134,plate 2,F6,Tristan,13.399,15,60,Yes,20,None,DNA HS,3.64,,18,65.52,134,bin_50,plate 2,F6,Anopheles arabiensis,picogreen,13.399,Qiagen DNEasy ,Qiagen elution buffer,1,1,15
bin_51,135,26169_135,plate 2,G6,Tristan,6.6586,31,44,Yes,20,None,DNA HS,4.58,,18,82.44,135,bin_51,plate 2,G6,Anopheles arabiensis,picogreen,6.6586,Qiagen DNEasy ,Qiagen elution buffer,1,1,31
bin_52,136,26169_136,plate 2,H6,Tristan,5.6576,36,39,Yes,20,None,DNA HS,8.18,,18,147.24,136,bin_52,plate 2,H6,Anopheles gambiae,picogreen,5.6576,Qiagen DNEasy ,Qiagen elution buffer,1,1,36
bin_53,137,26169_137,plate 2,A7,Tristan,15.6088,13,62,Yes,20,None,DNA HS,4.14,,18,74.52,137,bin_53,plate 2,A7,Anopheles arabiensis,picogreen,15.6088,Qiagen DNEasy ,Qiagen elution buffer,1,1,13
bin_54,138,26169_138,plate 2,B7,Tristan,18.4869,11,64,Yes,20,None,DNA HS,3.46,,18,62.28,138,bin_54,plate 2,B7,Anopheles arabiensis,picogreen,18.4869,Qiagen DNEasy ,Qiagen elution buffer,1,1,11
bin_55,139,26169_139,plate 2,C7,Tristan,10.2917,20,55,Yes,20,None,DNA HS,3.36,,18,60.48,139,bin_55,plate 2,C7,Anopheles coluzzii,picogreen,10.2917,Qiagen DNEasy ,Qiagen elution buffer,1,1,20
bin_56,140,26169_140,plate 2,D7,Tristan,9.8999,21,54,Yes,20,None,DNA HS,4.62,,18,83.16,140,bin_56,plate 2,D7,Anopheles gambiae,picogreen,9.8999,Qiagen DNEasy ,Qiagen elution buffer,1,1,21
bin_57,141,26169_141,plate 2,E7,Tristan,3.4518,58,17,Yes,20,None,DNA HS,3.94,,18,70.92,141,bin_57,plate 2,E7,Anopheles gambiae,picogreen,3.4518,Qiagen DNEasy ,Qiagen elution buffer,1,1,58
bin_58,142,26169_142,plate 2,F7,Tristan,11.0891,19,56,Yes,20,None,DNA HS,4.04,,18,72.72,142,bin_58,plate 2,F7,Anopheles gambiae,picogreen,11.0891,Qiagen DNEasy ,Qiagen elution buffer,1,1,19
bin_59,143,26169_143,plate 2,G7,Tristan,7.2835,28,47,Yes,20,None,DNA HS,3.56,,18,64.08,143,bin_59,plate 2,G7,Anopheles arabiensis,picogreen,7.2835,Qiagen DNEasy ,Qiagen elution buffer,1,1,28
bin_60,144,26169_144,plate 2,H7,Tristan,12.7018,16,59,Yes,20,None,DNA HS,4.22,,18,75.96,144,bin_60,plate 2,H7,Anopheles arabiensis,picogreen,12.7018,Qiagen DNEasy ,Qiagen elution buffer,1,1,16
tar_1,145,26169_145,plate 2,A8,Tristan,3.4044,59,16,Yes,20,None,DNA HS,6.4,,18,115.2,145,tar_1,plate 2,A8,Anopheles gambiae,picogreen,3.4044,Qiagen DNEasy ,Qiagen elution buffer,1,1,59
tar_2,146,26169_146,plate 2,B8,Tristan,5.6042,36,39,Yes,20,None,DNA HS,6.06,,18,109.08,146,tar_2,plate 2,B8,Anopheles gambiae,picogreen,5.6042,Qiagen DNEasy ,Qiagen elution buffer,1,1,36
tar_3,147,26169_147,plate 2,C8,Tristan,6.036,34,41,Yes,20,None,DNA HS,5.86,,18,105.48,147,tar_3,plate 2,C8,Anopheles gambiae,picogreen,6.036,Qiagen DNEasy ,Qiagen elution buffer,1,1,34
tar_4,148,26169_148,plate 2,D8,Tristan,2.3452,65,10,Yes,20,None,DNA HS,5.3,,18,95.4,148,tar_4,plate 2,D8,Anopheles coluzzii,picogreen,2.3452,Qiagen DNEasy ,Qiagen elution buffer,1,1,86
tar_5,149,26169_149,plate 2,E8,Tristan,3.9582,51,24,Yes,20,None,DNA HS,4.82,,18,86.76,149,tar_5,plate 2,E8,Anopheles gambiae,picogreen,3.9582,Qiagen DNEasy ,Qiagen elution buffer,1,1,51
tar_6,150,26169_150,plate 2,F8,Tristan,2.3994,68,7,Yes,20,None,DNA HS,8.22,,18,147.96,150,tar_6,plate 2,F8,Anopheles coluzzii,picogreen,2.3994,Qiagen DNEasy ,Qiagen elution buffer,1,1,84
tar_7,151,26169_151,plate 2,G8,Tristan,1.4514,65,10,Yes,20,None,DNA HS,1.78,,18,32.04,151,tar_7,plate 2,G8,Anopheles gambiae,picogreen,1.4514,Qiagen DNEasy ,Qiagen elution buffer,1,1,90
tar_8,152,26169_152,plate 2,H8,Tristan,4.5929,44,31,Yes,20,None,DNA HS,5.62,,18,101.16,152,tar_8,plate 2,H8,Anopheles coluzzii,picogreen,4.5929,Qiagen DNEasy ,Qiagen elution buffer,1,1,44
tar_10,153,26169_153,plate 2,A9,Tristan,1.8526,65,10,Yes,20,None,DNA HS,2.18,,18,39.24,153,tar_10,plate 2,A9,Anopheles gambiae,picogreen,1.8526,Qiagen DNEasy ,Qiagen elution buffer,1,1,90
tar_11,154,26169_154,plate 2,B9,Tristan,0.4156,60,15,Yes,20,None,DNA HS,0.662,,18,11.916,154,tar_11,plate 2,B9,Anopheles gambiae,picogreen,0.4156,Qiagen DNEasy ,Qiagen elution buffer,1,1,90
tar_12,155,26169_155,plate 2,C9,Tristan,2.8152,72,3,Yes,20,None,DNA HS,4.46,,18,80.28,155,tar_12,plate 2,C9,Anopheles coluzzii,picogreen,2.8152,Qiagen DNEasy ,Qiagen elution buffer,1,1,72
tar_16,156,26169_156,plate 2,D9,Tristan,6.7932,30,45,Yes,20,None,DNA HS,8.56,,18,154.08,156,tar_16,plate 2,D9,Anopheles gambiae,picogreen,6.7932,Qiagen DNEasy ,Qiagen elution buffer,1,1,30
tar_17,157,26169_157,plate 2,E9,Tristan,3.833,53,22,Yes,20,None,DNA HS,5.34,,18,96.12,157,tar_17,plate 2,E9,Anopheles gambiae,picogreen,3.833,Qiagen DNEasy ,Qiagen elution buffer,1,1,53
tar_18,158,26169_158,plate 2,F9,Tristan,3.1412,70,5,Yes,20,None,DNA HS,5.96,,18,107.28,158,tar_18,plate 2,F9,Anopheles gambiae,picogreen,3.1412,Qiagen DNEasy ,Qiagen elution buffer,1,1,64
tar_20,159,26169_159,plate 2,G9,Tristan,1.0112,70,5,Yes,20,None,DNA HS,1.19,,18,21.42,159,tar_20,plate 2,G9,Anopheles gambiae,picogreen,1.0112,Qiagen DNEasy ,Qiagen elution buffer,1,1,90
tar_21,160,26169_160,plate 2,H9,Tristan,0.7366,73,2,Yes,20,None,DNA HS,1.56,,18,28.08,160,tar_21,plate 2,H9,Anopheles gambiae,picogreen,0.7366,Qiagen DNEasy ,Qiagen elution buffer,1,1,90
tar_23,161,26169_161,plate 2,A10,Tristan,8.0756,25,50,Yes,20,None,DNA HS,5.48,,18,98.64,161,tar_23,plate 2,A10,Anopheles gambiae,picogreen,8.0756,Qiagen DNEasy ,Qiagen elution buffer,1,1,25
tar_26,162,26169_162,plate 2,B10,Tristan,1.7284,70,5,Yes,20,None,DNA HS,3.44,,18,61.92,162,tar_26,plate 2,B10,Anopheles gambiae,picogreen,1.7284,Qiagen DNEasy ,Qiagen elution buffer,1,1,90
tar_27,163,26169_163,plate 2,C10,Tristan,5.8488,35,40,Yes,20,None,DNA HS,6.08,,18,109.44,163,tar_27,plate 2,C10,Anopheles gambiae,picogreen,5.8488,Qiagen DNEasy ,Qiagen elution buffer,1,1,35
tar_29,164,26169_164,plate 2,D10,Tristan,1.538,70,5,Yes,20,None,DNA HS,3.6,,18,64.8,164,tar_29,plate 2,D10,Anopheles gambiae,picogreen,1.538,Qiagen DNEasy ,Qiagen elution buffer,1,1,90
tar_31,165,26169_165,plate 2,E10,Tristan,6.3998,32,43,Yes,20,None,DNA HS,3.5,,18,63,165,tar_31,plate 2,E10,Anopheles gambiae,picogreen,6.3998,Qiagen DNEasy ,Qiagen elution buffer,1,1,32
tar_32,166,26169_166,plate 2,F10,Tristan,5.7006,36,39,Yes,20,None,DNA HS,5.14,,18,92.52,166,tar_32,plate 2,F10,Anopheles gambiae,picogreen,5.7006,Qiagen DNEasy ,Qiagen elution buffer,1,1,36
tar_33,167,26169_167,plate 2,G10,Tristan,6.4918,31,44,Yes,20,None,DNA HS,4.14,,18,74.52,167,tar_33,plate 2,G10,Anopheles gambiae,picogreen,6.4918,Qiagen DNEasy ,Qiagen elution buffer,1,1,31
tar_34,168,26169_168,plate 2,H10,Tristan,4.4408,46,29,Yes,20,None,DNA HS,3.38,,18,60.84,168,tar_34,plate 2,H10,Anopheles gambiae,picogreen,4.4408,Qiagen DNEasy ,Qiagen elution buffer,1,1,46
tar_35,169,26169_169,plate 2,A11,Tristan,11.6154,18,57,Yes,20,None,DNA HS,3.26,,18,58.68,169,tar_35,plate 2,A11,Anopheles gambiae,picogreen,11.6154,Qiagen DNEasy ,Qiagen elution buffer,1,1,18
tar_36,170,26169_170,plate 2,B11,Tristan,2.9672,68,7,Yes,20,None,DNA HS,4.74,,18,85.32,170,tar_36,plate 2,B11,Anopheles gambiae,picogreen,2.9672,Qiagen DNEasy ,Qiagen elution buffer,1,1,68
tar_37,171,26169_171,plate 2,C11,Tristan,7.0572,29,46,Yes,20,None,DNA HS,4.04,,18,72.72,171,tar_37,plate 2,C11,Anopheles gambiae,picogreen,7.0572,Qiagen DNEasy ,Qiagen elution buffer,1,1,29
tar_38,172,26169_172,plate 2,D11,Tristan,6.9076,29,46,Yes,20,None,DNA HS,4.68,,18,84.24,172,tar_38,plate 2,D11,Anopheles arabiensis,picogreen,6.9076,Qiagen DNEasy ,Qiagen elution buffer,1,1,29
tar_39,173,26169_173,plate 2,E11,Tristan,4.9772,41,34,Yes,20,None,DNA HS,4.74,,18,85.32,173,tar_39,plate 2,E11,Anopheles arabiensis,picogreen,4.9772,Qiagen DNEasy ,Qiagen elution buffer,1,1,41
tar_40,174,26169_174,plate 2,F11,Tristan,6.9172,29,46,Yes,20,None,DNA HS,4.78,,18,86.04,174,tar_40,plate 2,F11,Anopheles arabiensis,picogreen,6.9172,Qiagen DNEasy ,Qiagen elution buffer,1,1,29
tar_41,175,26169_175,plate 2,G11,Tristan,7.4004,28,47,Yes,20,None,DNA HS,4.28,,18,77.04,175,tar_41,plate 2,G11,Anopheles arabiensis,picogreen,7.4004,Qiagen DNEasy ,Qiagen elution buffer,1,1,28
tar_42,176,26169_176,plate 2,H11,Tristan,2.012,67,8,Yes,20,None,DNA HS,3.46,,18,62.28,176,tar_42,plate 2,H11,Anopheles gambiae,picogreen,2.012,Qiagen DNEasy ,Qiagen elution buffer,1,1,90
tar_43,177,26169_177,plate 3,A1,Tristan,8.6636,24,49,Yes,20,None,DNA HS,5.14,,18,92.52,177,tar_43,plate 3,A1,Anopheles gambiae,picogreen,8.6636,Qiagen DNEasy ,Qiagen elution buffer,1,1,24
tar_44,178,26169_178,plate 3,B1,Tristan,6.5356,31,42,Yes,20,None,DNA HS,5.52,,18,99.36,178,tar_44,plate 3,B1,Anopheles gambiae,picogreen,6.5356,Qiagen DNEasy ,Qiagen elution buffer,1,1,31
tar_45,179,26169_179,plate 3,C1,Tristan,11.8612,17,56,Yes,20,None,DNA HS,2.82,,18,50.76,179,tar_45,plate 3,C1,Anopheles arabiensis,picogreen,11.8612,Qiagen DNEasy ,Qiagen elution buffer,1,1,17
nan_1,180,26169_180,plate 3,D1,Tristan,1.5632,70,3,Yes,20,None,DNA HS,2.82,,18,50.76,180,nan_1,plate 3,D1,Anopheles gambiae,picogreen,1.5632,Qiagen DNEasy ,Qiagen elution buffer,1,1,90
nan_2,181,26169_181,plate 3,E1,Tristan,0.2136,70,3,Yes,20,None,DNA HS,0.197,,18,3.546,181,nan_2,plate 3,E1,Anopheles gambiae,picogreen,0.2136,Qiagen DNEasy ,Qiagen elution buffer,1,1,90
nan_3,182,26169_182,plate 3,F1,Tristan,0.562,72,1,Yes,20,None,DNA HS,0.44,,18,7.92,182,nan_3,plate 3,F1,Anopheles gambiae,picogreen,0.562,Qiagen DNEasy ,Qiagen elution buffer,1,1,90
nan_4,183,26169_183,plate 3,G1,Tristan,5.9836,34,39,Yes,20,None,DNA HS,3.18,,18,57.24,183,nan_4,plate 3,G1,Anopheles gambiae,picogreen,5.9836,Qiagen DNEasy ,Qiagen elution buffer,1,1,34
nan_5,184,26169_184,plate 3,H1,Tristan,0.348,70,3,Yes,20,None,DNA HS,0.67,,18,12.06,184,nan_5,plate 3,H1,Anopheles gambiae,picogreen,0.348,Qiagen DNEasy ,Qiagen elution buffer,1,1,90
nan_6,185,26169_185,plate 3,A2,Tristan,0.2292,68,5,Yes,20,None,DNA HS,0.204,,18,3.672,185,nan_6,plate 3,A2,Anopheles gambiae,picogreen,0.2292,Qiagen DNEasy ,Qiagen elution buffer,1,1,90
nan_7,186,26169_186,plate 3,B2,Tristan,1.5184,68,5,Yes,20,None,DNA HS,2.66,,18,47.88,186,nan_7,plate 3,B2,Anopheles gambiae,picogreen,1.5184,Qiagen DNEasy ,Qiagen elution buffer,1,1,90
nan_8,187,26169_187,plate 3,C2,Tristan,0.3396,62,11,Yes,20,None,DNA HS,0.588,,18,10.584,187,nan_8,plate 3,C2,Anopheles gambiae,picogreen,0.3396,Qiagen DNEasy ,Qiagen elution buffer,1,1,90
nan_9,188,26169_188,plate 3,D2,Tristan,0.3716,70,3,Yes,20,None,DNA HS,0.206,,18,3.708,188,nan_9,plate 3,D2,Anopheles gambiae,picogreen,0.3716,Qiagen DNEasy ,Qiagen elution buffer,1,1,90
nan_10,189,26169_189,plate 3,E2,Tristan,0.326,70,3,Yes,20,None,DNA HS,0.246,,18,4.428,189,nan_10,plate 3,E2,Anopheles gambiae,picogreen,0.326,Qiagen DNEasy ,Qiagen elution buffer,1,1,90
nan_11,190,26169_190,plate 3,F2,Tristan,5.018,40,33,Yes,20,None,DNA HS,3.04,,18,54.72,190,nan_11,plate 3,F2,Anopheles gambiae,picogreen,5.018,Qiagen DNEasy ,Qiagen elution buffer,1,1,40
nan_12,191,26169_191,plate 3,G2,Tristan,0.5012,70,3,Yes,20,None,DNA HS,0.492,,18,8.856,191,nan_12,plate 3,G2,Anopheles gambiae,picogreen,0.5012,Qiagen DNEasy ,Qiagen elution buffer,1,1,90
nan_13,192,26169_192,plate 3,H2,Tristan,0.2772,70,3,Yes,20,None,DNA HS,0.191,,18,3.438,192,nan_13,plate 3,H2,Anopheles gambiae,picogreen,0.2772,Qiagen DNEasy ,Qiagen elution buffer,1,1,90
nan_14,193,26169_193,plate 3,A3,Tristan,0.2532,65,8,Yes,20,None,DNA HS,0.182,,18,3.276,193,nan_14,plate 3,A3,Anopheles gambiae,picogreen,0.2532,Qiagen DNEasy ,Qiagen elution buffer,1,1,90
nan_15,194,26169_194,plate 3,B3,Tristan,0.2524,65,8,Yes,20,None,DNA HS,0.428,,18,7.704,194,nan_15,plate 3,B3,Anopheles gambiae,picogreen,0.2524,Qiagen DNEasy ,Qiagen elution buffer,1,1,90
nan_16,195,26169_195,plate 3,C3,Tristan,6.0556,34,39,Yes,20,None,DNA HS,3.5,,18,63,195,nan_16,plate 3,C3,Anopheles gambiae,picogreen,6.0556,Qiagen DNEasy ,Qiagen elution buffer,1,1,34
nan_17,196,26169_196,plate 3,D3,Tristan,2.7796,72,1,Yes,20,None,DNA HS,6.04,,18,108.72,196,nan_17,plate 3,D3,Anopheles gambiae,picogreen,2.7796,Qiagen DNEasy ,Qiagen elution buffer,1,1,72
nan_18,197,26169_197,plate 3,E3,Tristan,3.57,57,16,Yes,20,None,DNA HS,3.28,,18,59.04,197,nan_18,plate 3,E3,Anopheles gambiae,picogreen,3.57,Qiagen DNEasy ,Qiagen elution buffer,1,1,57
nan_19,198,26169_198,plate 3,F3,Tristan,3.9488,51,22,Yes,20,None,DNA HS,4.76,,18,85.68,198,nan_19,plate 3,F3,Anopheles gambiae,picogreen,3.9488,Qiagen DNEasy ,Qiagen elution buffer,1,1,51
nan_20,199,26169_199,plate 3,G3,Tristan,1.8532,70,3,Yes,20,None,DNA HS,2.3,,18,41.4,199,nan_20,plate 3,G3,Anopheles gambiae,picogreen,1.8532,Qiagen DNEasy ,Qiagen elution buffer,1,1,90
nan_21,200,26169_200,plate 3,H3,Tristan,4.1212,49,24,Yes,20,None,DNA HS,4.8,,18,86.4,200,nan_21,plate 3,H3,Anopheles gambiae,picogreen,4.1212,Qiagen DNEasy ,Qiagen elution buffer,1,1,49
nan_22,201,26169_201,plate 3,A4,Tristan,4.4404,46,27,Yes,20,None,DNA HS,2.16,,18,38.88,201,nan_22,plate 3,A4,Anopheles arabiensis,picogreen,4.4404,Qiagen DNEasy ,Qiagen elution buffer,1,1,46
nan_23,202,26169_202,plate 3,B4,Tristan,2.0368,65,8,Yes,20,None,DNA HS,3.04,,18,54.72,202,nan_23,plate 3,B4,Anopheles gambiae,picogreen,2.0368,Qiagen DNEasy ,Qiagen elution buffer,1,1,90
nan_24,203,26169_203,plate 3,C4,Tristan,4.2764,47,26,Yes,20,None,DNA HS,4.7,,18,84.6,203,nan_24,plate 3,C4,Anopheles gambiae,picogreen,4.2764,Qiagen DNEasy ,Qiagen elution buffer,1,1,47
nan_25,204,26169_204,plate 3,D4,Tristan,6.8932,30,43,Yes,20,None,DNA HS,5.86,,18,105.48,204,nan_25,plate 3,D4,Anopheles gambiae,picogreen,6.8932,Qiagen DNEasy ,Qiagen elution buffer,1,1,30
nan_26,205,26169_205,plate 3,E4,Tristan,4.956,41,32,Yes,20,None,DNA HS,3.7,,18,66.6,205,nan_26,plate 3,E4,Anopheles gambiae,picogreen,4.956,Qiagen DNEasy ,Qiagen elution buffer,1,1,41
nan_29,206,26169_206,plate 3,F4,Tristan,0.0648,62,11,Yes,20,None,DNA HS,0.0548,,18,0.9864,206,nan_29,plate 3,F4,Anopheles arabiensis,picogreen,0.0648,Qiagen DNEasy ,Qiagen elution buffer,1,1,90
nan_33,207,26169_207,plate 3,G4,Tristan,18.0548,12,61,Yes,20,None,DNA HS,4.02,,18,72.36,207,nan_33,plate 3,G4,Anopheles gambiae,picogreen,18.0548,Qiagen DNEasy ,Qiagen elution buffer,1,1,12
nan_34,208,26169_208,plate 3,H4,Tristan,0.088,66,7,Yes,20,None,DNA HS,0.0472,,18,0.8496,208,nan_34,plate 3,H4,Anopheles arabiensis,picogreen,0.088,Qiagen DNEasy ,Qiagen elution buffer,1,1,90
nan_38,209,26169_209,plate 3,A5,Tristan,16.3796,13,60,Yes,20,None,DNA HS,3.94,,18,70.92,209,nan_38,plate 3,A5,Anopheles coluzzii,picogreen,16.3796,Qiagen DNEasy ,Qiagen elution buffer,1,1,13
nan_40,210,26169_210,plate 3,B5,Tristan,0.0712,60,13,Yes,20,None,DNA HS,0.0634,,18,1.1412,210,nan_40,plate 3,B5,Anopheles arabiensis,picogreen,0.0712,Qiagen DNEasy ,Qiagen elution buffer,1,1,90
nan_43,211,26169_211,plate 3,C5,Tristan,0.1192,65,8,Yes,20,None,DNA HS,0.0768,,18,1.3824,211,nan_43,plate 3,C5,Anopheles arabiensis,picogreen,0.1192,Qiagen DNEasy ,Qiagen elution buffer,1,1,90
nan_44,212,26169_212,plate 3,D5,Tristan,0.2768,65,8,Yes,20,None,DNA HS,0.318,,18,5.724,212,nan_44,plate 3,D5,Anopheles arabiensis,picogreen,0.2768,Qiagen DNEasy ,Qiagen elution buffer,1,1,90
nan_46,213,26169_213,plate 3,E5,Tristan,10.8664,19,54,Yes,20,None,DNA HS,3.98,,18,71.64,213,nan_46,plate 3,E5,Anopheles gambiae,picogreen,10.8664,Qiagen DNEasy ,Qiagen elution buffer,1,1,19
nan_47,214,26169_214,plate 3,F5,Tristan,3.6008,56,17,Yes,20,None,DNA HS,7.12,,18,128.16,214,nan_47,plate 3,F5,Anopheles gambiae,picogreen,3.6008,Qiagen DNEasy ,Qiagen elution buffer,1,1,56
nan_48,215,26169_215,plate 3,G5,Tristan,7.16,28,45,Yes,20,None,DNA HS,5.46,,18,98.28,215,nan_48,plate 3,G5,Anopheles gambiae,picogreen,7.16,Qiagen DNEasy ,Qiagen elution buffer,1,1,28
nan_49,216,26169_216,plate 3,H5,Tristan,10.5824,19,54,Yes,20,None,DNA HS,4.36,,18,78.48,216,nan_49,plate 3,H5,Anopheles gambiae,picogreen,10.5824,Qiagen DNEasy ,Qiagen elution buffer,1,1,19
nan_50,217,26169_217,plate 3,A6,Tristan,8.8856,23,50,Yes,20,None,DNA HS,1.89,,18,34.02,217,nan_50,plate 3,A6,Anopheles gambiae,picogreen,8.8856,Qiagen DNEasy ,Qiagen elution buffer,1,1,23
nan_51,218,26169_218,plate 3,B6,Tristan,14.4248,14,59,Yes,20,None,DNA HS,3.06,,18,55.08,218,nan_51,plate 3,B6,Anopheles gambiae,picogreen,14.4248,Qiagen DNEasy ,Qiagen elution buffer,1,1,14
nan_52,219,26169_219,plate 3,C6,Tristan,18.4304,11,62,Yes,20,None,DNA HS,1.41,,18,25.38,219,nan_52,plate 3,C6,Anopheles gambiae,picogreen,18.4304,Qiagen DNEasy ,Qiagen elution buffer,1,1,11
nan_53,220,26169_220,plate 3,D6,Tristan,2.0904,66,7,Yes,20,None,DNA HS,3.98,,18,71.64,220,nan_53,plate 3,D6,Anopheles gambiae,picogreen,2.0904,Qiagen DNEasy ,Qiagen elution buffer,1,1,90
nan_54,221,26169_221,plate 3,E6,Tristan,23.4636,10,63,Yes,20,None,DNA HS,2.98,,18,53.64,221,nan_54,plate 3,E6,Anopheles gambiae,picogreen,23.4636,Qiagen DNEasy ,Qiagen elution buffer,1,1,10
nan_55,222,26169_222,plate 3,F6,Tristan,5.0772,40,33,Yes,20,None,DNA HS,4.94,,18,88.92,222,nan_55,plate 3,F6,Anopheles gambiae,picogreen,5.0772,Qiagen DNEasy ,Qiagen elution buffer,1,1,40
nan_56,223,26169_223,plate 3,G6,Tristan,5.272,38,35,Yes,20,None,DNA HS,4.2,,18,75.6,223,nan_56,plate 3,G6,Anopheles gambiae,picogreen,5.272,Qiagen DNEasy ,Qiagen elution buffer,1,1,38
nan_57,224,26169_224,plate 3,H6,Tristan,12.0392,17,56,Yes,20,None,DNA HS,4.2,,18,75.6,224,nan_57,plate 3,H6,Anopheles gambiae,picogreen,12.0392,Qiagen DNEasy ,Qiagen elution buffer,1,1,17
nan_58,225,26169_225,plate 3,A7,Tristan,9.3744,22,51,Yes,20,None,DNA HS,1.56,,18,28.08,225,nan_58,plate 3,A7,Anopheles gambiae,picogreen,9.3744,Qiagen DNEasy ,Qiagen elution buffer,1,1,22
nan_59,226,26169_226,plate 3,B7,Tristan,12.9968,16,57,Yes,20,None,DNA HS,3.34,,18,60.12,226,nan_59,plate 3,B7,Anopheles gambiae,picogreen,12.9968,Qiagen DNEasy ,Qiagen elution buffer,1,1,16
nan_60,227,26169_227,plate 3,C7,Tristan,21.574,10,63,Yes,20,None,DNA HS,2.82,,18,50.76,227,nan_60,plate 3,C7,Anopheles gambiae,picogreen,21.574,Qiagen DNEasy ,Qiagen elution buffer,1,1,10
nan_61,228,26169_228,plate 3,D7,Tristan,25.9784,10,63,Yes,20,None,DNA HS,2.06,,18,37.08,228,nan_61,plate 3,D7,Anopheles arabiensis,picogreen,25.9784,Qiagen DNEasy ,Qiagen elution buffer,1,1,10
nan_62,229,26169_229,plate 3,E7,Tristan,17.568,12,61,Yes,20,None,DNA HS,2.08,,18,37.44,229,nan_62,plate 3,E7,Anopheles arabiensis,picogreen,17.568,Qiagen DNEasy ,Qiagen elution buffer,1,1,12
nan_63,230,26169_230,plate 3,F7,Tristan,22.91,10,63,Yes,20,None,DNA HS,2.14,,18,38.52,230,nan_63,plate 3,F7,Anopheles arabiensis,picogreen,22.91,Qiagen DNEasy ,Qiagen elution buffer,1,1,10
nan_64,231,26169_231,plate 3,G7,Tristan,15.91,13,60,Yes,20,None,DNA HS,3.36,,18,60.48,231,nan_64,plate 3,G7,Anopheles arabiensis,picogreen,15.91,Qiagen DNEasy ,Qiagen elution buffer,1,1,13
nan_65,232,26169_232,plate 3,H7,Tristan,7.8832,26,47,Yes,20,None,DNA HS,4.72,,18,84.96,232,nan_65,plate 3,H7,Anopheles arabiensis,picogreen,7.8832,Qiagen DNEasy ,Qiagen elution buffer,1,1,26
nan_66,233,26169_233,plate 3,A8,Tristan,10.854,19,54,Yes,20,None,DNA HS,5.9,,18,106.2,233,nan_66,plate 3,A8,Anopheles arabiensis,picogreen,10.854,Qiagen DNEasy ,Qiagen elution buffer,1,1,19
nan_67,234,26169_234,plate 3,B8,Tristan,14.2896,14,59,Yes,20,None,DNA HS,5.54,,18,99.72,234,nan_67,plate 3,B8,Anopheles arabiensis,picogreen,14.2896,Qiagen DNEasy ,Qiagen elution buffer,1,1,14
nan_68,235,26169_235,plate 3,C8,Tristan,8.488,24,49,Yes,20,None,DNA HS,6.96,,18,125.28,235,nan_68,plate 3,C8,Anopheles gambiae,picogreen,8.488,Qiagen DNEasy ,Qiagen elution buffer,1,1,24
nan_69,236,26169_236,plate 3,D8,Tristan,14.6508,14,59,Yes,20,None,DNA HS,4.56,,18,82.08,236,nan_69,plate 3,D8,Anopheles arabiensis,picogreen,14.6508,Qiagen DNEasy ,Qiagen elution buffer,1,1,14
nan_70,237,26169_237,plate 3,E8,Tristan,21.9588,10,63,Yes,20,None,DNA HS,1.95,,18,35.1,237,nan_70,plate 3,E8,Anopheles arabiensis,picogreen,21.9588,Qiagen DNEasy ,Qiagen elution buffer,1,1,10
nan_71,238,26169_238,plate 3,F8,Tristan,11.5212,18,55,Yes,20,None,DNA HS,5.24,,18,94.32,238,nan_71,plate 3,F8,Anopheles arabiensis,picogreen,11.5212,Qiagen DNEasy ,Qiagen elution buffer,1,1,18
nan_72,239,26169_239,plate 3,G8,Tristan,10.5776,19,54,Yes,20,None,DNA HS,4.62,,18,83.16,239,nan_72,plate 3,G8,Anopheles arabiensis,picogreen,10.5776,Qiagen DNEasy ,Qiagen elution buffer,1,1,19
nan_73,240,26169_240,plate 3,H8,Tristan,9.5332,21,52,Yes,20,None,DNA HS,4.14,,18,74.52,240,nan_73,plate 3,H8,Anopheles arabiensis,picogreen,9.5332,Qiagen DNEasy ,Qiagen elution buffer,1,1,21
nan_74,241,26169_241,plate 3,A9,Tristan,10.51,20,53,Yes,20,None,DNA HS,2.44,,18,43.92,241,nan_74,plate 3,A9,Anopheles arabiensis,picogreen,10.51,Qiagen DNEasy ,Qiagen elution buffer,1,1,20
nan_75,242,26169_242,plate 3,B9,Tristan,11.6684,18,55,Yes,20,None,DNA HS,5.9,,18,106.2,242,nan_75,plate 3,B9,Anopheles arabiensis,picogreen,11.6684,Qiagen DNEasy ,Qiagen elution buffer,1,1,18
dim_2,243,26169_243,plate 3,C9,Tristan,0.12745,60,13,Yes,20,None,DNA HS,0.0596,,18,1.0728,243,dim_2,plate 3,C9,Anopheles arabiensis,picogreen,0.12745,Qiagen DNEasy ,Qiagen elution buffer,1,1,90
dim_4,244,26169_244,plate 3,D9,Tristan,0.04745,65,8,Yes,20,None,DNA HS,0.0568,,18,1.0224,244,dim_4,plate 3,D9,Anopheles arabiensis,picogreen,0.04745,Qiagen DNEasy ,Qiagen elution buffer,1,1,90
dim_6,245,26169_245,plate 3,E9,Tristan,0.4054,65,8,Yes,20,None,DNA HS,0.216,,18,3.888,245,dim_6,plate 3,E9,Anopheles gambiae,picogreen,0.4054,Qiagen DNEasy ,Qiagen elution buffer,1,1,90
dim_9,246,26169_246,plate 3,F9,Tristan,0.63265,40,33,Yes,20,None,DNA HS,0.508,,18,9.144,246,dim_9,plate 3,F9,Anopheles gambiae,picogreen,0.63265,Qiagen DNEasy ,Qiagen elution buffer,1,1,90
dim_10,247,26169_247,plate 3,G9,Tristan,0.19225,65,8,Yes,20,None,DNA HS,0.0878,,18,1.5804,247,dim_10,plate 3,G9,Anopheles arabiensis,picogreen,0.19225,Qiagen DNEasy ,Qiagen elution buffer,1,1,90
dim_16,248,26169_248,plate 3,H9,Tristan,11.96005,17,56,Yes,20,None,DNA HS,4.48,,18,80.64,248,dim_16,plate 3,H9,Anopheles gambiae,picogreen,11.96005,Qiagen DNEasy ,Qiagen elution buffer,1,1,17
dim_17,249,26169_249,plate 3,A10,Tristan,15.26785,14,59,Yes,20,None,DNA HS,2.08,,18,37.44,249,dim_17,plate 3,A10,Anopheles coluzzii,picogreen,15.26785,Qiagen DNEasy ,Qiagen elution buffer,1,1,14
dim_18,250,26169_250,plate 3,B10,Tristan,13.3202,16,57,Yes,20,None,DNA HS,3.5,,18,63,250,dim_18,plate 3,B10,Anopheles coluzzii,picogreen,13.3202,Qiagen DNEasy ,Qiagen elution buffer,1,1,16
dim_19,251,26169_251,plate 3,C10,Tristan,7.11785,29,44,Yes,20,None,DNA HS,4,,18,72,251,dim_19,plate 3,C10,Anopheles gambiae,picogreen,7.11785,Qiagen DNEasy ,Qiagen elution buffer,1,1,29
dim_20,252,26169_252,plate 3,D10,Tristan,22.148,10,63,Yes,20,None,DNA HS,2.82,,18,50.76,252,dim_20,plate 3,D10,Anopheles coluzzii,picogreen,22.148,Qiagen DNEasy ,Qiagen elution buffer,1,1,10
dim_21,253,26169_253,plate 3,E10,Tristan,10.7117,19,54,Yes,20,None,DNA HS,1.6,,18,28.8,253,dim_21,plate 3,E10,Anopheles coluzzii,picogreen,10.7117,Qiagen DNEasy ,Qiagen elution buffer,1,1,19
dim_23,254,26169_254,plate 3,F10,Tristan,17.14355,12,61,Yes,20,None,DNA HS,4.16,,18,74.88,254,dim_23,plate 3,F10,Anopheles coluzzii,picogreen,17.14355,Qiagen DNEasy ,Qiagen elution buffer,1,1,12
dim_24,255,26169_255,plate 3,G10,Tristan,10.27855,20,53,Yes,20,None,DNA HS,5.2,,18,93.6,255,dim_24,plate 3,G10,Anopheles coluzzii,picogreen,10.27855,Qiagen DNEasy ,Qiagen elution buffer,1,1,20
dim_25,256,26169_256,plate 3,H10,Tristan,4.8289,42,31,Yes,20,None,DNA HS,3.42,,18,61.56,256,dim_25,plate 3,H10,Anopheles gambiae,picogreen,4.8289,Qiagen DNEasy ,Qiagen elution buffer,1,1,42
dim_26,257,26169_257,plate 3,A11,Tristan,20.8734,10,63,Yes,20,None,DNA HS,1.74,,18,31.32,257,dim_26,plate 3,A11,Anopheles gambiae,picogreen,20.8734,Qiagen DNEasy ,Qiagen elution buffer,1,1,10
dim_27,258,26169_258,plate 3,B11,Tristan,12.94795,16,57,Yes,20,None,DNA HS,4.14,,18,74.52,258,dim_27,plate 3,B11,Anopheles coluzzii,picogreen,12.94795,Qiagen DNEasy ,Qiagen elution buffer,1,1,16
dim_28,259,26169_259,plate 3,C11,Tristan,1.51005,65,8,Yes,20,None,DNA HS,1.6,,18,28.8,259,dim_28,plate 3,C11,Anopheles coluzzii,picogreen,1.51005,Qiagen DNEasy ,Qiagen elution buffer,1,1,90
dim_29,260,26169_260,plate 3,D11,Tristan,64.726,10,63,Yes,20,None,DNA HS,5.06,,18,91.08,260,dim_29,plate 3,D11,Anopheles gambiae,picogreen,64.726,Qiagen DNEasy ,Qiagen elution buffer,1,1,10
dim_31,261,26169_261,plate 3,E11,Tristan,0.35,70,3,Yes,20,None,DNA HS,0.436,,18,7.848,261,dim_31,plate 3,E11,Anopheles gambiae,picogreen,0.35,Qiagen DNEasy ,Qiagen elution buffer,1,1,90
dim_33,262,26169_262,plate 3,F11,Tristan,1.547025,31,42,Yes,20,None,DNA HS,0.382,,18,6.876,262,dim_33,plate 3,F11,Anopheles gambiae,picogreen,1.547025,Qiagen DNEasy ,Qiagen elution buffer,1,1,90
dim_34,263,26169_263,plate 3,G11,Tristan,0.869975,70,3,Yes,20,None,DNA HS,0.202,,18,3.636,263,dim_34,plate 3,G11,Anopheles gambiae,picogreen,0.869975,Qiagen DNEasy ,Qiagen elution buffer,1,1,90
dim_35,264,26169_264,plate 3,H11,Tristan,0.5535,60,13,Yes,20,None,DNA HS,0.0174,,18,0.3132,264,dim_35,plate 3,H11,Anopheles arabiensis,picogreen,0.5535,Qiagen DNEasy ,Qiagen elution buffer,1,1,90
dim_36,265,26169_265,plate 4,A1,Tristan,0.5027,58,18,Yes,20,None,DNA HS,0.0296,,18,0.5328,265,dim_36,plate 4,A1,Anopheles arabiensis,picogreen,0.5027,Qiagen DNEasy ,Qiagen elution buffer,1,1,90
dim_37,266,26169_266,plate 4,B1,Tristan,0.587375,60,16,Yes,20,None,DNA HS,0.0354,,18,0.6372,266,dim_37,plate 4,B1,Anopheles gambiae,picogreen,0.587375,Qiagen DNEasy ,Qiagen elution buffer,1,1,90
dim_38,267,26169_267,plate 4,C1,Tristan,0.70245,64,12,Yes,20,None,DNA HS,0.38,,18,6.84,267,dim_38,plate 4,C1,Anopheles arabiensis,picogreen,0.70245,Qiagen DNEasy ,Qiagen elution buffer,1,1,90
dim_40,268,26169_268,plate 4,D1,Tristan,0.60715,62,14,Yes,20,None,DNA HS,0.304,,18,5.472,268,dim_40,plate 4,D1,Anopheles gambiae,picogreen,0.60715,Qiagen DNEasy ,Qiagen elution buffer,1,1,90
dim_41,269,26169_269,plate 4,E1,Tristan,0.35805,53,23,Yes,20,None,DNA HS,0.16,,18,2.88,269,dim_41,plate 4,E1,Anopheles arabiensis,picogreen,0.35805,Qiagen DNEasy ,Qiagen elution buffer,1,1,90
dim_42,270,26169_270,plate 4,F1,Tristan,4.8381,42,34,Yes,20,None,DNA HS,3,,18,54,270,dim_42,plate 4,F1,Anopheles gambiae,picogreen,4.8381,Qiagen DNEasy ,Qiagen elution buffer,1,1,42
dim_45,271,26169_271,plate 4,G1,Tristan,0.0491,65,11,Yes,20,None,DNA HS,0.064,,18,1.152,271,dim_45,plate 4,G1,Anopheles arabiensis,picogreen,0.0491,Qiagen DNEasy ,Qiagen elution buffer,1,1,90
dim_46,272,26169_272,plate 4,H1,Tristan,0.388,73,3,Yes,20,None,DNA HS,0.952,,18,17.136,272,dim_46,plate 4,H1,Anopheles gambiae,picogreen,0.388,Qiagen DNEasy ,Qiagen elution buffer,1,1,90
dim_47,273,26169_273,plate 4,A2,Tristan,10.51085,20,56,Yes,20,None,DNA HS,4.4,,18,79.2,273,dim_47,plate 4,A2,Anopheles gambiae,picogreen,10.51085,Qiagen DNEasy ,Qiagen elution buffer,1,1,20
dim_48,274,26169_274,plate 4,B2,Tristan,5.4723,37,39,Yes,20,None,DNA HS,6.06,,18,109.08,274,dim_48,plate 4,B2,Anopheles gambiae,picogreen,5.4723,Qiagen DNEasy ,Qiagen elution buffer,1,1,37
dim_49,275,26169_275,plate 4,C2,Tristan,3.31135,61,15,Yes,20,None,DNA HS,4.34,,18,78.12,275,dim_49,plate 4,C2,Anopheles arabiensis,picogreen,3.31135,Qiagen DNEasy ,Qiagen elution buffer,1,1,61
dim_50,276,26169_276,plate 4,D2,Tristan,5.2647,38,38,Yes,20,None,DNA HS,4.9,,18,88.2,276,dim_50,plate 4,D2,Anopheles arabiensis,picogreen,5.2647,Qiagen DNEasy ,Qiagen elution buffer,1,1,38
dim_51,277,26169_277,plate 4,E2,Tristan,0.14185,55,21,Yes,20,None,DNA HS,0.098,,18,1.764,277,dim_51,plate 4,E2,Anopheles arabiensis,picogreen,0.14185,Qiagen DNEasy ,Qiagen elution buffer,1,1,90
dim_52,278,26169_278,plate 4,F2,Tristan,0.24005,65,11,Yes,20,None,DNA HS,0.144,,18,2.592,278,dim_52,plate 4,F2,Anopheles arabiensis,picogreen,0.24005,Qiagen DNEasy ,Qiagen elution buffer,1,1,90
dim_54,279,26169_279,plate 4,G2,Tristan,1.829,72,4,Yes,20,None,DNA HS,3.94,,18,70.92,279,dim_54,plate 4,G2,Anopheles arabiensis,picogreen,1.829,Qiagen DNEasy ,Qiagen elution buffer,1,1,90
dim_56,280,26169_280,plate 4,H2,Tristan,0.06555,65,11,Yes,20,None,DNA HS,0.106,,18,1.908,280,dim_56,plate 4,H2,Anopheles arabiensis,picogreen,0.06555,Qiagen DNEasy ,Qiagen elution buffer,1,1,90
dim_57,281,26169_281,plate 4,A3,Tristan,5.2309,39,37,Yes,20,None,DNA HS,3.3,,18,59.4,281,dim_57,plate 4,A3,Anopheles arabiensis,picogreen,5.2309,Qiagen DNEasy ,Qiagen elution buffer,1,1,39
dim_59,282,26169_282,plate 4,B3,Tristan,2.48965,65,11,Yes,20,None,DNA HS,2.94,,18,52.92,282,dim_59,plate 4,B3,Anopheles arabiensis,picogreen,2.48965,Qiagen DNEasy ,Qiagen elution buffer,1,1,81
dim_61,283,26169_283,plate 4,C3,Tristan,71.12965,10,66,Yes,20,None,DNA HS,2.56,,18,46.08,283,dim_61,plate 4,C3,Anopheles arabiensis,picogreen,71.12965,Qiagen DNEasy ,Qiagen elution buffer,1,1,10
dim_62,284,26169_284,plate 4,D3,Tristan,40.88485,10,66,Yes,20,None,DNA HS,2.88,,18,51.84,284,dim_62,plate 4,D3,Anopheles arabiensis,picogreen,40.88485,Qiagen DNEasy ,Qiagen elution buffer,1,1,10
dim_63,285,26169_285,plate 4,E3,Tristan,8.75885,23,53,Yes,20,None,DNA HS,3.92,,18,70.56,285,dim_63,plate 4,E3,Anopheles coluzzii,picogreen,8.75885,Qiagen DNEasy ,Qiagen elution buffer,1,1,23
dim_64,286,26169_286,plate 4,F3,Tristan,8.2945,25,51,Yes,20,None,DNA HS,6.16,,18,110.88,286,dim_64,plate 4,F3,Anopheles arabiensis,picogreen,8.2945,Qiagen DNEasy ,Qiagen elution buffer,1,1,25
dim_65,287,26169_287,plate 4,G3,Tristan,24.6746,10,66,Yes,20,None,DNA HS,2.16,,18,38.88,287,dim_65,plate 4,G3,Anopheles arabiensis,picogreen,24.6746,Qiagen DNEasy ,Qiagen elution buffer,1,1,10
dim_66,288,26169_288,plate 4,H3,Tristan,27.81865,10,66,Yes,20,None,DNA HS,2.86,,18,51.48,288,dim_66,plate 4,H3,Anopheles arabiensis,picogreen,27.81865,Qiagen DNEasy ,Qiagen elution buffer,1,1,10
dim_67,289,26169_289,plate 4,A4,Tristan,24.5134,10,66,Yes,20,None,DNA HS,1.54,,18,27.72,289,dim_67,plate 4,A4,Anopheles arabiensis,picogreen,24.5134,Qiagen DNEasy ,Qiagen elution buffer,1,1,10
dim_68,290,26169_290,plate 4,B4,Tristan,20.42515,10,66,Yes,20,None,DNA HS,1.6,,18,28.8,290,dim_68,plate 4,B4,Anopheles arabiensis,picogreen,20.42515,Qiagen DNEasy ,Qiagen elution buffer,1,1,10
dim_69,291,26169_291,plate 4,C4,Tristan,24.1495,10,66,Yes,20,None,DNA HS,2.4,,18,43.2,291,dim_69,plate 4,C4,Anopheles gambiae,picogreen,24.1495,Qiagen DNEasy ,Qiagen elution buffer,1,1,10
dim_70,292,26169_292,plate 4,D4,Tristan,19.4257,11,65,Yes,20,None,DNA HS,2.06,,18,37.08,292,dim_70,plate 4,D4,Anopheles arabiensis,picogreen,19.4257,Qiagen DNEasy ,Qiagen elution buffer,1,1,11
dim_71,293,26169_293,plate 4,E4,Tristan,7.63425,27,49,Yes,20,None,DNA HS,4.16,,18,74.88,293,dim_71,plate 4,E4,Anopheles arabiensis,picogreen,7.63425,Qiagen DNEasy ,Qiagen elution buffer,1,1,27
dim_72,294,26169_294,plate 4,F4,Tristan,16.10645,13,63,Yes,20,None,DNA HS,2.2,,18,39.6,294,dim_72,plate 4,F4,Anopheles gambiae,picogreen,16.10645,Qiagen DNEasy ,Qiagen elution buffer,1,1,13
dim_73,295,26169_295,plate 4,G4,Tristan,5.0805,40,36,Yes,20,None,DNA HS,2.84,,18,51.12,295,dim_73,plate 4,G4,Anopheles gambiae,picogreen,5.0805,Qiagen DNEasy ,Qiagen elution buffer,1,1,40
dim_74,296,26169_296,plate 4,H4,Tristan,7.60895,27,49,Yes,20,None,DNA HS,2.74,,18,49.32,296,dim_74,plate 4,H4,Anopheles arabiensis,picogreen,7.60895,Qiagen DNEasy ,Qiagen elution buffer,1,1,27
dim_75,297,26169_297,plate 4,A5,Tristan,7.95495,26,50,Yes,20,None,DNA HS,2.1,,18,37.8,297,dim_75,plate 4,A5,Anopheles coluzzii,picogreen,7.95495,Qiagen DNEasy ,Qiagen elution buffer,1,1,26
wor_13,298,26169_298,plate 4,B5,Tristan,0.0476,65,11,Yes,20,None,DNA HS,0.0558,,18,1.0044,298,wor_13,plate 4,B5,Anopheles arabiensis,picogreen,0.0476,Qiagen DNEasy ,Qiagen elution buffer,1,1,90
wor_16,299,26169_299,plate 4,C5,Tristan,1.2904,57,19,Yes,20,None,DNA HS,1.66,,18,29.88,299,wor_16,plate 4,C5,Anopheles gambiae,picogreen,1.2904,Qiagen DNEasy ,Qiagen elution buffer,1,1,90
wor_18,300,26169_300,plate 4,D5,Tristan,3.0796,65,11,Yes,20,None,DNA HS,4.56,,18,82.08,300,wor_18,plate 4,D5,Anopheles arabiensis,picogreen,3.0796,Qiagen DNEasy ,Qiagen elution buffer,1,1,65
wor_19,301,26169_301,plate 4,E5,Tristan,2.0528,74,2,Yes,20,None,DNA HS,3.04,,18,54.72,301,wor_19,plate 4,E5,Anopheles gambiae,picogreen,2.0528,Qiagen DNEasy ,Qiagen elution buffer,1,1,90
wor_21,302,26169_302,plate 4,F5,Tristan,1.4566,74,2,Yes,20,None,DNA HS,2.66,,18,47.88,302,wor_21,plate 4,F5,Anopheles coluzzii,picogreen,1.4566,Qiagen DNEasy ,Qiagen elution buffer,1,1,90
wor_22,303,26169_303,plate 4,G5,Tristan,2.7104,74,2,Yes,20,None,DNA HS,4.14,,18,74.52,303,wor_22,plate 4,G5,Anopheles coluzzii,picogreen,2.7104,Qiagen DNEasy ,Qiagen elution buffer,1,1,74
wor_23,304,26169_304,plate 4,H5,Tristan,1.218,67,9,Yes,20,None,DNA HS,1.98,,18,35.64,304,wor_23,plate 4,H5,Anopheles gambiae,picogreen,1.218,Qiagen DNEasy ,Qiagen elution buffer,1,1,90
wor_24,305,26169_305,plate 4,A6,Tristan,2.4676,69,7,Yes,20,None,DNA HS,4.96,,18,89.28,305,wor_24,plate 4,A6,Anopheles gambiae,picogreen,2.4676,Qiagen DNEasy ,Qiagen elution buffer,1,1,82
wor_25,306,26169_306,plate 4,B6,Tristan,3.0736,66,10,Yes,20,None,DNA HS,5.52,,18,99.36,306,wor_25,plate 4,B6,Anopheles gambiae,picogreen,3.0736,Qiagen DNEasy ,Qiagen elution buffer,1,1,66
wor_27,307,26169_307,plate 4,C6,Tristan,4.2024,48,28,Yes,20,None,DNA HS,5.34,,18,96.12,307,wor_27,plate 4,C6,Anopheles coluzzii,picogreen,4.2024,Qiagen DNEasy ,Qiagen elution buffer,1,1,48
wor_28,308,26169_308,plate 4,D6,Tristan,1.3692,70,6,Yes,20,None,DNA HS,2.54,,18,45.72,308,wor_28,plate 4,D6,Anopheles gambiae,picogreen,1.3692,Qiagen DNEasy ,Qiagen elution buffer,1,1,90
wor_29,309,26169_309,plate 4,E6,Tristan,3.4732,58,18,Yes,20,None,DNA HS,5.52,,18,99.36,309,wor_29,plate 4,E6,Anopheles gambiae,picogreen,3.4732,Qiagen DNEasy ,Qiagen elution buffer,1,1,58
wor_30,310,26169_310,plate 4,F6,Tristan,1.1372,66,10,Yes,20,None,DNA HS,2.06,,18,37.08,310,wor_30,plate 4,F6,Anopheles gambiae,picogreen,1.1372,Qiagen DNEasy ,Qiagen elution buffer,1,1,90
wor_31,311,26169_311,plate 4,G6,Tristan,1.7382,40,36,Yes,20,None,DNA HS,1.89,,18,34.02,311,wor_31,plate 4,G6,Anopheles gambiae,picogreen,1.7382,Qiagen DNEasy ,Qiagen elution buffer,1,1,90
wor_32,312,26169_312,plate 4,H6,Tristan,0.0614,60,16,Yes,20,None,DNA HS,0.0898,,18,1.6164,312,wor_32,plate 4,H6,Anopheles arabiensis,picogreen,0.0614,Qiagen DNEasy ,Qiagen elution buffer,1,1,90
wor_38,313,26169_313,plate 4,A7,Tristan,2.0804,75,1,Yes,20,None,DNA HS,4.32,,18,77.76,313,wor_38,plate 4,A7,Anopheles gambiae,picogreen,2.0804,Qiagen DNEasy ,Qiagen elution buffer,1,1,90
wor_40,314,26169_314,plate 4,B7,Tristan,0.3628,75,1,Yes,20,None,DNA HS,0.438,,18,7.884,314,wor_40,plate 4,B7,Anopheles gambiae,picogreen,0.3628,Qiagen DNEasy ,Qiagen elution buffer,1,1,90
wor_42,315,26169_315,plate 4,C7,Tristan,0.3988,75,1,Yes,20,None,DNA HS,0.596,,18,10.728,315,wor_42,plate 4,C7,Anopheles gambiae,picogreen,0.3988,Qiagen DNEasy ,Qiagen elution buffer,1,1,90
wor_44,316,26169_316,plate 4,D7,Tristan,0.4224,75,1,Yes,20,None,DNA HS,0.462,,18,8.316,316,wor_44,plate 4,D7,Anopheles gambiae,picogreen,0.4224,Qiagen DNEasy ,Qiagen elution buffer,1,1,90
wor_45,317,26169_317,plate 4,E7,Tristan,2.1308,75,1,Yes,20,None,DNA HS,4.02,,18,72.36,317,wor_45,plate 4,E7,Anopheles gambiae,picogreen,2.1308,Qiagen DNEasy ,Qiagen elution buffer,1,1,94
wor_46,318,26169_318,plate 4,F7,Tristan,0.13,75,1,Yes,20,None,DNA HS,0.198,,18,3.564,318,wor_46,plate 4,F7,Anopheles arabiensis,picogreen,0.13,Qiagen DNEasy ,Qiagen elution buffer,1,1,90
wor_48,319,26169_319,plate 4,G7,Tristan,2.786,72,4,Yes,20,None,DNA HS,5.18,,18,93.24,319,wor_48,plate 4,G7,Anopheles gambiae,picogreen,2.786,Qiagen DNEasy ,Qiagen elution buffer,1,1,72
wor_49,320,26169_320,plate 4,H7,Tristan,4.1154,49,27,Yes,20,None,DNA HS,7.16,,18,128.88,320,wor_49,plate 4,H7,Anopheles gambiae,picogreen,4.1154,Qiagen DNEasy ,Qiagen elution buffer,1,1,49
wor_51,321,26169_321,plate 4,A8,Tristan,0.213,70,6,Yes,20,None,DNA HS,0.14,,18,2.52,321,wor_51,plate 4,A8,Anopheles arabiensis,picogreen,0.213,Qiagen DNEasy ,Qiagen elution buffer,1,1,90
wor_52,322,26169_322,plate 4,B8,Tristan,0.2804,67,9,Yes,20,None,DNA HS,0.31,,18,5.58,322,wor_52,plate 4,B8,Anopheles gambiae,picogreen,0.2804,Qiagen DNEasy ,Qiagen elution buffer,1,1,90
wor_54,323,26169_323,plate 4,C8,Tristan,0.4692,75,1,Yes,20,None,DNA HS,0.748,,18,13.464,323,wor_54,plate 4,C8,Anopheles gambiae,picogreen,0.4692,Qiagen DNEasy ,Qiagen elution buffer,1,1,90
wor_55,324,26169_324,plate 4,D8,Tristan,0.356,70,6,Yes,20,None,DNA HS,0.57,,18,10.26,324,wor_55,plate 4,D8,Anopheles arabiensis,picogreen,0.356,Qiagen DNEasy ,Qiagen elution buffer,1,1,90
wor_56,325,26169_325,plate 4,E8,Tristan,0.7416,65,11,Yes,20,None,DNA HS,0.686,,18,12.348,325,wor_56,plate 4,E8,Anopheles arabiensis,picogreen,0.7416,Qiagen DNEasy ,Qiagen elution buffer,1,1,90
wor_59,326,26169_326,plate 4,F8,Tristan,0.0528,72,4,Yes,20,None,DNA HS,0.0984,,18,1.7712,326,wor_59,plate 4,F8,Anopheles arabiensis,picogreen,0.0528,Qiagen DNEasy ,Qiagen elution buffer,1,1,90
kul_2,327,26169_327,plate 4,G8,Tristan,0.6102,70,6,Yes,20,None,DNA HS,1.15,,18,20.7,327,kul_2,plate 4,G8,Anopheles coluzzii,picogreen,0.6102,Qiagen DNEasy ,Qiagen elution buffer,1,1,90
kul_3,328,26169_328,plate 4,H8,Tristan,0.7504,50,26,Yes,20,None,DNA HS,1.29,,18,23.22,328,kul_3,plate 4,H8,Anopheles arabiensis,picogreen,0.7504,Qiagen DNEasy ,Qiagen elution buffer,1,1,90
kul_4,329,26169_329,plate 4,A9,Tristan,1.3744,76,0,Yes,20,None,DNA HS,2.7,,18,48.6,329,kul_4,plate 4,A9,Anopheles gambiae,picogreen,1.3744,Qiagen DNEasy ,Qiagen elution buffer,1,1,90
kul_5,330,26169_330,plate 4,B9,Tristan,0.301,70,6,Yes,20,None,DNA HS,0.582,,18,10.476,330,kul_5,plate 4,B9,Anopheles gambiae,picogreen,0.301,Qiagen DNEasy ,Qiagen elution buffer,1,1,90
kul_6,331,26169_331,plate 4,C9,Tristan,0.4414,70,6,Yes,20,None,DNA HS,0.6,,18,10.8,331,kul_6,plate 4,C9,Anopheles gambiae,picogreen,0.4414,Qiagen DNEasy ,Qiagen elution buffer,1,1,90
kul_7,332,26169_332,plate 4,D9,Tristan,0.8192,65,11,Yes,20,None,DNA HS,1.38,,18,24.84,332,kul_7,plate 4,D9,Anopheles gambiae,picogreen,0.8192,Qiagen DNEasy ,Qiagen elution buffer,1,1,90
kul_8,333,26169_333,plate 4,E9,Tristan,0.3068,64,12,Yes,20,None,DNA HS,0.66,,18,11.88,333,kul_8,plate 4,E9,Anopheles gambiae,picogreen,0.3068,Qiagen DNEasy ,Qiagen elution buffer,1,1,90
kul_9,334,26169_334,plate 4,F9,Tristan,1.0572,70,6,Yes,20,None,DNA HS,1.01,,18,18.18,334,kul_9,plate 4,F9,Anopheles gambiae,picogreen,1.0572,Qiagen DNEasy ,Qiagen elution buffer,1,1,90
kul_10,335,26169_335,plate 4,G9,Tristan,0.9328,75,1,Yes,20,None,DNA HS,1.39,,18,25.02,335,kul_10,plate 4,G9,Anopheles gambiae,picogreen,0.9328,Qiagen DNEasy ,Qiagen elution buffer,1,1,90
kul_11,336,26169_336,plate 4,H9,Tristan,0.6212,75,1,Yes,20,None,DNA HS,1.08,,18,19.44,336,kul_11,plate 4,H9,Anopheles gambiae,picogreen,0.6212,Qiagen DNEasy ,Qiagen elution buffer,1,1,90
kul_12,337,26169_337,plate 4,A10,Tristan,1.026,66,10,Yes,20,None,DNA HS,0.694,,18,12.492,337,kul_12,plate 4,A10,Anopheles coluzzii,picogreen,1.026,Qiagen DNEasy ,Qiagen elution buffer,1,1,90
kul_15,338,26169_338,plate 4,B10,Tristan,2.21,64,12,Yes,20,None,DNA HS,4.06,,18,73.08,338,kul_15,plate 4,B10,Anopheles gambiae,picogreen,2.21,Qiagen DNEasy ,Qiagen elution buffer,1,1,91
kul_17,339,26169_339,plate 4,C10,Tristan,11.883,17,59,Yes,20,None,DNA HS,4.9,,18,88.2,339,kul_17,plate 4,C10,Anopheles gambiae,picogreen,11.883,Qiagen DNEasy ,Qiagen elution buffer,1,1,17
kul_20,340,26169_340,plate 4,D10,Tristan,5.0038,40,36,Yes,20,None,DNA HS,6.54,,18,117.72,340,kul_20,plate 4,D10,Anopheles coluzzii,picogreen,5.0038,Qiagen DNEasy ,Qiagen elution buffer,1,1,40
kul_25,341,26169_341,plate 4,E10,Tristan,11.552,18,58,Yes,20,None,DNA HS,0.055,,18,0.99,341,kul_25,plate 4,E10,Anopheles gambiae,picogreen,11.552,Qiagen DNEasy ,Qiagen elution buffer,1,1,18
kul_28,342,26169_342,plate 4,F10,Tristan,8.2296,25,51,Yes,20,None,DNA HS,6.38,,18,114.84,342,kul_28,plate 4,F10,Anopheles gambiae,picogreen,8.2296,Qiagen DNEasy ,Qiagen elution buffer,1,1,25
kul_30,343,26169_343,plate 4,G10,Tristan,10.0008,20,56,Yes,20,None,DNA HS,5.26,,18,94.68,343,kul_30,plate 4,G10,Anopheles gambiae,picogreen,10.0008,Qiagen DNEasy ,Qiagen elution buffer,1,1,20
kul_31,344,26169_344,plate 4,H10,Tristan,2.32,70,6,Yes,20,None,DNA HS,4.04,,18,72.72,344,kul_31,plate 4,H10,Anopheles coluzzii,picogreen,2.32,Qiagen DNEasy ,Qiagen elution buffer,1,1,87
kul_34,345,26169_345,plate 4,A11,Tristan,0.6688,70,6,Yes,20,None,DNA HS,0.772,,18,13.896,345,kul_34,plate 4,A11,Anopheles coluzzii,picogreen,0.6688,Qiagen DNEasy ,Qiagen elution buffer,1,1,90
kul_36,346,26169_346,plate 4,B11,Tristan,4.3908,46,30,Yes,20,None,DNA HS,6.22,,18,111.96,346,kul_36,plate 4,B11,Anopheles gambiae,picogreen,4.3908,Qiagen DNEasy ,Qiagen elution buffer,1,1,46
kul_39,347,26169_347,plate 4,C11,Tristan,9.0504,23,53,Yes,20,None,DNA HS,5.48,,18,98.64,347,kul_39,plate 4,C11,Anopheles coluzzii,picogreen,9.0504,Qiagen DNEasy ,Qiagen elution buffer,1,1,23
kul_40,348,26169_348,plate 4,D11,Tristan,0.388,71,5,Yes,20,None,DNA HS,0.362,,18,6.516,348,kul_40,plate 4,D11,Anopheles coluzzii,picogreen,0.388,Qiagen DNEasy ,Qiagen elution buffer,1,1,90
kul_42,349,26169_349,plate 4,E11,Tristan,0.3528,65,11,Yes,20,None,DNA HS,0.406,,18,7.308,349,kul_42,plate 4,E11,Anopheles arabiensis,picogreen,0.3528,Qiagen DNEasy ,Qiagen elution buffer,1,1,90
kul_43,350,26169_350,plate 4,F11,Tristan,2.7968,72,4,Yes,20,None,DNA HS,4.04,,18,72.72,350,kul_43,plate 4,F11,Anopheles coluzzii,picogreen,2.7968,Qiagen DNEasy ,Qiagen elution buffer,1,1,72
kul_44,351,26169_351,plate 4,G11,Tristan,6.7808,30,46,Yes,20,None,DNA HS,3.78,,18,68.04,351,kul_44,plate 4,G11,Anopheles coluzzii,picogreen,6.7808,Qiagen DNEasy ,Qiagen elution buffer,1,1,30
kul_46,352,26169_352,plate 4,H11,Tristan,18.6078,11,65,Yes,20,None,DNA HS,5.28,,18,95.04,352,kul_46,plate 4,H11,Anopheles gambiae,picogreen,18.6078,Qiagen DNEasy ,Qiagen elution buffer,1,1,11
kul_47,353,26169_353,plate 5,A1,Tristan,24.1934,10,65,Yes,20,None,DNA HS,5.7,,18,102.6,353,kul_47,plate 5,A1,Anopheles gambiae,picogreen,24.1934,Qiagen DNEasy ,Qiagen elution buffer,1,1,10
kul_48,354,26169_354,plate 5,B1,Tristan,20.5892,10,65,Yes,20,None,DNA HS,3.54,,18,63.72,354,kul_48,plate 5,B1,Anopheles gambiae,picogreen,20.5892,Qiagen DNEasy ,Qiagen elution buffer,1,1,10
kul_49,355,26169_355,plate 5,C1,Tristan,12.846,16,59,Yes,20,None,DNA HS,3.72,,18,66.96,355,kul_49,plate 5,C1,Anopheles gambiae,picogreen,12.846,Qiagen DNEasy ,Qiagen elution buffer,1,1,16
kul_50,356,26169_356,plate 5,D1,Tristan,10.3084,20,55,Yes,20,None,DNA HS,4.78,,18,86.04,356,kul_50,plate 5,D1,Anopheles gambiae,picogreen,10.3084,Qiagen DNEasy ,Qiagen elution buffer,1,1,20
kul_51,357,26169_357,plate 5,E1,Tristan,19.4316,11,64,Yes,20,None,DNA HS,4.7,,18,84.6,357,kul_51,plate 5,E1,Anopheles gambiae,picogreen,19.4316,Qiagen DNEasy ,Qiagen elution buffer,1,1,11
kul_53,358,26169_358,plate 5,F1,Tristan,44.6124,10,65,Yes,20,None,DNA HS,4.08,,18,73.44,358,kul_53,plate 5,F1,Anopheles gambiae,picogreen,44.6124,Qiagen DNEasy ,Qiagen elution buffer,1,1,10
kul_54,359,26169_359,plate 5,G1,Tristan,33.9252,10,65,Yes,20,None,DNA HS,4.06,,18,73.08,359,kul_54,plate 5,G1,Anopheles gambiae,picogreen,33.9252,Qiagen DNEasy ,Qiagen elution buffer,1,1,10
kul_55,360,26169_360,plate 5,H1,Tristan,25.3416,10,65,Yes,20,None,DNA HS,4.4,,18,79.2,360,kul_55,plate 5,H1,Anopheles arabiensis,picogreen,25.3416,Qiagen DNEasy ,Qiagen elution buffer,1,1,10
kul_56,361,26169_361,plate 5,A2,Tristan,21.688,10,65,Yes,20,None,DNA HS,5.54,,18,99.72,361,kul_56,plate 5,A2,Anopheles gambiae,picogreen,21.688,Qiagen DNEasy ,Qiagen elution buffer,1,1,10
kul_57,362,26169_362,plate 5,B2,Tristan,17.1512,12,63,Yes,20,None,DNA HS,4.3,,18,77.4,362,kul_57,plate 5,B2,Anopheles gambiae,picogreen,17.1512,Qiagen DNEasy ,Qiagen elution buffer,1,1,12
kul_58,363,26169_363,plate 5,C2,Tristan,33.6712,10,65,Yes,20,None,DNA HS,3.96,,18,71.28,363,kul_58,plate 5,C2,Anopheles gambiae,picogreen,33.6712,Qiagen DNEasy ,Qiagen elution buffer,1,1,10
kul_59,364,26169_364,plate 5,D2,Tristan,14.8968,14,61,Yes,20,None,DNA HS,3.98,,18,71.64,364,kul_59,plate 5,D2,Anopheles gambiae,picogreen,14.8968,Qiagen DNEasy ,Qiagen elution buffer,1,1,14
kul_60,365,26169_365,plate 5,E2,Tristan,32.8228,10,65,Yes,20,None,DNA HS,4.34,,18,78.12,365,kul_60,plate 5,E2,Anopheles gambiae,picogreen,32.8228,Qiagen DNEasy ,Qiagen elution buffer,1,1,10
tug_2,366,26169_366,plate 5,F2,Tristan,0.174,63,12,Yes,20,None,DNA HS,0.187,,18,3.366,366,tug_2,plate 5,F2,Anopheles arabiensis,picogreen,0.174,Qiagen DNEasy ,Qiagen elution buffer,1,1,90
tug_3,367,26169_367,plate 5,G2,Tristan,8.916,23,52,Yes,20,None,DNA HS,5.7,,18,102.6,367,tug_3,plate 5,G2,Anopheles coluzzii,picogreen,8.916,Qiagen DNEasy ,Qiagen elution buffer,1,1,23
tug_7,368,26169_368,plate 5,H2,Tristan,0.5128,75,0,Yes,20,None,DNA HS,0.7,,18,12.6,368,tug_7,plate 5,H2,Anopheles gambiae,picogreen,0.5128,Qiagen DNEasy ,Qiagen elution buffer,1,1,90
tug_8,369,26169_369,plate 5,A3,Tristan,0.8144,75,0,Yes,20,None,DNA HS,1.33,,18,23.94,369,tug_8,plate 5,A3,Anopheles gambiae,picogreen,0.8144,Qiagen DNEasy ,Qiagen elution buffer,1,1,90
tug_14,370,26169_370,plate 5,B3,Tristan,4.8848,41,34,Yes,20,None,DNA HS,4.46,,18,80.28,370,tug_14,plate 5,B3,Anopheles gambiae,picogreen,4.8848,Qiagen DNEasy ,Qiagen elution buffer,1,1,41
tug_15,371,26169_371,plate 5,C3,Tristan,0.2204,62,13,Yes,20,None,DNA HS,0.302,,18,5.436,371,tug_15,plate 5,C3,Anopheles gambiae,picogreen,0.2204,Qiagen DNEasy ,Qiagen elution buffer,1,1,90
tug_18,372,26169_372,plate 5,D3,Tristan,0.229,62,13,Yes,20,None,DNA HS,0.242,,18,4.356,372,tug_18,plate 5,D3,Anopheles arabiensis,picogreen,0.229,Qiagen DNEasy ,Qiagen elution buffer,1,1,90
tug_27,373,26169_373,plate 5,E3,Tristan,9.0992,22,53,Yes,20,None,DNA HS,6.1,,18,109.8,373,tug_27,plate 5,E3,Anopheles gambiae,picogreen,9.0992,Qiagen DNEasy ,Qiagen elution buffer,1,1,22
tug_29,374,26169_374,plate 5,F3,Tristan,0.212,68,7,Yes,20,None,DNA HS,0.115,,18,2.07,374,tug_29,plate 5,F3,Anopheles gambiae,picogreen,0.212,Qiagen DNEasy ,Qiagen elution buffer,1,1,90
tug_31,375,26169_375,plate 5,G3,Tristan,11.7686,17,58,Yes,20,None,DNA HS,5.02,,18,90.36,375,tug_31,plate 5,G3,Anopheles coluzzii,picogreen,11.7686,Qiagen DNEasy ,Qiagen elution buffer,1,1,17
tug_32,376,26169_376,plate 5,H3,Tristan,14.1998,15,60,Yes,20,None,DNA HS,0.149,,18,2.682,376,tug_32,plate 5,H3,Anopheles coluzzii,picogreen,14.1998,Qiagen DNEasy ,Qiagen elution buffer,1,1,15
tug_33,377,26169_377,plate 5,A4,Tristan,9.9822,21,54,Yes,20,None,DNA HS,11.2,,18,201.6,377,tug_33,plate 5,A4,Anopheles coluzzii,picogreen,9.9822,Qiagen DNEasy ,Qiagen elution buffer,1,1,21
tug_34,378,26169_378,plate 5,B4,Tristan,9.589,21,54,Yes,20,None,DNA HS,8.56,,18,154.08,378,tug_34,plate 5,B4,Anopheles coluzzii,picogreen,9.589,Qiagen DNEasy ,Qiagen elution buffer,1,1,21
tug_35,379,26169_379,plate 5,C4,Tristan,11.3676,18,57,Yes,20,None,DNA HS,2.08,,18,37.44,379,tug_35,plate 5,C4,Anopheles coluzzii,picogreen,11.3676,Qiagen DNEasy ,Qiagen elution buffer,1,1,18
tug_36,380,26169_380,plate 5,D4,Tristan,12.2238,17,58,Yes,20,None,DNA HS,6.18,,18,111.24,380,tug_36,plate 5,D4,Anopheles coluzzii,picogreen,12.2238,Qiagen DNEasy ,Qiagen elution buffer,1,1,17
tug_37,381,26169_381,plate 5,E4,Tristan,12.6432,16,59,Yes,20,None,DNA HS,3.6,,18,64.8,381,tug_37,plate 5,E4,Anopheles coluzzii,picogreen,12.6432,Qiagen DNEasy ,Qiagen elution buffer,1,1,16
tug_38,382,26169_382,plate 5,F4,Tristan,10.2724,20,55,Yes,20,None,DNA HS,4.08,,18,73.44,382,tug_38,plate 5,F4,Anopheles coluzzii,picogreen,10.2724,Qiagen DNEasy ,Qiagen elution buffer,1,1,20
tug_39,383,26169_383,plate 5,G4,Tristan,12.2324,17,58,Yes,20,None,DNA HS,2.56,,18,46.08,383,tug_39,plate 5,G4,Anopheles coluzzii,picogreen,12.2324,Qiagen DNEasy ,Qiagen elution buffer,1,1,17
tug_40,384,26169_384,plate 5,H4,Tristan,11.7144,18,57,Yes,20,None,DNA HS,3.98,,18,71.64,384,tug_40,plate 5,H4,Anopheles coluzzii,picogreen,11.7144,Qiagen DNEasy ,Qiagen elution buffer,1,1,18
tug_41,385,26169_385,plate 5,A5,Tristan,6.9612,29,46,Yes,20,None,DNA HS,2.42,,18,43.56,385,tug_41,plate 5,A5,Anopheles coluzzii,picogreen,6.9612,Qiagen DNEasy ,Qiagen elution buffer,1,1,29
tug_42,386,26169_386,plate 5,B5,Tristan,4.5044,45,30,Yes,20,None,DNA HS,3.56,,18,64.08,386,tug_42,plate 5,B5,Anopheles gambiae,picogreen,4.5044,Qiagen DNEasy ,Qiagen elution buffer,1,1,45
tug_43,387,26169_387,plate 5,C5,Tristan,12.3448,17,58,Yes,20,None,DNA HS,3.5,,18,63,387,tug_43,plate 5,C5,Anopheles gambiae,picogreen,12.3448,Qiagen DNEasy ,Qiagen elution buffer,1,1,17
tug_44,388,26169_388,plate 5,D5,Tristan,6.9568,29,46,Yes,20,None,DNA HS,3.44,,18,61.92,388,tug_44,plate 5,D5,Anopheles coluzzii,picogreen,6.9568,Qiagen DNEasy ,Qiagen elution buffer,1,1,29
tug_45,389,26169_389,plate 5,E5,Tristan,2.1824,70,5,Yes,20,None,DNA HS,3.14,,18,56.52,389,tug_45,plate 5,E5,Anopheles coluzzii,picogreen,2.1824,Qiagen DNEasy ,Qiagen elution buffer,1,1,92
tug_46,390,26169_390,plate 5,F5,Tristan,11.7768,17,58,Yes,20,None,DNA HS,8.04,,18,144.72,390,tug_46,plate 5,F5,Anopheles gambiae,picogreen,11.7768,Qiagen DNEasy ,Qiagen elution buffer,1,1,17
tug_47,391,26169_391,plate 5,G5,Tristan,8.2554,25,50,Yes,20,None,DNA HS,8.5,,18,153,391,tug_47,plate 5,G5,Anopheles gambiae,picogreen,8.2554,Qiagen DNEasy ,Qiagen elution buffer,1,1,25
tug_48,392,26169_392,plate 5,H5,Tristan,9.5598,21,54,Yes,20,None,DNA HS,4.1,,18,73.8,392,tug_48,plate 5,H5,Anopheles arabiensis,picogreen,9.5598,Qiagen DNEasy ,Qiagen elution buffer,1,1,21
tug_49,393,26169_393,plate 5,A6,Tristan,7.8672,26,49,Yes,20,None,DNA HS,6.98,,18,125.64,393,tug_49,plate 5,A6,Anopheles gambiae,picogreen,7.8672,Qiagen DNEasy ,Qiagen elution buffer,1,1,26
tug_50,394,26169_394,plate 5,B6,Tristan,9.8578,21,54,Yes,20,None,DNA HS,8.64,,18,155.52,394,tug_50,plate 5,B6,Anopheles gambiae,picogreen,9.8578,Qiagen DNEasy ,Qiagen elution buffer,1,1,21
tug_51,395,26169_395,plate 5,C6,Tristan,14.8724,14,61,Yes,20,None,DNA HS,3.24,,18,58.32,395,tug_51,plate 5,C6,Anopheles arabiensis,picogreen,14.8724,Qiagen DNEasy ,Qiagen elution buffer,1,1,14
tug_52,396,26169_396,plate 5,D6,Tristan,22.4764,10,65,Yes,20,None,DNA HS,5.16,,18,92.88,396,tug_52,plate 5,D6,Anopheles arabiensis,picogreen,22.4764,Qiagen DNEasy ,Qiagen elution buffer,1,1,10
tug_53,397,26169_397,plate 5,E6,Tristan,21.7572,10,65,Yes,20,None,DNA HS,3.82,,18,68.76,397,tug_53,plate 5,E6,Anopheles arabiensis,picogreen,21.7572,Qiagen DNEasy ,Qiagen elution buffer,1,1,10
tug_54,398,26169_398,plate 5,F6,Tristan,39.7656,10,65,Yes,20,None,DNA HS,3.24,,18,58.32,398,tug_54,plate 5,F6,Anopheles gambiae,picogreen,39.7656,Qiagen DNEasy ,Qiagen elution buffer,1,1,10
tug_55,399,26169_399,plate 5,G6,Tristan,24.198,10,65,Yes,20,None,DNA HS,4.66,,18,83.88,399,tug_55,plate 5,G6,Anopheles gambiae,picogreen,24.198,Qiagen DNEasy ,Qiagen elution buffer,1,1,10
tug_56,400,26169_400,plate 5,H6,Tristan,21.3596,10,65,Yes,20,None,DNA HS,4.34,,18,78.12,400,tug_56,plate 5,H6,Anopheles coluzzii,picogreen,21.3596,Qiagen DNEasy ,Qiagen elution buffer,1,1,10
tug_57,401,26169_401,plate 5,A7,Tristan,19.6484,11,64,Yes,20,None,DNA HS,3.12,,18,56.16,401,tug_57,plate 5,A7,Anopheles arabiensis,picogreen,19.6484,Qiagen DNEasy ,Qiagen elution buffer,1,1,11
tug_58,402,26169_402,plate 5,B7,Tristan,35.024,10,65,Yes,20,None,DNA HS,7.2,,18,129.6,402,tug_58,plate 5,B7,Anopheles arabiensis,picogreen,35.024,Qiagen DNEasy ,Qiagen elution buffer,1,1,10
tug_59,403,26169_403,plate 5,C7,Tristan,23.1524,10,65,Yes,20,None,DNA HS,4.38,,18,78.84,403,tug_59,plate 5,C7,Anopheles gambiae,picogreen,23.1524,Qiagen DNEasy ,Qiagen elution buffer,1,1,10
tug_60,404,26169_404,plate 5,D7,Tristan,28.5076,10,65,Yes,20,None,DNA HS,3.66,,18,65.88,404,tug_60,plate 5,D7,Anopheles gambiae,picogreen,28.5076,Qiagen DNEasy ,Qiagen elution buffer,1,1,10
K_C9,405,26169_405,plate 5,E7,Tristan,3.87,35,40,Yes,20,None,DNA HS,0.758,,18,13.644,405,K_C9,plate 5,E7,Anopheles gambiae,picogreen,3.87,none,200mM Tris/25mM EDTA,1,1,50
K_E9,406,26169_406,plate 5,F7,Tristan,3.33,35,40,Yes,20,None,DNA HS,0.748,,18,13.464,406,K_E9,plate 5,F7,Anopheles gambiae,picogreen,3.33,none,200mM Tris/25mM EDTA,1,1,50
K_H9,407,26169_407,plate 5,G7,Tristan,3.79,38,37,Yes,20,None,DNA HS,0.584,,18,10.512,407,K_H9,plate 5,G7,Anopheles gambiae,picogreen,3.79,none,200mM Tris/25mM EDTA,1,1,50
K_A10,408,26169_408,plate 5,H7,Tristan,3.52,38,37,Yes,20,None,DNA HS,1.07,,18,19.26,408,K_A10,plate 5,H7,Anopheles gambiae,picogreen,3.52,none,200mM Tris/25mM EDTA,1,1,50
K_B10,409,26169_409,plate 5,A8,Tristan,3.49,38,37,Yes,20,None,DNA HS,0.754,,18,13.572,409,K_B10,plate 5,A8,Anopheles gambiae,picogreen,3.49,none,200mM Tris/25mM EDTA,1,1,50
K_D10,410,26169_410,plate 5,B8,Tristan,2.79,38,37,Yes,20,None,DNA HS,0.878,,18,15.804,410,K_D10,plate 5,B8,Anopheles gambiae,picogreen,2.79,none,200mM Tris/25mM EDTA,1,1,50
K_A9,411,26169_411,plate 5,C8,Tristan,23.6,10,65,Yes,20,None,DNA HS,0.87,,18,15.66,411,K_A9,plate 5,C8,Anopheles gambiae,picogreen,23.6,none,200mM Tris/25mM EDTA,1,1,10
K_B9,412,26169_412,plate 5,D8,Tristan,19.8,10,65,Yes,20,None,DNA HS,0.814,,18,14.652,412,K_B9,plate 5,D8,Anopheles gambiae,picogreen,19.8,none,200mM Tris/25mM EDTA,1,1,10
K_D9,413,26169_413,plate 5,E8,Tristan,18.1,10,65,Yes,20,None,DNA HS,1.3,,18,23.4,413,K_D9,plate 5,E8,Anopheles gambiae,picogreen,18.1,none,200mM Tris/25mM EDTA,1,1,10
K_F9,414,26169_414,plate 5,F8,Tristan,23.1,10,65,Yes,20,None,DNA HS,0.964,,18,17.352,414,K_F9,plate 5,F8,Anopheles gambiae,picogreen,23.1,none,200mM Tris/25mM EDTA,1,1,10
K_G9,415,26169_415,plate 5,G8,Tristan,23.1,10,65,Yes,20,None,DNA HS,0.892,,18,16.056,415,K_G9,plate 5,G8,Anopheles gambiae,picogreen,23.1,none,200mM Tris/25mM EDTA,1,1,10
K_C9,416,26169_416,plate 5,H8,Tristan,27.9,10,65,Yes,20,None,DNA HS,0.942,,18,16.956,416,K_C9,plate 5,H8,Anopheles gambiae,picogreen,27.9,none,200mM Tris/25mM EDTA,1,1,10